# APEX, Llano de Chajnantor, alt. 5100m
# First column frequency in GHz.
# Following column(s) transmissions(s)
# First row PWVs
 200.000    0.968  0.944    0.899 
 200.100    0.968    0.945    0.899 
 200.200    0.968    0.945    0.899 
 200.300    0.968    0.945    0.900 
 200.400    0.968    0.945    0.900 
 200.500    0.968    0.945    0.900 
 200.600    0.968    0.945    0.900 
 200.700    0.968    0.945    0.901 
 200.800    0.968    0.946    0.901 
 200.900    0.968    0.946    0.901 
 201.000    0.968    0.946    0.901 
 201.100    0.968    0.946    0.901 
 201.200    0.968    0.946    0.901 
 201.300    0.968    0.946    0.901 
 201.400    0.968    0.946    0.901 
 201.500    0.968    0.946    0.902 
 201.600    0.968    0.946    0.902 
 201.700    0.968    0.946    0.902 
 201.800    0.968    0.946    0.902 
 201.900    0.968    0.946    0.901 
 202.000    0.968    0.946    0.901 
 202.100    0.968    0.946    0.901 
 202.200    0.968    0.946    0.901 
 202.300    0.968    0.945    0.901 
 202.400    0.968    0.945    0.900 
 202.500    0.968    0.945    0.900 
 202.600    0.968    0.945    0.900 
 202.700    0.968    0.945    0.899 
 202.800    0.968    0.944    0.899 
 202.900    0.967    0.944    0.898 
 203.000    0.967    0.944    0.898 
 203.100    0.967    0.944    0.897 
 203.200    0.967    0.943    0.897 
 203.300    0.967    0.943    0.897 
 203.400    0.966    0.943    0.896 
 203.500    0.966    0.943    0.896 
 203.600    0.967    0.944    0.897 
 203.700    0.967    0.944    0.898 
 203.800    0.968    0.944    0.899 
 203.900    0.968    0.945    0.900 
 204.000    0.968    0.945    0.900 
 204.100    0.968    0.946    0.901 
 204.200    0.968    0.946    0.902 
 204.300    0.969    0.947    0.903 
 204.400    0.969    0.947    0.904 
 204.500    0.969    0.947    0.904 
 204.600    0.969    0.948    0.905 
 204.700    0.969    0.948    0.906 
 204.800    0.969    0.948    0.906 
 204.900    0.970    0.949    0.907 
 205.000    0.970    0.949    0.907 
 205.100    0.970    0.949    0.908 
 205.200    0.970    0.949    0.908 
 205.300    0.970    0.949    0.908 
 205.400    0.970    0.950    0.909 
 205.500    0.970    0.950    0.909 
 205.600    0.970    0.950    0.909 
 205.700    0.970    0.950    0.909 
 205.800    0.970    0.950    0.910 
 205.900    0.970    0.950    0.910 
 206.000    0.969    0.949    0.909 
 206.100    0.966    0.946    0.906 
 206.200    0.968    0.948    0.908 
 206.300    0.970    0.950    0.910 
 206.400    0.970    0.950    0.911 
 206.500    0.970    0.950    0.911 
 206.600    0.970    0.951    0.911 
 206.700    0.971    0.951    0.912 
 206.800    0.971    0.951    0.912 
 206.900    0.971    0.951    0.912 
 207.000    0.971    0.951    0.912 
 207.100    0.971    0.951    0.912 
 207.200    0.971    0.951    0.912 
 207.300    0.971    0.951    0.912 
 207.400    0.971    0.951    0.913 
 207.500    0.971    0.951    0.912 
 207.600    0.971    0.951    0.913 
 207.700    0.971    0.951    0.913 
 207.800    0.971    0.951    0.913 
 207.900    0.970    0.951    0.913 
 208.000    0.970    0.951    0.912 
 208.100    0.970    0.951    0.912 
 208.200    0.969    0.950    0.912 
 208.300    0.968    0.949    0.911 
 208.400    0.966    0.947    0.909 
 208.500    0.962    0.943    0.905 
 208.600    0.945    0.927    0.889 
 208.700    0.950    0.931    0.894 
 208.800    0.963    0.944    0.906 
 208.900    0.967    0.948    0.910 
 209.000    0.969    0.950    0.912 
 209.100    0.970    0.951    0.913 
 209.200    0.970    0.951    0.913 
 209.300    0.970    0.951    0.914 
 209.400    0.971    0.952    0.914 
 209.500    0.971    0.952    0.914 
 209.600    0.971    0.952    0.914 
 209.700    0.971    0.952    0.915 
 209.800    0.971    0.952    0.915 
 209.900    0.971    0.952    0.915 
 210.000    0.971    0.952    0.915 
 210.100    0.971    0.952    0.915 
 210.200    0.970    0.952    0.914 
 210.300    0.970    0.952    0.914 
 210.400    0.969    0.950    0.912 
 210.500    0.969    0.951    0.913 
 210.600    0.969    0.950    0.913 
 210.700    0.966    0.947    0.910 
 210.800    0.952    0.934    0.897 
 210.900    0.967    0.948    0.911 
 211.000    0.969    0.951    0.913 
 211.100    0.970    0.952    0.914 
 211.200    0.971    0.952    0.915 
 211.300    0.971    0.952    0.915 
 211.400    0.971    0.953    0.915 
 211.500    0.971    0.953    0.915 
 211.600    0.972    0.953    0.916 
 211.700    0.972    0.953    0.916 
 211.800    0.972    0.953    0.916 
 211.900    0.972    0.953    0.916 
 212.000    0.972    0.953    0.916 
 212.100    0.972    0.953    0.916 
 212.200    0.972    0.953    0.916 
 212.300    0.972    0.953    0.916 
 212.400    0.972    0.953    0.916 
 212.500    0.972    0.953    0.916 
 212.600    0.972    0.953    0.916 
 212.700    0.972    0.953    0.916 
 212.800    0.972    0.953    0.916 
 212.900    0.972    0.953    0.916 
 213.000    0.972    0.953    0.916 
 213.100    0.972    0.953    0.916 
 213.200    0.972    0.953    0.916 
 213.300    0.972    0.953    0.916 
 213.400    0.972    0.953    0.916 
 213.500    0.972    0.953    0.916 
 213.600    0.972    0.953    0.916 
 213.700    0.972    0.953    0.916 
 213.800    0.972    0.953    0.916 
 213.900    0.972    0.953    0.916 
 214.000    0.971    0.953    0.916 
 214.100    0.971    0.953    0.916 
 214.200    0.971    0.953    0.916 
 214.300    0.971    0.953    0.916 
 214.400    0.971    0.952    0.915 
 214.500    0.970    0.952    0.915 
 214.600    0.970    0.951    0.914 
 214.700    0.968    0.950    0.913 
 214.800    0.965    0.947    0.910 
 214.900    0.955    0.936    0.900 
 215.000    0.952    0.934    0.897 
 215.100    0.965    0.946    0.910 
 215.200    0.968    0.950    0.913 
 215.300    0.970    0.951    0.914 
 215.400    0.970    0.952    0.915 
 215.500    0.971    0.952    0.915 
 215.600    0.971    0.953    0.916 
 215.700    0.971    0.953    0.916 
 215.800    0.971    0.953    0.916 
 215.900    0.971    0.953    0.916 
 216.000    0.971    0.953    0.916 
 216.100    0.972    0.953    0.916 
 216.200    0.972    0.953    0.916 
 216.300    0.972    0.953    0.916 
 216.400    0.972    0.953    0.916 
 216.500    0.972    0.953    0.916 
 216.600    0.972    0.953    0.916 
 216.700    0.972    0.953    0.916 
 216.800    0.972    0.953    0.916 
 216.900    0.972    0.953    0.916 
 217.000    0.972    0.953    0.916 
 217.100    0.972    0.953    0.916 
 217.200    0.972    0.953    0.916 
 217.300    0.972    0.953    0.916 
 217.400    0.972    0.953    0.916 
 217.500    0.972    0.953    0.916 
 217.600    0.972    0.953    0.916 
 217.700    0.972    0.953    0.916 
 217.800    0.972    0.953    0.916 
 217.900    0.972    0.953    0.916 
 218.000    0.972    0.953    0.916 
 218.100    0.971    0.953    0.916 
 218.200    0.972    0.953    0.916 
 218.300    0.972    0.953    0.916 
 218.400    0.972    0.953    0.916 
 218.500    0.972    0.953    0.916 
 218.600    0.972    0.953    0.916 
 218.700    0.972    0.953    0.916 
 218.800    0.972    0.953    0.916 
 218.900    0.972    0.953    0.916 
 219.000    0.972    0.953    0.916 
 219.100    0.972    0.953    0.916 
 219.200    0.972    0.953    0.916 
 219.300    0.971    0.953    0.916 
 219.400    0.972    0.953    0.916 
 219.500    0.972    0.953    0.916 
 219.600    0.972    0.953    0.916 
 219.700    0.972    0.953    0.916 
 219.800    0.972    0.953    0.916 
 219.900    0.971    0.953    0.916 
 220.000    0.971    0.953    0.916 
 220.100    0.972    0.953    0.916 
 220.200    0.972    0.953    0.916 
 220.300    0.971    0.953    0.916 
 220.400    0.971    0.953    0.916 
 220.500    0.971    0.953    0.916 
 220.600    0.971    0.953    0.916 
 220.700    0.971    0.953    0.915 
 220.800    0.971    0.953    0.915 
 220.900    0.971    0.953    0.915 
 221.000    0.971    0.953    0.915 
 221.100    0.971    0.953    0.915 
 221.200    0.971    0.953    0.915 
 221.300    0.971    0.953    0.915 
 221.400    0.971    0.953    0.915 
 221.500    0.971    0.953    0.915 
 221.600    0.971    0.953    0.915 
 221.700    0.971    0.953    0.915 
 221.800    0.971    0.953    0.915 
 221.900    0.971    0.953    0.915 
 222.000    0.971    0.953    0.915 
 222.100    0.971    0.953    0.915 
 222.200    0.971    0.953    0.915 
 222.300    0.971    0.953    0.915 
 222.400    0.971    0.952    0.915 
 222.500    0.971    0.952    0.915 
 222.600    0.971    0.952    0.915 
 222.700    0.971    0.952    0.915 
 222.800    0.971    0.952    0.915 
 222.900    0.971    0.952    0.915 
 223.000    0.971    0.952    0.915 
 223.100    0.971    0.952    0.915 
 223.200    0.971    0.952    0.914 
 223.300    0.971    0.952    0.914 
 223.400    0.971    0.952    0.914 
 223.500    0.971    0.952    0.914 
 223.600    0.971    0.952    0.914 
 223.700    0.971    0.952    0.914 
 223.800    0.971    0.952    0.914 
 223.900    0.971    0.952    0.914 
 224.000    0.971    0.952    0.914 
 224.100    0.971    0.952    0.914 
 224.200    0.971    0.952    0.914 
 224.300    0.971    0.952    0.914 
 224.400    0.971    0.952    0.914 
 224.500    0.971    0.952    0.913 
 224.600    0.971    0.951    0.913 
 224.700    0.970    0.951    0.913 
 224.800    0.970    0.951    0.913 
 224.900    0.970    0.951    0.913 
 225.000    0.970    0.951    0.913 
 225.100    0.970    0.951    0.913 
 225.200    0.970    0.951    0.912 
 225.300    0.970    0.951    0.912 
 225.400    0.970    0.951    0.912 
 225.500    0.970    0.951    0.912 
 225.600    0.970    0.950    0.911 
 225.700    0.969    0.950    0.911 
 225.800    0.968    0.949    0.910 
 225.900    0.967    0.948    0.909 
 226.000    0.962    0.942    0.904 
 226.100    0.961    0.942    0.903 
 226.200    0.967    0.948    0.909 
 226.300    0.968    0.949    0.910 
 226.400    0.969    0.950    0.911 
 226.500    0.969    0.950    0.911 
 226.600    0.970    0.950    0.912 
 226.700    0.970    0.950    0.912 
 226.800    0.970    0.951    0.912 
 226.900    0.970    0.951    0.912 
 227.000    0.970    0.951    0.912 
 227.100    0.970    0.951    0.912 
 227.200    0.970    0.951    0.912 
 227.300    0.970    0.951    0.912 
 227.400    0.970    0.951    0.912 
 227.500    0.970    0.951    0.912 
 227.600    0.970    0.951    0.912 
 227.700    0.970    0.951    0.912 
 227.800    0.970    0.951    0.912 
 227.900    0.970    0.951    0.912 
 228.000    0.970    0.951    0.912 
 228.100    0.970    0.951    0.912 
 228.200    0.970    0.951    0.912 
 228.300    0.970    0.951    0.912 
 228.400    0.970    0.951    0.912 
 228.500    0.970    0.951    0.912 
 228.600    0.970    0.950    0.912 
 228.700    0.970    0.950    0.912 
 228.800    0.970    0.950    0.912 
 228.900    0.969    0.950    0.911 
 229.000    0.969    0.950    0.911 
 229.100    0.969    0.950    0.911 
 229.200    0.969    0.950    0.911 
 229.300    0.969    0.949    0.911 
 229.400    0.968    0.949    0.910 
 229.500    0.966    0.947    0.908 
 229.600    0.962    0.943    0.904 
 229.700    0.967    0.948    0.909 
 229.800    0.968    0.949    0.910 
 229.900    0.968    0.949    0.910 
 230.000    0.968    0.949    0.910 
 230.100    0.968    0.949    0.910 
 230.200    0.968    0.949    0.910 
 230.300    0.968    0.949    0.910 
 230.400    0.968    0.949    0.910 
 230.500    0.968    0.948    0.909 
 230.600    0.967    0.948    0.909 
 230.700    0.967    0.947    0.908 
 230.800    0.966    0.946    0.907 
 230.900    0.964    0.945    0.906 
 231.000    0.962    0.942    0.904 
 231.100    0.956    0.937    0.898 
 231.200    0.940    0.921    0.883 
 231.300    0.899    0.881    0.845 
 231.400    0.948    0.929    0.891 
 231.500    0.958    0.939    0.900 
 231.600    0.962    0.943    0.904 
 231.700    0.964    0.945    0.905 
 231.800    0.965    0.945    0.906 
 231.900    0.966    0.946    0.907 
 232.000    0.966    0.946    0.907 
 232.100    0.966    0.946    0.907 
 232.200    0.966    0.946    0.907 
 232.300    0.966    0.947    0.907 
 232.400    0.966    0.946    0.907 
 232.500    0.966    0.946    0.907 
 232.600    0.965    0.946    0.906 
 232.700    0.965    0.945    0.906 
 232.800    0.964    0.945    0.905 
 232.900    0.964    0.944    0.905 
 233.000    0.963    0.943    0.904 
 233.100    0.962    0.943    0.903 
 233.200    0.961    0.942    0.902 
 233.300    0.960    0.940    0.901 
 233.400    0.959    0.939    0.900 
 233.500    0.957    0.937    0.898 
 233.600    0.955    0.935    0.896 
 233.700    0.952    0.932    0.893 
 233.800    0.947    0.928    0.889 
 233.900    0.938    0.919    0.880 
 234.000    0.939    0.920    0.881 
 234.100    0.947    0.928    0.889 
 234.200    0.951    0.932    0.892 
 234.300    0.954    0.935    0.895 
 234.400    0.956    0.937    0.897 
 234.500    0.958    0.938    0.899 
 234.600    0.959    0.939    0.900 
 234.700    0.960    0.940    0.901 
 234.800    0.961    0.941    0.901 
 234.900    0.961    0.941    0.901 
 235.000    0.961    0.941    0.901 
 235.100    0.961    0.941    0.901 
 235.200    0.960    0.940    0.901 
 235.300    0.959    0.939    0.899 
 235.400    0.956    0.937    0.897 
 235.500    0.951    0.931    0.891 
 235.600    0.935    0.916    0.877 
 235.700    0.852    0.835    0.799 
 235.800    0.931    0.912    0.873 
 235.900    0.951    0.931    0.891 
 236.000    0.958    0.938    0.898 
 236.100    0.961    0.941    0.901 
 236.200    0.963    0.943    0.902 
 236.300    0.964    0.943    0.903 
 236.400    0.964    0.944    0.903 
 236.500    0.964    0.944    0.903 
 236.600    0.963    0.943    0.902 
 236.700    0.962    0.942    0.901 
 236.800    0.960    0.940    0.900 
 236.900    0.956    0.936    0.896 
 237.000    0.945    0.925    0.885 
 237.100    0.905    0.886    0.848 
 237.200    0.911    0.892    0.854 
 237.300    0.946    0.926    0.886 
 237.400    0.956    0.936    0.896 
 237.500    0.960    0.940    0.900 
 237.600    0.962    0.942    0.901 
 237.700    0.964    0.943    0.903 
 237.800    0.965    0.944    0.903 
 237.900    0.965    0.944    0.904 
 238.000    0.965    0.945    0.904 
 238.100    0.965    0.945    0.904 
 238.200    0.966    0.945    0.904 
 238.300    0.965    0.944    0.903 
 238.400    0.962    0.942    0.901 
 238.500    0.963    0.942    0.901 
 238.600    0.962    0.942    0.901 
 238.700    0.961    0.940    0.899 
 238.800    0.958    0.937    0.896 
 238.900    0.951    0.931    0.890 
 239.000    0.932    0.912    0.873 
 239.100    0.847    0.829    0.792 
 239.200    0.936    0.916    0.876 
 239.300    0.951    0.931    0.890 
 239.400    0.957    0.936    0.895 
 239.500    0.959    0.939    0.897 
 239.600    0.960    0.939    0.898 
 239.700    0.962    0.941    0.899 
 239.800    0.962    0.941    0.900 
 239.900    0.962    0.941    0.900 
 240.000    0.962    0.941    0.900 
 240.100    0.963    0.943    0.901 
 240.200    0.964    0.943    0.901 
 240.300    0.964    0.943    0.901 
 240.400    0.964    0.943    0.901 
 240.500    0.964    0.943    0.901 
 240.600    0.965    0.944    0.902 
 240.700    0.965    0.944    0.902 
 240.800    0.965    0.944    0.902 
 240.900    0.965    0.944    0.901 
 241.000    0.965    0.944    0.902 
 241.100    0.965    0.944    0.901 
 241.200    0.963    0.942    0.900 
 241.300    0.964    0.943    0.900 
 241.400    0.964    0.943    0.901 
 241.500    0.964    0.943    0.900 
 241.600    0.964    0.943    0.900 
 241.700    0.963    0.942    0.899 
 241.800    0.962    0.941    0.898 
 241.900    0.961    0.939    0.897 
 242.000    0.958    0.937    0.894 
 242.100    0.952    0.931    0.889 
 242.200    0.938    0.917    0.876 
 242.300    0.870    0.851    0.812 
 242.400    0.926    0.905    0.864 
 242.500    0.948    0.927    0.885 
 242.600    0.955    0.934    0.892 
 242.700    0.958    0.937    0.895 
 242.800    0.960    0.939    0.896 
 242.900    0.960    0.939    0.896 
 243.000    0.960    0.938    0.896 
 243.100    0.958    0.937    0.894 
 243.200    0.954    0.933    0.891 
 243.300    0.945    0.924    0.882 
 243.400    0.913    0.893    0.853 
 243.500    0.909    0.889    0.848 
 243.600    0.945    0.924    0.882 
 243.700    0.955    0.934    0.891 
 243.800    0.959    0.937    0.895 
 243.900    0.960    0.939    0.896 
 244.000    0.960    0.939    0.896 
 244.100    0.955    0.934    0.892 
 244.200    0.954    0.933    0.890 
 244.300    0.961    0.940    0.897 
 244.400    0.963    0.942    0.899 
 244.500    0.965    0.944    0.901 
 244.600    0.966    0.944    0.901 
 244.700    0.966    0.944    0.901 
 244.800    0.966    0.944    0.901 
 244.900    0.966    0.945    0.901 
 245.000    0.966    0.945    0.901 
 245.100    0.966    0.945    0.901 
 245.200    0.966    0.945    0.902 
 245.300    0.966    0.945    0.902 
 245.400    0.966    0.945    0.902 
 245.500    0.966    0.945    0.901 
 245.600    0.966    0.945    0.901 
 245.700    0.966    0.945    0.901 
 245.800    0.966    0.944    0.901 
 245.900    0.966    0.945    0.901 
 246.000    0.966    0.945    0.901 
 246.100    0.966    0.945    0.901 
 246.200    0.966    0.944    0.901 
 246.300    0.966    0.944    0.901 
 246.400    0.966    0.944    0.901 
 246.500    0.965    0.943    0.899 
 246.600    0.966    0.944    0.900 
 246.700    0.966    0.944    0.900 
 246.800    0.965    0.944    0.900 
 246.900    0.965    0.943    0.900 
 247.000    0.965    0.943    0.899 
 247.100    0.965    0.943    0.899 
 247.200    0.964    0.942    0.899 
 247.300    0.964    0.942    0.898 
 247.400    0.963    0.941    0.897 
 247.500    0.962    0.940    0.896 
 247.600    0.959    0.938    0.894 
 247.700    0.953    0.931    0.888 
 247.800    0.948    0.926    0.883 
 247.900    0.953    0.931    0.887 
 248.000    0.948    0.926    0.883 
 248.100    0.928    0.907    0.865 
 248.200    0.871    0.851    0.811 
 248.300    0.938    0.917    0.874 
 248.400    0.952    0.930    0.887 
 248.500    0.957    0.935    0.891 
 248.600    0.960    0.938    0.894 
 248.700    0.961    0.939    0.895 
 248.800    0.961    0.939    0.895 
 248.900    0.961    0.939    0.895 
 249.000    0.961    0.939    0.895 
 249.100    0.961    0.939    0.894 
 249.200    0.961    0.939    0.894 
 249.300    0.960    0.937    0.893 
 249.400    0.957    0.935    0.891 
 249.500    0.954    0.932    0.888 
 249.600    0.946    0.924    0.881 
 249.700    0.927    0.906    0.863 
 249.800    0.866    0.846    0.806 
 249.900    0.897    0.876    0.834 
 250.000    0.890    0.869    0.828 
 250.100    0.936    0.914    0.871 
 250.200    0.949    0.927    0.883 
 250.300    0.954    0.932    0.888 
 250.400    0.958    0.936    0.891 
 250.500    0.960    0.937    0.893 
 250.600    0.961    0.939    0.894 
 250.700    0.962    0.939    0.895 
 250.800    0.963    0.941    0.896 
 250.900    0.964    0.941    0.896 
 251.000    0.965    0.942    0.897 
 251.100    0.965    0.942    0.897 
 251.200    0.965    0.942    0.897 
 251.300    0.965    0.942    0.897 
 251.400    0.965    0.942    0.897 
 251.500    0.965    0.942    0.897 
 251.600    0.965    0.942    0.897 
 251.700    0.965    0.942    0.897 
 251.800    0.965    0.942    0.897 
 251.900    0.965    0.942    0.897 
 252.000    0.965    0.942    0.897 
 252.100    0.965    0.942    0.896 
 252.200    0.965    0.942    0.896 
 252.300    0.965    0.942    0.896 
 252.400    0.965    0.942    0.896 
 252.500    0.965    0.942    0.896 
 252.600    0.965    0.942    0.896 
 252.700    0.964    0.941    0.895 
 252.800    0.964    0.941    0.896 
 252.900    0.965    0.942    0.896 
 253.000    0.965    0.942    0.896 
 253.100    0.965    0.942    0.896 
 253.200    0.965    0.942    0.896 
 253.300    0.965    0.942    0.895 
 253.400    0.965    0.941    0.895 
 253.500    0.965    0.942    0.895 
 253.600    0.965    0.941    0.895 
 253.700    0.964    0.941    0.895 
 253.800    0.964    0.941    0.895 
 253.900    0.964    0.941    0.895 
 254.000    0.964    0.941    0.895 
 254.100    0.964    0.941    0.894 
 254.200    0.964    0.941    0.894 
 254.300    0.963    0.940    0.893 
 254.400    0.964    0.941    0.894 
 254.500    0.964    0.941    0.894 
 254.600    0.964    0.941    0.894 
 254.700    0.964    0.941    0.894 
 254.800    0.964    0.941    0.894 
 254.900    0.964    0.940    0.893 
 255.000    0.964    0.941    0.893 
 255.100    0.964    0.940    0.893 
 255.200    0.964    0.940    0.893 
 255.300    0.964    0.940    0.893 
 255.400    0.964    0.940    0.893 
 255.500    0.964    0.940    0.893 
 255.600    0.964    0.940    0.893 
 255.700    0.964    0.940    0.893 
 255.800    0.964    0.940    0.893 
 255.900    0.964    0.940    0.893 
 256.000    0.964    0.940    0.893 
 256.100    0.964    0.940    0.893 
 256.200    0.964    0.940    0.893 
 256.300    0.964    0.940    0.893 
 256.400    0.964    0.940    0.893 
 256.500    0.964    0.940    0.893 
 256.600    0.964    0.940    0.892 
 256.700    0.964    0.940    0.892 
 256.800    0.964    0.940    0.892 
 256.900    0.963    0.939    0.892 
 257.000    0.964    0.940    0.892 
 257.100    0.963    0.940    0.892 
 257.200    0.963    0.940    0.892 
 257.300    0.963    0.939    0.892 
 257.400    0.963    0.939    0.891 
 257.500    0.963    0.939    0.891 
 257.600    0.962    0.938    0.891 
 257.700    0.962    0.938    0.891 
 257.800    0.962    0.938    0.890 
 257.900    0.961    0.937    0.889 
 258.000    0.960    0.936    0.888 
 258.100    0.957    0.933    0.886 
 258.200    0.944    0.920    0.873 
 258.300    0.955    0.931    0.883 
 258.400    0.955    0.931    0.883 
 258.500    0.950    0.927    0.879 
 258.600    0.938    0.915    0.868 
 258.700    0.879    0.857    0.813 
 258.800    0.930    0.907    0.860 
 258.900    0.948    0.925    0.877 
 259.000    0.955    0.931    0.883 
 259.100    0.958    0.934    0.886 
 259.200    0.959    0.935    0.887 
 259.300    0.960    0.936    0.888 
 259.400    0.961    0.937    0.888 
 259.500    0.961    0.937    0.889 
 259.600    0.962    0.937    0.889 
 259.700    0.962    0.938    0.889 
 259.800    0.963    0.938    0.890 
 259.900    0.963    0.938    0.890 
 260.000    0.963    0.938    0.890 
 260.100    0.963    0.938    0.890 
 260.200    0.963    0.938    0.890 
 260.300    0.963    0.938    0.890 
 260.400    0.963    0.938    0.890 
 260.500    0.963    0.938    0.889 
 260.600    0.963    0.938    0.889 
 260.700    0.962    0.938    0.889 
 260.800    0.962    0.938    0.889 
 260.900    0.962    0.938    0.889 
 261.000    0.962    0.938    0.889 
 261.100    0.962    0.938    0.889 
 261.200    0.962    0.938    0.889 
 261.300    0.962    0.938    0.889 
 261.400    0.962    0.938    0.889 
 261.500    0.962    0.938    0.888 
 261.600    0.962    0.938    0.888 
 261.700    0.962    0.937    0.888 
 261.800    0.962    0.937    0.888 
 261.900    0.962    0.937    0.888 
 262.000    0.962    0.937    0.888 
 262.100    0.962    0.937    0.887 
 262.200    0.961    0.937    0.887 
 262.300    0.961    0.936    0.887 
 262.400    0.961    0.936    0.886 
 262.500    0.960    0.935    0.886 
 262.600    0.959    0.934    0.885 
 262.700    0.957    0.932    0.883 
 262.800    0.950    0.926    0.877 
 262.900    0.947    0.923    0.874 
 263.000    0.955    0.931    0.881 
 263.100    0.957    0.932    0.882 
 263.200    0.956    0.931    0.881 
 263.300    0.955    0.930    0.881 
 263.400    0.953    0.928    0.879 
 263.500    0.947    0.922    0.873 
 263.600    0.930    0.906    0.858 
 263.700    0.853    0.831    0.786 
 263.800    0.933    0.909    0.860 
 263.900    0.944    0.919    0.870 
 264.000    0.953    0.928    0.878 
 264.100    0.956    0.931    0.881 
 264.200    0.957    0.932    0.882 
 264.300    0.958    0.933    0.883 
 264.400    0.959    0.933    0.883 
 264.500    0.959    0.933    0.883 
 264.600    0.959    0.933    0.883 
 264.700    0.959    0.933    0.883 
 264.800    0.957    0.931    0.881 
 264.900    0.948    0.922    0.872 
 265.000    0.954    0.929    0.878 
 265.100    0.958    0.932    0.882 
 265.200    0.959    0.934    0.883 
 265.300    0.960    0.934    0.883 
 265.400    0.960    0.934    0.883 
 265.500    0.960    0.934    0.883 
 265.600    0.960    0.934    0.883 
 265.700    0.960    0.934    0.883 
 265.800    0.960    0.934    0.883 
 265.900    0.960    0.934    0.883 
 266.000    0.960    0.934    0.883 
 266.100    0.960    0.934    0.882 
 266.200    0.960    0.934    0.882 
 266.300    0.960    0.934    0.882 
 266.400    0.960    0.933    0.882 
 266.500    0.959    0.933    0.881 
 266.600    0.959    0.933    0.881 
 266.700    0.958    0.932    0.881 
 266.800    0.957    0.931    0.880 
 266.900    0.956    0.930    0.878 
 267.000    0.953    0.927    0.876 
 267.100    0.947    0.922    0.870 
 267.200    0.928    0.903    0.853 
 267.300    0.910    0.885    0.836 
 267.400    0.944    0.918    0.867 
 267.500    0.952    0.926    0.874 
 267.600    0.955    0.929    0.877 
 267.700    0.957    0.931    0.879 
 267.800    0.958    0.932    0.880 
 267.900    0.959    0.932    0.880 
 268.000    0.959    0.933    0.881 
 268.100    0.959    0.933    0.881 
 268.200    0.959    0.933    0.881 
 268.300    0.960    0.934    0.882 
 268.400    0.960    0.934    0.882 
 268.500    0.960    0.934    0.882 
 268.600    0.960    0.933    0.881 
 268.700    0.960    0.933    0.881 
 268.800    0.960    0.934    0.881 
 268.900    0.960    0.934    0.881 
 269.000    0.960    0.934    0.881 
 269.100    0.960    0.934    0.881 
 269.200    0.960    0.934    0.881 
 269.300    0.960    0.934    0.881 
 269.400    0.960    0.934    0.881 
 269.500    0.960    0.934    0.881 
 269.600    0.960    0.934    0.881 
 269.700    0.960    0.933    0.881 
 269.800    0.960    0.933    0.881 
 269.900    0.960    0.933    0.881 
 270.000    0.960    0.933    0.881 
 270.100    0.960    0.933    0.880 
 270.200    0.960    0.933    0.880 
 270.300    0.960    0.933    0.880 
 270.400    0.960    0.933    0.880 
 270.500    0.960    0.933    0.880 
 270.600    0.960    0.933    0.880 
 270.700    0.959    0.933    0.880 
 270.800    0.959    0.933    0.879 
 270.900    0.959    0.932    0.879 
 271.000    0.959    0.932    0.879 
 271.100    0.958    0.931    0.878 
 271.200    0.959    0.932    0.879 
 271.300    0.959    0.932    0.879 
 271.400    0.959    0.932    0.879 
 271.500    0.959    0.932    0.879 
 271.600    0.959    0.932    0.878 
 271.700    0.959    0.932    0.878 
 271.800    0.959    0.932    0.878 
 271.900    0.958    0.931    0.877 
 272.000    0.958    0.931    0.878 
 272.100    0.958    0.931    0.877 
 272.200    0.958    0.931    0.877 
 272.300    0.957    0.930    0.877 
 272.400    0.957    0.930    0.876 
 272.500    0.956    0.929    0.875 
 272.600    0.955    0.928    0.874 
 272.700    0.953    0.926    0.873 
 272.800    0.950    0.923    0.869 
 272.900    0.942    0.915    0.862 
 273.000    0.913    0.887    0.836 
 273.100    0.912    0.886    0.834 
 273.200    0.941    0.914    0.861 
 273.300    0.949    0.922    0.868 
 273.400    0.953    0.925    0.871 
 273.500    0.954    0.927    0.873 
 273.600    0.955    0.928    0.874 
 273.700    0.956    0.928    0.874 
 273.800    0.956    0.928    0.874 
 273.900    0.956    0.928    0.874 
 274.000    0.955    0.928    0.873 
 274.100    0.955    0.928    0.873 
 274.200    0.953    0.926    0.872 
 274.300    0.950    0.922    0.868 
 274.400    0.938    0.911    0.858 
 274.500    0.915    0.889    0.836 
 274.600    0.945    0.918    0.864 
 274.700    0.952    0.924    0.870 
 274.800    0.954    0.927    0.872 
 274.900    0.956    0.928    0.873 
 275.000    0.956    0.928    0.874 
 275.100    0.957    0.929    0.874 
 275.200    0.957    0.929    0.874 
 275.300    0.957    0.929    0.874 
 275.400    0.957    0.929    0.874 
 275.500    0.958    0.930    0.875 
 275.600    0.958    0.930    0.875 
 275.700    0.958    0.930    0.874 
 275.800    0.958    0.930    0.874 
 275.900    0.958    0.930    0.874 
 276.000    0.958    0.930    0.874 
 276.100    0.958    0.929    0.874 
 276.200    0.957    0.929    0.874 
 276.300    0.957    0.929    0.873 
 276.400    0.957    0.929    0.873 
 276.500    0.957    0.928    0.873 
 276.600    0.956    0.928    0.872 
 276.700    0.955    0.927    0.871 
 276.800    0.952    0.924    0.868 
 276.900    0.938    0.910    0.855 
 277.000    0.948    0.920    0.865 
 277.100    0.954    0.925    0.870 
 277.200    0.955    0.927    0.871 
 277.300    0.956    0.928    0.872 
 277.400    0.956    0.928    0.872 
 277.500    0.957    0.928    0.872 
 277.600    0.957    0.928    0.872 
 277.700    0.957    0.928    0.872 
 277.800    0.957    0.928    0.872 
 277.900    0.957    0.928    0.872 
 278.000    0.957    0.928    0.872 
 278.100    0.957    0.928    0.872 
 278.200    0.957    0.928    0.872 
 278.300    0.957    0.928    0.872 
 278.400    0.957    0.928    0.871 
 278.500    0.956    0.927    0.870 
 278.600    0.956    0.928    0.871 
 278.700    0.956    0.928    0.871 
 278.800    0.956    0.928    0.871 
 278.900    0.956    0.927    0.870 
 279.000    0.956    0.927    0.870 
 279.100    0.955    0.927    0.870 
 279.200    0.955    0.926    0.869 
 279.300    0.953    0.924    0.867 
 279.400    0.949    0.920    0.863 
 279.500    0.935    0.906    0.850 
 279.600    0.950    0.921    0.864 
 279.700    0.953    0.924    0.867 
 279.800    0.953    0.924    0.867 
 279.900    0.947    0.918    0.861 
 280.000    0.954    0.925    0.867 
 280.100    0.955    0.926    0.868 
 280.200    0.956    0.926    0.869 
 280.300    0.956    0.927    0.869 
 280.400    0.956    0.927    0.869 
 280.500    0.956    0.927    0.869 
 280.600    0.956    0.927    0.869 
 280.700    0.956    0.927    0.869 
 280.800    0.956    0.927    0.869 
 280.900    0.956    0.926    0.868 
 281.000    0.954    0.925    0.867 
 281.100    0.956    0.926    0.868 
 281.200    0.956    0.926    0.868 
 281.300    0.956    0.926    0.868 
 281.400    0.956    0.926    0.868 
 281.500    0.955    0.926    0.867 
 281.600    0.955    0.926    0.868 
 281.700    0.956    0.926    0.868 
 281.800    0.956    0.926    0.867 
 281.900    0.955    0.926    0.867 
 282.000    0.955    0.926    0.867 
 282.100    0.955    0.926    0.867 
 282.200    0.955    0.925    0.867 
 282.300    0.955    0.925    0.866 
 282.400    0.955    0.925    0.866 
 282.500    0.955    0.925    0.866 
 282.600    0.954    0.924    0.865 
 282.700    0.952    0.922    0.864 
 282.800    0.945    0.915    0.857 
 282.900    0.948    0.919    0.860 
 283.000    0.953    0.923    0.864 
 283.100    0.954    0.924    0.865 
 283.200    0.954    0.924    0.865 
 283.300    0.954    0.924    0.865 
 283.400    0.955    0.924    0.865 
 283.500    0.955    0.925    0.865 
 283.600    0.955    0.925    0.865 
 283.700    0.955    0.924    0.865 
 283.800    0.955    0.924    0.865 
 283.900    0.955    0.924    0.865 
 284.000    0.955    0.924    0.865 
 284.100    0.955    0.924    0.865 
 284.200    0.955    0.924    0.864 
 284.300    0.954    0.924    0.864 
 284.400    0.954    0.924    0.864 
 284.500    0.954    0.924    0.864 
 284.600    0.954    0.924    0.864 
 284.700    0.954    0.924    0.863 
 284.800    0.954    0.923    0.863 
 284.900    0.954    0.923    0.863 
 285.000    0.954    0.923    0.863 
 285.100    0.953    0.922    0.862 
 285.200    0.952    0.921    0.861 
 285.300    0.951    0.921    0.861 
 285.400    0.951    0.920    0.860 
 285.500    0.950    0.919    0.859 
 285.600    0.948    0.917    0.857 
 285.700    0.946    0.915    0.855 
 285.800    0.942    0.911    0.851 
 285.900    0.934    0.904    0.844 
 286.000    0.914    0.884    0.826 
 286.100    0.845    0.818    0.764 
 286.200    0.875    0.846    0.790 
 286.300    0.885    0.856    0.799 
 286.400    0.928    0.898    0.839 
 286.500    0.939    0.909    0.849 
 286.600    0.944    0.913    0.853 
 286.700    0.947    0.916    0.855 
 286.800    0.948    0.917    0.856 
 286.900    0.949    0.918    0.857 
 287.000    0.950    0.919    0.858 
 287.100    0.951    0.920    0.859 
 287.200    0.952    0.921    0.859 
 287.300    0.952    0.921    0.860 
 287.400    0.952    0.921    0.859 
 287.500    0.952    0.921    0.859 
 287.600    0.952    0.921    0.859 
 287.700    0.952    0.921    0.859 
 287.800    0.952    0.920    0.859 
 287.900    0.952    0.920    0.858 
 288.000    0.951    0.920    0.858 
 288.100    0.951    0.919    0.857 
 288.200    0.950    0.919    0.857 
 288.300    0.950    0.918    0.856 
 288.400    0.949    0.917    0.855 
 288.500    0.947    0.916    0.854 
 288.600    0.944    0.913    0.851 
 288.700    0.939    0.908    0.847 
 288.800    0.928    0.897    0.836 
 288.900    0.892    0.862    0.804 
 289.000    0.874    0.845    0.787 
 289.100    0.924    0.893    0.833 
 289.200    0.938    0.906    0.845 
 289.300    0.944    0.912    0.850 
 289.400    0.946    0.915    0.852 
 289.500    0.948    0.916    0.853 
 289.600    0.949    0.917    0.854 
 289.700    0.950    0.918    0.855 
 289.800    0.950    0.918    0.855 
 289.900    0.950    0.918    0.855 
 290.000    0.952    0.919    0.856 
 290.100    0.952    0.919    0.856 
 290.200    0.952    0.919    0.856 
 290.300    0.952    0.919    0.856 
 290.400    0.952    0.919    0.856 
 290.500    0.952    0.919    0.856 
 290.600    0.951    0.919    0.855 
 290.700    0.951    0.919    0.855 
 290.800    0.951    0.918    0.854 
 290.900    0.949    0.917    0.853 
 291.000    0.946    0.914    0.850 
 291.100    0.950    0.917    0.853 
 291.200    0.951    0.918    0.854 
 291.300    0.951    0.918    0.854 
 291.400    0.951    0.918    0.854 
 291.500    0.951    0.918    0.854 
 291.600    0.951    0.918    0.854 
 291.700    0.949    0.917    0.852 
 291.800    0.951    0.918    0.853 
 291.900    0.951    0.918    0.853 
 292.000    0.951    0.918    0.853 
 292.100    0.951    0.918    0.853 
 292.200    0.950    0.917    0.853 
 292.300    0.950    0.917    0.852 
 292.400    0.950    0.917    0.852 
 292.500    0.949    0.916    0.851 
 292.600    0.949    0.916    0.851 
 292.700    0.948    0.915    0.850 
 292.800    0.947    0.913    0.849 
 292.900    0.944    0.911    0.846 
 293.000    0.939    0.906    0.841 
 293.100    0.923    0.890    0.827 
 293.200    0.901    0.869    0.807 
 293.300    0.933    0.900    0.836 
 293.400    0.939    0.906    0.841 
 293.500    0.937    0.904    0.839 
 293.600    0.939    0.905    0.840 
 293.700    0.945    0.911    0.846 
 293.800    0.947    0.913    0.848 
 293.900    0.948    0.914    0.848 
 294.000    0.948    0.915    0.849 
 294.100    0.949    0.915    0.849 
 294.200    0.950    0.916    0.850 
 294.300    0.950    0.916    0.849 
 294.400    0.950    0.916    0.849 
 294.500    0.950    0.916    0.849 
 294.600    0.950    0.916    0.849 
 294.700    0.950    0.916    0.849 
 294.800    0.950    0.916    0.849 
 294.900    0.950    0.915    0.849 
 295.000    0.949    0.915    0.849 
 295.100    0.949    0.915    0.848 
 295.200    0.949    0.915    0.848 
 295.300    0.949    0.915    0.848 
 295.400    0.949    0.915    0.848 
 295.500    0.949    0.915    0.848 
 295.600    0.949    0.915    0.847 
 295.700    0.949    0.914    0.847 
 295.800    0.949    0.914    0.847 
 295.900    0.949    0.914    0.847 
 296.000    0.949    0.914    0.846 
 296.100    0.948    0.914    0.846 
 296.200    0.948    0.914    0.846 
 296.300    0.948    0.914    0.846 
 296.400    0.948    0.913    0.845 
 296.500    0.948    0.913    0.845 
 296.600    0.948    0.913    0.845 
 296.700    0.948    0.913    0.845 
 296.800    0.947    0.913    0.844 
 296.900    0.947    0.912    0.844 
 297.000    0.947    0.912    0.844 
 297.100    0.946    0.911    0.843 
 297.200    0.945    0.910    0.842 
 297.300    0.946    0.911    0.842 
 297.400    0.945    0.910    0.842 
 297.500    0.945    0.910    0.842 
 297.600    0.945    0.910    0.841 
 297.700    0.944    0.909    0.840 
 297.800    0.944    0.908    0.840 
 297.900    0.943    0.907    0.839 
 298.000    0.942    0.906    0.838 
 298.100    0.940    0.905    0.836 
 298.200    0.939    0.904    0.835 
 298.300    0.936    0.901    0.832 
 298.400    0.932    0.897    0.828 
 298.500    0.928    0.893    0.825 
 298.600    0.934    0.899    0.830 
 298.700    0.937    0.902    0.833 
 298.800    0.939    0.903    0.834 
 298.900    0.940    0.905    0.835 
 299.000    0.941    0.906    0.836 
 299.100    0.942    0.906    0.837 
 299.200    0.943    0.907    0.837 
 299.300    0.943    0.907    0.837 
 299.400    0.943    0.907    0.837 
 299.500    0.942    0.906    0.836 
 299.600    0.944    0.908    0.837 
 299.700    0.944    0.907    0.837 
 299.800    0.944    0.908    0.837 
 299.900    0.944    0.908    0.837 
 300.000    0.944    0.908    0.837 
 300.100    0.944    0.907    0.836 
 300.200    0.943    0.907    0.836 
 300.300    0.944    0.908    0.837 
 300.400    0.943    0.907    0.836 
 300.500    0.941    0.905    0.834 
 300.600    0.936    0.899    0.828 
 300.700    0.918    0.883    0.813 
 300.800    0.937    0.901    0.830 
 300.900    0.940    0.903    0.832 
 301.000    0.941    0.904    0.833 
 301.100    0.941    0.904    0.832 
 301.200    0.940    0.903    0.831 
 301.300    0.939    0.902    0.830 
 301.400    0.936    0.899    0.828 
 301.500    0.932    0.895    0.824 
 301.600    0.923    0.886    0.816 
 301.700    0.900    0.864    0.795 
 301.800    0.787    0.755    0.695 
 301.900    0.887    0.852    0.784 
 302.000    0.919    0.882    0.811 
 302.100    0.930    0.892    0.821 
 302.200    0.934    0.897    0.825 
 302.300    0.937    0.900    0.827 
 302.400    0.938    0.901    0.828 
 302.500    0.939    0.901    0.828 
 302.600    0.939    0.901    0.828 
 302.700    0.938    0.901    0.827 
 302.800    0.937    0.899    0.826 
 302.900    0.935    0.897    0.824 
 303.000    0.928    0.890    0.817 
 303.100    0.904    0.868    0.797 
 303.200    0.885    0.849    0.779 
 303.300    0.924    0.886    0.813 
 303.400    0.933    0.895    0.821 
 303.500    0.937    0.899    0.825 
 303.600    0.939    0.901    0.826 
 303.700    0.940    0.902    0.827 
 303.800    0.941    0.902    0.827 
 303.900    0.941    0.903    0.828 
 304.000    0.942    0.903    0.828 
 304.100    0.942    0.903    0.827 
 304.200    0.943    0.903    0.828 
 304.300    0.942    0.903    0.828 
 304.400    0.942    0.903    0.827 
 304.500    0.942    0.903    0.827 
 304.600    0.941    0.902    0.826 
 304.700    0.941    0.901    0.825 
 304.800    0.939    0.900    0.824 
 304.900    0.940    0.901    0.825 
 305.000    0.941    0.901    0.825 
 305.100    0.941    0.902    0.825 
 305.200    0.942    0.902    0.825 
 305.300    0.942    0.902    0.825 
 305.400    0.942    0.902    0.825 
 305.500    0.942    0.902    0.824 
 305.600    0.942    0.902    0.824 
 305.700    0.942    0.902    0.824 
 305.800    0.942    0.902    0.824 
 305.900    0.942    0.901    0.823 
 306.000    0.942    0.901    0.823 
 306.100    0.942    0.901    0.823 
 306.200    0.942    0.901    0.823 
 306.300    0.942    0.901    0.822 
 306.400    0.942    0.901    0.822 
 306.500    0.942    0.901    0.822 
 306.600    0.942    0.901    0.822 
 306.700    0.942    0.900    0.821 
 306.800    0.941    0.900    0.821 
 306.900    0.941    0.900    0.820 
 307.000    0.941    0.900    0.820 
 307.100    0.941    0.900    0.820 
 307.200    0.941    0.899    0.819 
 307.300    0.941    0.899    0.819 
 307.400    0.941    0.899    0.818 
 307.500    0.940    0.899    0.818 
 307.600    0.940    0.898    0.818 
 307.700    0.940    0.898    0.817 
 307.800    0.940    0.898    0.817 
 307.900    0.940    0.898    0.817 
 308.000    0.940    0.898    0.816 
 308.100    0.940    0.897    0.816 
 308.200    0.940    0.897    0.815 
 308.300    0.940    0.897    0.815 
 308.400    0.939    0.896    0.814 
 308.500    0.939    0.896    0.814 
 308.600    0.939    0.895    0.813 
 308.700    0.939    0.896    0.813 
 308.800    0.939    0.895    0.812 
 308.900    0.938    0.895    0.812 
 309.000    0.938    0.895    0.811 
 309.100    0.938    0.895    0.811 
 309.200    0.938    0.894    0.810 
 309.300    0.938    0.894    0.810 
 309.400    0.937    0.893    0.809 
 309.500    0.937    0.893    0.808 
 309.600    0.937    0.893    0.808 
 309.700    0.936    0.892    0.807 
 309.800    0.936    0.891    0.806 
 309.900    0.934    0.889    0.804 
 310.000    0.928    0.884    0.799 
 310.100    0.924    0.879    0.794 
 310.200    0.932    0.887    0.801 
 310.300    0.934    0.889    0.802 
 310.400    0.935    0.889    0.803 
 310.500    0.935    0.890    0.802 
 310.600    0.935    0.889    0.802 
 310.700    0.935    0.889    0.802 
 310.800    0.935    0.889    0.801 
 310.900    0.935    0.889    0.801 
 311.000    0.935    0.889    0.800 
 311.100    0.935    0.888    0.800 
 311.200    0.935    0.888    0.799 
 311.300    0.935    0.888    0.798 
 311.400    0.934    0.887    0.798 
 311.500    0.934    0.887    0.797 
 311.600    0.934    0.887    0.796 
 311.700    0.934    0.886    0.796 
 311.800    0.934    0.886    0.795 
 311.900    0.933    0.885    0.794 
 312.000    0.933    0.885    0.794 
 312.100    0.933    0.885    0.793 
 312.200    0.933    0.884    0.792 
 312.300    0.933    0.884    0.791 
 312.400    0.932    0.883    0.790 
 312.500    0.932    0.883    0.789 
 312.600    0.932    0.882    0.789 
 312.700    0.931    0.882    0.788 
 312.800    0.931    0.881    0.787 
 312.900    0.931    0.880    0.786 
 313.000    0.930    0.880    0.785 
 313.100    0.930    0.880    0.784 
 313.200    0.930    0.879    0.783 
 313.300    0.930    0.878    0.782 
 313.400    0.929    0.878    0.781 
 313.500    0.929    0.877    0.780 
 313.600    0.928    0.876    0.779 
 313.700    0.928    0.876    0.778 
 313.800    0.928    0.875    0.777 
 313.900    0.928    0.875    0.776 
 314.000    0.927    0.874    0.774 
 314.100    0.927    0.873    0.773 
 314.200    0.927    0.873    0.772 
 314.300    0.926    0.872    0.771 
 314.400    0.926    0.871    0.770 
 314.500    0.925    0.871    0.769 
 314.600    0.925    0.870    0.768 
 314.700    0.924    0.869    0.766 
 314.800    0.924    0.868    0.765 
 314.900    0.923    0.867    0.763 
 315.000    0.922    0.866    0.761 
 315.100    0.921    0.865    0.760 
 315.200    0.920    0.863    0.758 
 315.300    0.919    0.862    0.756 
 315.400    0.918    0.860    0.753 
 315.500    0.915    0.858    0.750 
 315.600    0.912    0.854    0.746 
 315.700    0.905    0.847    0.740 
 315.800    0.886    0.829    0.723 
 315.900    0.851    0.795    0.693 
 316.000    0.892    0.834    0.725 
 316.100    0.896    0.837    0.727 
 316.200    0.886    0.827    0.718 
 316.300    0.834    0.777    0.674 
 316.400    0.870    0.811    0.702 
 316.500    0.894    0.832    0.720 
 316.600    0.900    0.837    0.723 
 316.700    0.898    0.835    0.720 
 316.800    0.905    0.841    0.724 
 316.900    0.907    0.842    0.724 
 317.000    0.907    0.841    0.721 
 317.100    0.905    0.838    0.718 
 317.200    0.893    0.827    0.706 
 317.300    0.904    0.836    0.713 
 317.400    0.906    0.838    0.713 
 317.500    0.906    0.837    0.711 
 317.600    0.906    0.835    0.708 
 317.700    0.905    0.834    0.706 
 317.800    0.904    0.832    0.702 
 317.900    0.903    0.830    0.699 
 318.000    0.902    0.828    0.696 
 318.100    0.901    0.826    0.692 
 318.200    0.900    0.824    0.689 
 318.300    0.899    0.822    0.685 
 318.400    0.897    0.819    0.681 
 318.500    0.896    0.817    0.677 
 318.600    0.895    0.814    0.672 
 318.700    0.893    0.811    0.668 
 318.800    0.891    0.808    0.663 
 318.900    0.890    0.805    0.658 
 319.000    0.888    0.802    0.653 
 319.100    0.886    0.799    0.647 
 319.200    0.883    0.795    0.641 
 319.300    0.881    0.791    0.635 
 319.400    0.878    0.786    0.628 
 319.500    0.875    0.782    0.621 
 319.600    0.871    0.776    0.614 
 319.700    0.866    0.769    0.605 
 319.800    0.859    0.760    0.594 
 319.900    0.842    0.743    0.576 
 320.000    0.764    0.672    0.517 
 320.100    0.837    0.733    0.561 
 320.200    0.847    0.739    0.561 
 320.300    0.848    0.737    0.554 
 320.400    0.846    0.732    0.546 
 320.500    0.844    0.726    0.536 
 320.600    0.840    0.720    0.526 
 320.700    0.836    0.712    0.515 
 320.800    0.832    0.705    0.505 
 320.900    0.828    0.697    0.493 
 321.000    0.824    0.690    0.483 
 321.100    0.819    0.682    0.472 
 321.200    0.814    0.675    0.461 
 321.300    0.810    0.667    0.451 
 321.400    0.805    0.659    0.441 
 321.500    0.800    0.652    0.430 
 321.600    0.796    0.644    0.420 
 321.700    0.791    0.636    0.410 
 321.800    0.785    0.627    0.398 
 321.900    0.779    0.618    0.387 
 322.000    0.772    0.607    0.374 
 322.100    0.766    0.597    0.361 
 322.200    0.758    0.585    0.347 
 322.300    0.751    0.573    0.333 
 322.400    0.742    0.560    0.318 
 322.500    0.733    0.546    0.302 
 322.600    0.722    0.531    0.285 
 322.700    0.711    0.515    0.268 
 322.800    0.700    0.498    0.251 
 322.900    0.687    0.480    0.233 
 323.000    0.673    0.461    0.215 
 323.100    0.659    0.441    0.197 
 323.200    0.643    0.420    0.179 
 323.300    0.626    0.399    0.161 
 323.400    0.608    0.376    0.143 
 323.500    0.589    0.353    0.126 
 323.600    0.569    0.329    0.110 
 323.700    0.546    0.304    0.094 
 323.800    0.525    0.281    0.080 
 323.900    0.502    0.257    0.067 
 324.000    0.479    0.233    0.055 
 324.100    0.454    0.210    0.045 
 324.200    0.430    0.188    0.036 
 324.300    0.405    0.167    0.029 
 324.400    0.381    0.148    0.022 
 324.500    0.358    0.131    0.017 
 324.600    0.337    0.116    0.014 
 324.700    0.317    0.102    0.011 
 324.800    0.300    0.092    0.009 
 324.900    0.286    0.084    0.007 
 325.000    0.276    0.078    0.006 
 325.100    0.271    0.075    0.006 
 325.200    0.270    0.075    0.006 
 325.300    0.275    0.077    0.006 
 325.400    0.284    0.083    0.007 
 325.500    0.298    0.090    0.008 
 325.600    0.314    0.101    0.010 
 325.700    0.333    0.113    0.013 
 325.800    0.354    0.128    0.017 
 325.900    0.376    0.145    0.021 
 326.000    0.400    0.163    0.027 
 326.100    0.423    0.183    0.034 
 326.200    0.447    0.205    0.043 
 326.300    0.471    0.227    0.053 
 326.400    0.493    0.250    0.064 
 326.500    0.513    0.272    0.076 
 326.600    0.533    0.294    0.089 
 326.700    0.548    0.314    0.103 
 326.800    0.549    0.327    0.115 
 326.900    0.471    0.289    0.108 
 327.000    0.584    0.369    0.147 
 327.100    0.620    0.403    0.169 
 327.200    0.643    0.428    0.189 
 327.300    0.662    0.451    0.208 
 327.400    0.677    0.471    0.227 
 327.500    0.691    0.490    0.245 
 327.600    0.704    0.508    0.263 
 327.700    0.713    0.523    0.280 
 327.800    0.716    0.533    0.294 
 327.900    0.728    0.549    0.312 
 328.000    0.746    0.570    0.332 
 328.100    0.757    0.586    0.349 
 328.200    0.766    0.599    0.365 
 328.300    0.775    0.612    0.380 
 328.400    0.782    0.624    0.395 
 328.500    0.789    0.635    0.409 
 328.600    0.796    0.645    0.422 
 328.700    0.802    0.655    0.435 
 328.800    0.808    0.664    0.448 
 328.900    0.813    0.673    0.460 
 329.000    0.818    0.682    0.471 
 329.100    0.823    0.690    0.482 
 329.200    0.827    0.697    0.493 
 329.300    0.832    0.704    0.503 
 329.400    0.836    0.711    0.512 
 329.500    0.839    0.717    0.521 
 329.600    0.843    0.723    0.530 
 329.700    0.846    0.729    0.539 
 329.800    0.849    0.734    0.546 
 329.900    0.852    0.739    0.554 
 330.000    0.855    0.744    0.562 
 330.100    0.858    0.749    0.569 
 330.200    0.860    0.753    0.576 
 330.300    0.863    0.758    0.582 
 330.400    0.865    0.762    0.588 
 330.500    0.867    0.765    0.594 
 330.600    0.869    0.769    0.600 
 330.700    0.871    0.772    0.605 
 330.800    0.873    0.776    0.611 
 330.900    0.874    0.779    0.616 
 331.000    0.876    0.782    0.620 
 331.100    0.878    0.785    0.625 
 331.200    0.879    0.787    0.629 
 331.300    0.880    0.790    0.633 
 331.400    0.882    0.792    0.637 
 331.500    0.883    0.795    0.641 
 331.600    0.884    0.797    0.645 
 331.700    0.885    0.799    0.648 
 331.800    0.885    0.800    0.651 
 331.900    0.886    0.802    0.654 
 332.000    0.886    0.803    0.657 
 332.100    0.886    0.804    0.659 
 332.200    0.886    0.805    0.661 
 332.300    0.885    0.804    0.662 
 332.400    0.882    0.802    0.662 
 332.500    0.875    0.797    0.659 
 332.600    0.856    0.780    0.646 
 332.700    0.753    0.687    0.570 
 332.800    0.840    0.767    0.638 
 332.900    0.835    0.763    0.635 
 333.000    0.875    0.800    0.667 
 333.100    0.886    0.811    0.677 
 333.200    0.891    0.816    0.683 
 333.300    0.894    0.820    0.687 
 333.400    0.896    0.822    0.690 
 333.500    0.898    0.824    0.692 
 333.600    0.899    0.826    0.695 
 333.700    0.900    0.827    0.697 
 333.800    0.902    0.829    0.699 
 333.900    0.903    0.831    0.701 
 334.000    0.903    0.832    0.702 
 334.100    0.904    0.833    0.704 
 334.200    0.904    0.833    0.705 
 334.300    0.905    0.834    0.707 
 334.400    0.905    0.835    0.708 
 334.500    0.906    0.836    0.709 
 334.600    0.906    0.836    0.710 
 334.700    0.906    0.837    0.711 
 334.800    0.906    0.837    0.712 
 334.900    0.906    0.837    0.713 
 335.000    0.906    0.837    0.713 
 335.100    0.904    0.836    0.713 
 335.200    0.899    0.831    0.709 
 335.300    0.891    0.824    0.704 
 335.400    0.903    0.836    0.714 
 335.500    0.906    0.839    0.717 
 335.600    0.908    0.841    0.719 
 335.700    0.908    0.841    0.720 
 335.800    0.909    0.842    0.721 
 335.900    0.909    0.843    0.722 
 336.000    0.910    0.844    0.723 
 336.100    0.910    0.844    0.724 
 336.200    0.910    0.844    0.724 
 336.300    0.911    0.845    0.725 
 336.400    0.911    0.846    0.726 
 336.500    0.911    0.846    0.727 
 336.600    0.912    0.847    0.727 
 336.700    0.912    0.847    0.728 
 336.800    0.912    0.847    0.729 
 336.900    0.912    0.848    0.729 
 337.000    0.912    0.848    0.730 
 337.100    0.912    0.848    0.730 
 337.200    0.913    0.849    0.731 
 337.300    0.913    0.849    0.732 
 337.400    0.913    0.849    0.732 
 337.500    0.913    0.849    0.733 
 337.600    0.913    0.849    0.733 
 337.700    0.913    0.850    0.733 
 337.800    0.914    0.850    0.734 
 337.900    0.914    0.851    0.734 
 338.000    0.914    0.851    0.735 
 338.100    0.914    0.851    0.735 
 338.200    0.914    0.851    0.736 
 338.300    0.914    0.851    0.736 
 338.400    0.914    0.851    0.736 
 338.500    0.914    0.852    0.736 
 338.600    0.914    0.852    0.737 
 338.700    0.913    0.851    0.736 
 338.800    0.914    0.852    0.737 
 338.900    0.914    0.852    0.737 
 339.000    0.915    0.852    0.738 
 339.100    0.915    0.853    0.738 
 339.200    0.915    0.853    0.738 
 339.300    0.915    0.853    0.738 
 339.400    0.915    0.853    0.739 
 339.500    0.915    0.853    0.739 
 339.600    0.915    0.853    0.739 
 339.700    0.915    0.853    0.739 
 339.800    0.915    0.853    0.739 
 339.900    0.915    0.853    0.739 
 340.000    0.915    0.853    0.739 
 340.100    0.915    0.853    0.739 
 340.200    0.915    0.853    0.740 
 340.300    0.915    0.853    0.740 
 340.400    0.915    0.853    0.740 
 340.500    0.915    0.853    0.740 
 340.600    0.915    0.853    0.740 
 340.700    0.915    0.853    0.740 
 340.800    0.915    0.853    0.740 
 340.900    0.915    0.854    0.740 
 341.000    0.915    0.854    0.740 
 341.100    0.915    0.854    0.740 
 341.200    0.915    0.854    0.740 
 341.300    0.915    0.853    0.740 
 341.400    0.915    0.853    0.740 
 341.500    0.915    0.853    0.740 
 341.600    0.915    0.853    0.740 
 341.700    0.915    0.853    0.740 
 341.800    0.915    0.853    0.740 
 341.900    0.915    0.853    0.739 
 342.000    0.915    0.853    0.739 
 342.100    0.914    0.853    0.739 
 342.200    0.914    0.853    0.739 
 342.300    0.914    0.853    0.739 
 342.400    0.914    0.852    0.739 
 342.500    0.914    0.852    0.738 
 342.600    0.914    0.852    0.738 
 342.700    0.913    0.851    0.738 
 342.800    0.912    0.851    0.737 
 342.900    0.911    0.850    0.736 
 343.000    0.909    0.848    0.734 
 343.100    0.904    0.842    0.730 
 343.200    0.884    0.824    0.713 
 343.300    0.897    0.836    0.724 
 343.400    0.905    0.844    0.730 
 343.500    0.899    0.838    0.726 
 343.600    0.909    0.847    0.733 
 343.700    0.911    0.849    0.735 
 343.800    0.912    0.850    0.736 
 343.900    0.913    0.850    0.736 
 344.000    0.913    0.851    0.736 
 344.100    0.913    0.851    0.736 
 344.200    0.913    0.851    0.736 
 344.300    0.913    0.851    0.736 
 344.400    0.913    0.851    0.736 
 344.500    0.913    0.851    0.736 
 344.600    0.913    0.851    0.736 
 344.700    0.913    0.851    0.736 
 344.800    0.913    0.851    0.735 
 344.900    0.913    0.850    0.735 
 345.000    0.913    0.850    0.735 
 345.100    0.913    0.850    0.735 
 345.200    0.913    0.850    0.734 
 345.300    0.913    0.850    0.734 
 345.400    0.913    0.850    0.734 
 345.500    0.913    0.850    0.734 
 345.600    0.913    0.850    0.733 
 345.700    0.913    0.849    0.733 
 345.800    0.912    0.849    0.733 
 345.900    0.912    0.849    0.733 
 346.000    0.912    0.849    0.732 
 346.100    0.912    0.849    0.732 
 346.200    0.912    0.849    0.732 
 346.300    0.912    0.848    0.731 
 346.400    0.912    0.848    0.731 
 346.500    0.912    0.848    0.731 
 346.600    0.912    0.848    0.731 
 346.700    0.912    0.848    0.730 
 346.800    0.911    0.847    0.730 
 346.900    0.911    0.847    0.729 
 347.000    0.911    0.847    0.729 
 347.100    0.911    0.847    0.729 
 347.200    0.911    0.846    0.728 
 347.300    0.911    0.846    0.728 
 347.400    0.911    0.846    0.728 
 347.500    0.911    0.846    0.727 
 347.600    0.910    0.846    0.727 
 347.700    0.910    0.845    0.727 
 347.800    0.910    0.845    0.726 
 347.900    0.910    0.845    0.726 
 348.000    0.910    0.845    0.726 
 348.100    0.910    0.845    0.725 
 348.200    0.910    0.844    0.725 
 348.300    0.909    0.844    0.724 
 348.400    0.909    0.844    0.724 
 348.500    0.909    0.844    0.724 
 348.600    0.909    0.843    0.723 
 348.700    0.909    0.843    0.723 
 348.800    0.909    0.843    0.722 
 348.900    0.908    0.842    0.722 
 349.000    0.908    0.842    0.721 
 349.100    0.908    0.842    0.721 
 349.200    0.908    0.842    0.720 
 349.300    0.908    0.841    0.720 
 349.400    0.907    0.841    0.719 
 349.500    0.907    0.840    0.719 
 349.600    0.906    0.840    0.718 
 349.700    0.905    0.838    0.716 
 349.800    0.905    0.838    0.716 
 349.900    0.906    0.839    0.717 
 350.000    0.906    0.839    0.716 
 350.100    0.906    0.839    0.716 
 350.200    0.906    0.838    0.716 
 350.300    0.906    0.838    0.715 
 350.400    0.905    0.838    0.714 
 350.500    0.905    0.837    0.714 
 350.600    0.905    0.837    0.713 
 350.700    0.905    0.837    0.713 
 350.800    0.905    0.836    0.712 
 350.900    0.904    0.836    0.712 
 351.000    0.904    0.835    0.711 
 351.100    0.904    0.835    0.710 
 351.200    0.903    0.834    0.710 
 351.300    0.903    0.834    0.709 
 351.400    0.902    0.833    0.708 
 351.500    0.901    0.832    0.707 
 351.600    0.900    0.831    0.706 
 351.700    0.899    0.830    0.704 
 351.800    0.897    0.828    0.702 
 351.900    0.895    0.825    0.700 
 352.000    0.891    0.822    0.697 
 352.100    0.883    0.815    0.690 
 352.200    0.866    0.799    0.676 
 352.300    0.793    0.731    0.619 
 352.400    0.843    0.777    0.657 
 352.500    0.864    0.797    0.674 
 352.600    0.845    0.779    0.658 
 352.700    0.867    0.798    0.675 
 352.800    0.823    0.758    0.640 
 352.900    0.870    0.801    0.677 
 353.000    0.885    0.815    0.688 
 353.100    0.891    0.820    0.691 
 353.200    0.893    0.821    0.693 
 353.300    0.893    0.822    0.693 
 353.400    0.896    0.824    0.694 
 353.500    0.896    0.824    0.694 
 353.600    0.897    0.825    0.694 
 353.700    0.897    0.824    0.694 
 353.800    0.897    0.824    0.693 
 353.900    0.897    0.824    0.693 
 354.000    0.897    0.824    0.692 
 354.100    0.897    0.823    0.691 
 354.200    0.896    0.823    0.690 
 354.300    0.896    0.822    0.689 
 354.400    0.895    0.821    0.688 
 354.500    0.894    0.820    0.687 
 354.600    0.893    0.819    0.686 
 354.700    0.891    0.817    0.684 
 354.800    0.887    0.813    0.680 
 354.900    0.878    0.805    0.673 
 355.000    0.838    0.767    0.641 
 355.100    0.871    0.797    0.666 
 355.200    0.884    0.809    0.675 
 355.300    0.888    0.813    0.678 
 355.400    0.890    0.814    0.679 
 355.500    0.891    0.815    0.679 
 355.600    0.891    0.815    0.678 
 355.700    0.891    0.815    0.678 
 355.800    0.891    0.814    0.677 
 355.900    0.891    0.814    0.676 
 356.000    0.890    0.813    0.675 
 356.100    0.890    0.812    0.674 
 356.200    0.890    0.812    0.674 
 356.300    0.890    0.812    0.673 
 356.400    0.887    0.809    0.670 
 356.500    0.888    0.810    0.670 
 356.600    0.888    0.809    0.670 
 356.700    0.888    0.809    0.668 
 356.800    0.887    0.808    0.667 
 356.900    0.886    0.807    0.666 
 357.000    0.885    0.806    0.665 
 357.100    0.884    0.804    0.663 
 357.200    0.882    0.802    0.660 
 357.300    0.879    0.799    0.657 
 357.400    0.874    0.794    0.653 
 357.500    0.863    0.784    0.644 
 357.600    0.818    0.743    0.610 
 357.700    0.844    0.766    0.629 
 357.800    0.864    0.784    0.643 
 357.900    0.869    0.788    0.646 
 358.000    0.867    0.786    0.644 
 358.100    0.858    0.777    0.636 
 358.200    0.794    0.720    0.588 
 358.300    0.855    0.775    0.633 
 358.400    0.862    0.780    0.637 
 358.500    0.861    0.779    0.635 
 358.600    0.853    0.772    0.628 
 358.700    0.833    0.753    0.613 
 358.800    0.765    0.691    0.562 
 358.900    0.755    0.682    0.554 
 359.000    0.830    0.750    0.608 
 359.100    0.851    0.768    0.623 
 359.200    0.859    0.775    0.628 
 359.300    0.862    0.777    0.629 
 359.400    0.862    0.776    0.628 
 359.500    0.856    0.771    0.623 
 359.600    0.829    0.746    0.602 
 359.700    0.831    0.747    0.602 
 359.800    0.857    0.771    0.621 
 359.900    0.865    0.778    0.626 
 360.000    0.868    0.780    0.626 
 360.100    0.869    0.780    0.626 
 360.200    0.869    0.780    0.626 
 360.300    0.869    0.780    0.625 
 360.400    0.869    0.779    0.623 
 360.500    0.869    0.778    0.622 
 360.600    0.868    0.778    0.621 
 360.700    0.868    0.777    0.620 
 360.800    0.868    0.776    0.618 
 360.900    0.867    0.775    0.616 
 361.000    0.866    0.774    0.615 
 361.100    0.865    0.772    0.613 
 361.200    0.864    0.771    0.611 
 361.300    0.863    0.769    0.609 
 361.400    0.861    0.767    0.607 
 361.500    0.858    0.764    0.603 
 361.600    0.851    0.757    0.597 
 361.700    0.842    0.748    0.589 
 361.800    0.854    0.759    0.597 
 361.900    0.856    0.760    0.597 
 362.000    0.857    0.760    0.596 
 362.100    0.856    0.759    0.594 
 362.200    0.855    0.758    0.592 
 362.300    0.854    0.756    0.590 
 362.400    0.854    0.755    0.589 
 362.500    0.853    0.754    0.587 
 362.600    0.851    0.752    0.584 
 362.700    0.851    0.751    0.582 
 362.800    0.849    0.749    0.580 
 362.900    0.848    0.747    0.577 
 363.000    0.846    0.745    0.575 
 363.100    0.844    0.742    0.572 
 363.200    0.841    0.739    0.569 
 363.300    0.836    0.735    0.564 
 363.400    0.824    0.723    0.554 
 363.500    0.805    0.706    0.540 
 363.600    0.825    0.723    0.552 
 363.700    0.827    0.724    0.552 
 363.800    0.828    0.724    0.551 
 363.900    0.826    0.721    0.548 
 364.000    0.822    0.717    0.543 
 364.100    0.816    0.711    0.538 
 364.200    0.805    0.701    0.529 
 364.300    0.782    0.681    0.512 
 364.400    0.705    0.613    0.460 
 364.500    0.710    0.616    0.462 
 364.600    0.778    0.674    0.505 
 364.700    0.796    0.689    0.515 
 364.800    0.803    0.694    0.517 
 364.900    0.805    0.695    0.517 
 365.000    0.805    0.695    0.515 
 365.100    0.804    0.693    0.512 
 365.200    0.802    0.690    0.509 
 365.300    0.799    0.687    0.506 
 365.400    0.797    0.684    0.502 
 365.500    0.795    0.682    0.499 
 365.600    0.791    0.678    0.495 
 365.700    0.787    0.673    0.490 
 365.800    0.782    0.668    0.485 
 365.900    0.778    0.663    0.480 
 366.000    0.772    0.658    0.475 
 366.100    0.766    0.652    0.469 
 366.200    0.760    0.645    0.463 
 366.300    0.752    0.638    0.456 
 366.400    0.743    0.629    0.449 
 366.500    0.733    0.619    0.440 
 366.600    0.718    0.606    0.429 
 366.700    0.690    0.581    0.411 
 366.800    0.644    0.541    0.381 
 366.900    0.678    0.569    0.399 
 367.000    0.673    0.564    0.394 
 367.100    0.660    0.552    0.384 
 367.200    0.643    0.537    0.372 
 367.300    0.622    0.519    0.358 
 367.400    0.598    0.498    0.342 
 367.500    0.570    0.473    0.324 
 367.600    0.537    0.445    0.304 
 367.700    0.499    0.413    0.280 
 367.800    0.455    0.376    0.254 
 367.900    0.404    0.333    0.224 
 368.000    0.347    0.285    0.191 
 368.100    0.283    0.232    0.155 
 368.200    0.213    0.174    0.116 
 368.300    0.141    0.115    0.076 
 368.400    0.070    0.057    0.037 
 368.500    0.006    0.005    0.003 
 368.600    0.071    0.058    0.038 
 368.700    0.141    0.114    0.074 
 368.800    0.211    0.170    0.109 
 368.900    0.276    0.221    0.142 
 369.000    0.336    0.269    0.171 
 369.100    0.391    0.312    0.198 
 369.200    0.438    0.349    0.220 
 369.300    0.478    0.379    0.237 
 369.400    0.512    0.405    0.252 
 369.500    0.541    0.426    0.263 
 369.600    0.565    0.444    0.272 
 369.700    0.585    0.458    0.279 
 369.800    0.602    0.470    0.284 
 369.900    0.616    0.479    0.288 
 370.000    0.628    0.486    0.290 
 370.100    0.637    0.492    0.291 
 370.200    0.645    0.496    0.291 
 370.300    0.652    0.499    0.290 
 370.400    0.657    0.500    0.289 
 370.500    0.660    0.501    0.286 
 370.600    0.663    0.500    0.284 
 370.700    0.664    0.499    0.280 
 370.800    0.662    0.495    0.276 
 370.900    0.655    0.488    0.269 
 371.000    0.616    0.457    0.249 
 371.100    0.646    0.476    0.257 
 371.200    0.661    0.484    0.258 
 371.300    0.665    0.484    0.256 
 371.400    0.666    0.482    0.252 
 371.500    0.665    0.479    0.247 
 371.600    0.664    0.475    0.242 
 371.700    0.662    0.471    0.237 
 371.800    0.660    0.466    0.231 
 371.900    0.657    0.461    0.226 
 372.000    0.654    0.456    0.220 
 372.100    0.651    0.451    0.214 
 372.200    0.648    0.445    0.208 
 372.300    0.644    0.439    0.202 
 372.400    0.640    0.432    0.196 
 372.500    0.635    0.426    0.190 
 372.600    0.631    0.419    0.184 
 372.700    0.626    0.412    0.177 
 372.800    0.621    0.405    0.171 
 372.900    0.615    0.397    0.164 
 373.000    0.609    0.389    0.158 
 373.100    0.604    0.382    0.152 
 373.200    0.598    0.374    0.145 
 373.300    0.591    0.366    0.139 
 373.400    0.585    0.357    0.132 
 373.500    0.578    0.349    0.126 
 373.600    0.571    0.340    0.120 
 373.700    0.564    0.331    0.113 
 373.800    0.556    0.322    0.107 
 373.900    0.548    0.313    0.101 
 374.000    0.540    0.303    0.095 
 374.100    0.531    0.294    0.089 
 374.200    0.522    0.284    0.083 
 374.300    0.513    0.274    0.077 
 374.400    0.504    0.264    0.072 
 374.500    0.494    0.254    0.066 
 374.600    0.483    0.243    0.061 
 374.700    0.472    0.233    0.056 
 374.800    0.461    0.222    0.051 
 374.900    0.448    0.210    0.046 
 375.000    0.432    0.198    0.041 
 375.100    0.406    0.181    0.036 
 375.200    0.365    0.159    0.030 
 375.300    0.391    0.165    0.029 
 375.400    0.387    0.158    0.026 
 375.500    0.378    0.149    0.023 
 375.600    0.366    0.140    0.020 
 375.700    0.354    0.130    0.017 
 375.800    0.340    0.120    0.015 
 375.900    0.326    0.110    0.013 
 376.000    0.311    0.101    0.010 
 376.100    0.296    0.092    0.009 
 376.200    0.277    0.082    0.007 
 376.300    0.265    0.074    0.006 
 376.400    0.254    0.067    0.005 
 376.500    0.239    0.059    0.004 
 376.600    0.225    0.052    0.003 
 376.700    0.209    0.045    0.002 
 376.800    0.194    0.039    0.002 
 376.900    0.179    0.033    0.001 
 377.000    0.164    0.028    0.001 
 377.100    0.150    0.023    0.001 
 377.200    0.135    0.019    0.000 
 377.300    0.121    0.015    0.000 
 377.400    0.108    0.012    0.000 
 377.500    0.095    0.009    0.000 
 377.600    0.083    0.007    0.000 
 377.700    0.071    0.005    0.000 
 377.800    0.060    0.004    0.000 
 377.900    0.050    0.003    0.000 
 378.000    0.041    0.002    0.000 
 378.100    0.033    0.001    0.000 
 378.200    0.026    0.001    0.000 
 378.300    0.018    0.000    0.000 
 378.400    0.015    0.000    0.000 
 378.500    0.012    0.000    0.000 
 378.600    0.008    0.000    0.000 
 378.700    0.006    0.000    0.000 
 378.800    0.004    0.000    0.000 
 378.900    0.003    0.000    0.000 
 379.000    0.002    0.000    0.000 
 379.100    0.001    0.000    0.000 
 379.200    0.001    0.000    0.000 
 379.300    0.000    0.000    0.000 
 379.400    0.000    0.000    0.000 
 379.500    0.000    0.000    0.000 
 379.600    0.000    0.000    0.000 
 379.700    0.000    0.000    0.000 
 379.800    0.000    0.000    0.000 
 379.900    0.000    0.000    0.000 
 380.000    0.000    0.000    0.000 
 380.100    0.000    0.000    0.000 
 380.200    0.000    0.000    0.000 
 380.300    0.000    0.000    0.000 
 380.400    0.000    0.000    0.000 
 380.500    0.000    0.000    0.000 
 380.600    0.000    0.000    0.000 
 380.700    0.000    0.000    0.000 
 380.800    0.000    0.000    0.000 
 380.900    0.000    0.000    0.000 
 381.000    0.000    0.000    0.000 
 381.100    0.000    0.000    0.000 
 381.200    0.001    0.000    0.000 
 381.300    0.001    0.000    0.000 
 381.400    0.002    0.000    0.000 
 381.500    0.003    0.000    0.000 
 381.600    0.004    0.000    0.000 
 381.700    0.006    0.000    0.000 
 381.800    0.008    0.000    0.000 
 381.900    0.011    0.000    0.000 
 382.000    0.015    0.000    0.000 
 382.100    0.020    0.000    0.000 
 382.200    0.025    0.001    0.000 
 382.300    0.032    0.001    0.000 
 382.400    0.039    0.002    0.000 
 382.500    0.048    0.002    0.000 
 382.600    0.057    0.003    0.000 
 382.700    0.067    0.005    0.000 
 382.800    0.078    0.006    0.000 
 382.900    0.090    0.008    0.000 
 383.000    0.102    0.011    0.000 
 383.100    0.115    0.013    0.000 
 383.200    0.128    0.017    0.000 
 383.300    0.142    0.021    0.000 
 383.400    0.156    0.025    0.001 
 383.500    0.170    0.030    0.001 
 383.600    0.184    0.035    0.001 
 383.700    0.199    0.041    0.002 
 383.800    0.214    0.047    0.002 
 383.900    0.228    0.053    0.003 
 384.000    0.243    0.060    0.004 
 384.100    0.257    0.068    0.005 
 384.200    0.271    0.075    0.006 
 384.300    0.285    0.083    0.007 
 384.400    0.299    0.092    0.009 
 384.500    0.313    0.100    0.010 
 384.600    0.326    0.109    0.012 
 384.700    0.339    0.118    0.014 
 384.800    0.353    0.127    0.016 
 384.900    0.365    0.137    0.019 
 385.000    0.378    0.146    0.022 
 385.100    0.390    0.156    0.025 
 385.200    0.401    0.165    0.028 
 385.300    0.413    0.175    0.031 
 385.400    0.424    0.185    0.035 
 385.500    0.435    0.194    0.038 
 385.600    0.446    0.204    0.042 
 385.700    0.456    0.213    0.046 
 385.800    0.466    0.223    0.050 
 385.900    0.476    0.232    0.055 
 386.000    0.485    0.242    0.059 
 386.100    0.494    0.251    0.064 
 386.200    0.503    0.260    0.069 
 386.300    0.512    0.269    0.074 
 386.400    0.520    0.278    0.079 
 386.500    0.528    0.287    0.084 
 386.600    0.536    0.296    0.089 
 386.700    0.543    0.304    0.095 
 386.800    0.549    0.312    0.100 
 386.900    0.555    0.319    0.105 
 387.000    0.557    0.325    0.109 
 387.100    0.541    0.319    0.110 
 387.200    0.557    0.333    0.118 
 387.300    0.533    0.322    0.116 
 387.400    0.578    0.353    0.130 
 387.500    0.592    0.365    0.138 
 387.600    0.601    0.375    0.144 
 387.700    0.609    0.383    0.150 
 387.800    0.615    0.391    0.156 
 387.900    0.621    0.398    0.162 
 388.000    0.627    0.405    0.167 
 388.100    0.633    0.412    0.173 
 388.200    0.638    0.418    0.178 
 388.300    0.643    0.425    0.184 
 388.400    0.648    0.431    0.189 
 388.500    0.652    0.437    0.194 
 388.600    0.656    0.442    0.200 
 388.700    0.660    0.448    0.205 
 388.800    0.664    0.453    0.209 
 388.900    0.668    0.458    0.214 
 389.000    0.671    0.463    0.219 
 389.100    0.675    0.468    0.223 
 389.200    0.678    0.473    0.228 
 389.300    0.681    0.477    0.232 
 389.400    0.684    0.481    0.236 
 389.500    0.687    0.485    0.240 
 389.600    0.690    0.489    0.244 
 389.700    0.692    0.493    0.248 
 389.800    0.695    0.496    0.251 
 389.900    0.697    0.500    0.255 
 390.000    0.699    0.503    0.258 
 390.100    0.702    0.506    0.262 
 390.200    0.704    0.510    0.265 
 390.300    0.706    0.513    0.269 
 390.400    0.709    0.516    0.272 
 390.500    0.711    0.520    0.276 
 390.600    0.714    0.524    0.280 
 390.700    0.716    0.528    0.285 
 390.800    0.719    0.532    0.289 
 390.900    0.722    0.536    0.294 
 391.000    0.725    0.541    0.299 
 391.100    0.728    0.545    0.304 
 391.200    0.731    0.549    0.309 
 391.300    0.733    0.554    0.314 
 391.400    0.736    0.558    0.319 
 391.500    0.739    0.562    0.324 
 391.600    0.742    0.567    0.329 
 391.700    0.744    0.571    0.333 
 391.800    0.746    0.574    0.338 
 391.900    0.748    0.578    0.342 
 392.000    0.750    0.581    0.347 
 392.100    0.752    0.584    0.351 
 392.200    0.753    0.587    0.355 
 392.300    0.752    0.588    0.358 
 392.400    0.749    0.588    0.359 
 392.500    0.740    0.582    0.358 
 392.600    0.702    0.553    0.342 
 392.700    0.696    0.550    0.342 
 392.800    0.744    0.590    0.368 
 392.900    0.758    0.603    0.378 
 393.000    0.765    0.610    0.384 
 393.100    0.770    0.615    0.389 
 393.200    0.773    0.618    0.393 
 393.300    0.776    0.622    0.397 
 393.400    0.778    0.625    0.401 
 393.500    0.780    0.628    0.405 
 393.600    0.782    0.631    0.408 
 393.700    0.785    0.634    0.412 
 393.800    0.786    0.636    0.415 
 393.900    0.787    0.639    0.418 
 394.000    0.789    0.641    0.420 
 394.100    0.790    0.643    0.423 
 394.200    0.791    0.645    0.426 
 394.300    0.792    0.647    0.429 
 394.400    0.794    0.649    0.431 
 394.500    0.795    0.651    0.434 
 394.600    0.796    0.653    0.436 
 394.700    0.796    0.654    0.439 
 394.800    0.797    0.656    0.441 
 394.900    0.797    0.656    0.443 
 395.000    0.793    0.654    0.443 
 395.100    0.791    0.653    0.443 
 395.200    0.799    0.661    0.449 
 395.300    0.802    0.664    0.452 
 395.400    0.803    0.666    0.455 
 395.500    0.804    0.667    0.457 
 395.600    0.805    0.669    0.459 
 395.700    0.806    0.670    0.461 
 395.800    0.807    0.672    0.463 
 395.900    0.807    0.673    0.465 
 396.000    0.808    0.674    0.467 
 396.100    0.808    0.675    0.468 
 396.200    0.807    0.675    0.469 
 396.300    0.805    0.674    0.470 
 396.400    0.800    0.670    0.468 
 396.500    0.771    0.646    0.452 
 396.600    0.790    0.663    0.465 
 396.700    0.804    0.676    0.474 
 396.800    0.808    0.679    0.478 
 396.900    0.807    0.680    0.479 
 397.000    0.794    0.669    0.472 
 397.100    0.806    0.679    0.480 
 397.200    0.813    0.686    0.486 
 397.300    0.815    0.689    0.488 
 397.400    0.817    0.690    0.490 
 397.500    0.818    0.692    0.492 
 397.600    0.819    0.693    0.494 
 397.700    0.820    0.694    0.495 
 397.800    0.820    0.695    0.497 
 397.900    0.821    0.696    0.498 
 398.000    0.821    0.697    0.500 
 398.100    0.822    0.698    0.501 
 398.200    0.823    0.699    0.502 
 398.300    0.823    0.700    0.504 
 398.400    0.823    0.701    0.505 
 398.500    0.824    0.701    0.506 
 398.600    0.824    0.702    0.507 
 398.700    0.824    0.703    0.508 
 398.800    0.824    0.703    0.509 
 398.900    0.825    0.704    0.510 
 399.000    0.825    0.704    0.511 
 399.100    0.824    0.704    0.512 
 399.200    0.824    0.704    0.512 
 399.300    0.823    0.704    0.513 
 399.400    0.824    0.705    0.514 
 399.500    0.823    0.705    0.514 
 399.600    0.822    0.705    0.514 
 399.700    0.821    0.704    0.514 
 399.800    0.818    0.701    0.513 
 399.900    0.811    0.696    0.509 
 400.000    0.791    0.679    0.497 
 400.100    0.752    0.646    0.474 
 400.200    0.803    0.689    0.506 
 400.300    0.813    0.699    0.514 
 400.400    0.817    0.703    0.517 
 400.500    0.819    0.704    0.518 
 400.600    0.819    0.705    0.519 
 400.700    0.818    0.704    0.519 
 400.800    0.815    0.702    0.518 
 400.900    0.811    0.699    0.516 
 401.000    0.802    0.691    0.511 
 401.100    0.784    0.676    0.500 
 401.200    0.702    0.606    0.448 
 401.300    0.767    0.662    0.490 
 401.400    0.790    0.682    0.505 
 401.500    0.794    0.686    0.508 
 401.600    0.791    0.683    0.507 
 401.700    0.779    0.673    0.500 
 401.800    0.782    0.676    0.502 
 401.900    0.788    0.682    0.507 
 402.000    0.792    0.685    0.510 
 402.100    0.790    0.684    0.509 
 402.200    0.778    0.673    0.501 
 402.300    0.736    0.637    0.475 
 402.400    0.545    0.472    0.352 
 402.500    0.747    0.647    0.483 
 402.600    0.789    0.683    0.510 
 402.700    0.805    0.698    0.521 
 402.800    0.814    0.706    0.527 
 402.900    0.819    0.710    0.531 
 403.000    0.823    0.713    0.533 
 403.100    0.825    0.716    0.535 
 403.200    0.827    0.717    0.537 
 403.300    0.828    0.718    0.538 
 403.400    0.830    0.721    0.540 
 403.500    0.834    0.724    0.543 
 403.600    0.833    0.723    0.542 
 403.700    0.830    0.721    0.541 
 403.800    0.817    0.710    0.533 
 403.900    0.823    0.715    0.537 
 404.000    0.832    0.723    0.543 
 404.100    0.834    0.725    0.545 
 404.200    0.836    0.726    0.546 
 404.300    0.836    0.727    0.547 
 404.400    0.836    0.727    0.547 
 404.500    0.837    0.728    0.548 
 404.600    0.837    0.728    0.548 
 404.700    0.837    0.728    0.548 
 404.800    0.838    0.729    0.549 
 404.900    0.838    0.729    0.550 
 405.000    0.838    0.730    0.550 
 405.100    0.838    0.730    0.550 
 405.200    0.838    0.730    0.550 
 405.300    0.838    0.730    0.551 
 405.400    0.838    0.730    0.551 
 405.500    0.838    0.730    0.551 
 405.600    0.838    0.730    0.551 
 405.700    0.838    0.730    0.551 
 405.800    0.838    0.730    0.552 
 405.900    0.838    0.730    0.552 
 406.000    0.838    0.730    0.552 
 406.100    0.838    0.730    0.552 
 406.200    0.838    0.730    0.552 
 406.300    0.838    0.730    0.552 
 406.400    0.838    0.730    0.552 
 406.500    0.837    0.730    0.552 
 406.600    0.837    0.730    0.552 
 406.700    0.837    0.730    0.552 
 406.800    0.837    0.730    0.552 
 406.900    0.837    0.730    0.552 
 407.000    0.836    0.730    0.552 
 407.100    0.836    0.729    0.552 
 407.200    0.836    0.729    0.552 
 407.300    0.835    0.729    0.552 
 407.400    0.835    0.728    0.552 
 407.500    0.834    0.728    0.551 
 407.600    0.833    0.727    0.551 
 407.700    0.832    0.726    0.550 
 407.800    0.830    0.724    0.549 
 407.900    0.827    0.722    0.547 
 408.000    0.822    0.718    0.544 
 408.100    0.811    0.708    0.537 
 408.200    0.782    0.683    0.517 
 408.300    0.648    0.566    0.429 
 408.400    0.787    0.687    0.521 
 408.500    0.812    0.709    0.538 
 408.600    0.821    0.717    0.544 
 408.700    0.825    0.720    0.546 
 408.800    0.828    0.723    0.548 
 408.900    0.829    0.724    0.549 
 409.000    0.830    0.725    0.550 
 409.100    0.831    0.726    0.550 
 409.200    0.831    0.726    0.550 
 409.300    0.833    0.727    0.552 
 409.400    0.833    0.727    0.551 
 409.500    0.833    0.727    0.551 
 409.600    0.832    0.727    0.551 
 409.700    0.832    0.727    0.551 
 409.800    0.832    0.726    0.551 
 409.900    0.832    0.726    0.551 
 410.000    0.831    0.726    0.551 
 410.100    0.831    0.726    0.550 
 410.200    0.831    0.725    0.550 
 410.300    0.830    0.725    0.550 
 410.400    0.830    0.725    0.549 
 410.500    0.830    0.724    0.549 
 410.600    0.829    0.724    0.549 
 410.700    0.829    0.724    0.549 
 410.800    0.829    0.724    0.549 
 410.900    0.828    0.723    0.548 
 411.000    0.828    0.723    0.548 
 411.100    0.827    0.722    0.548 
 411.200    0.827    0.722    0.547 
 411.300    0.826    0.721    0.547 
 411.400    0.826    0.721    0.546 
 411.500    0.825    0.720    0.546 
 411.600    0.824    0.719    0.545 
 411.700    0.821    0.717    0.543 
 411.800    0.822    0.718    0.544 
 411.900    0.822    0.717    0.543 
 412.000    0.821    0.716    0.543 
 412.100    0.820    0.716    0.542 
 412.200    0.819    0.715    0.541 
 412.300    0.817    0.713    0.540 
 412.400    0.815    0.711    0.538 
 412.500    0.812    0.708    0.536 
 412.600    0.812    0.708    0.536 
 412.700    0.813    0.709    0.536 
 412.800    0.811    0.708    0.535 
 412.900    0.806    0.703    0.532 
 413.000    0.780    0.680    0.514 
 413.100    0.802    0.699    0.529 
 413.200    0.808    0.704    0.532 
 413.300    0.809    0.705    0.533 
 413.400    0.809    0.705    0.533 
 413.500    0.808    0.704    0.532 
 413.600    0.806    0.703    0.531 
 413.700    0.803    0.700    0.529 
 413.800    0.800    0.697    0.526 
 413.900    0.794    0.691    0.522 
 414.000    0.782    0.682    0.515 
 414.100    0.758    0.660    0.498 
 414.200    0.678    0.591    0.446 
 414.300    0.662    0.577    0.435 
 414.400    0.753    0.656    0.494 
 414.500    0.778    0.678    0.511 
 414.600    0.788    0.687    0.517 
 414.700    0.793    0.691    0.521 
 414.800    0.796    0.693    0.522 
 414.900    0.797    0.693    0.522 
 415.000    0.797    0.694    0.523 
 415.100    0.797    0.694    0.522 
 415.200    0.795    0.692    0.521 
 415.300    0.798    0.695    0.523 
 415.400    0.797    0.694    0.522 
 415.500    0.797    0.693    0.521 
 415.600    0.796    0.692    0.520 
 415.700    0.794    0.691    0.519 
 415.800    0.793    0.690    0.518 
 415.900    0.792    0.689    0.517 
 416.000    0.791    0.687    0.516 
 416.100    0.790    0.686    0.515 
 416.200    0.788    0.685    0.514 
 416.300    0.787    0.683    0.513 
 416.400    0.785    0.682    0.511 
 416.500    0.784    0.680    0.510 
 416.600    0.782    0.679    0.509 
 416.700    0.780    0.677    0.508 
 416.800    0.778    0.676    0.506 
 416.900    0.777    0.674    0.505 
 417.000    0.775    0.672    0.503 
 417.100    0.773    0.671    0.502 
 417.200    0.771    0.669    0.500 
 417.300    0.769    0.667    0.499 
 417.400    0.767    0.665    0.497 
 417.500    0.765    0.663    0.495 
 417.600    0.763    0.661    0.494 
 417.700    0.760    0.659    0.492 
 417.800    0.758    0.657    0.490 
 417.900    0.755    0.654    0.488 
 418.000    0.752    0.652    0.486 
 418.100    0.750    0.649    0.484 
 418.200    0.747    0.647    0.482 
 418.300    0.744    0.644    0.479 
 418.400    0.741    0.641    0.477 
 418.500    0.737    0.638    0.475 
 418.600    0.734    0.635    0.472 
 418.700    0.731    0.632    0.470 
 418.800    0.727    0.628    0.467 
 418.900    0.723    0.625    0.464 
 419.000    0.719    0.621    0.461 
 419.100    0.715    0.617    0.458 
 419.200    0.710    0.613    0.455 
 419.300    0.706    0.609    0.452 
 419.400    0.701    0.605    0.448 
 419.500    0.696    0.600    0.445 
 419.600    0.690    0.596    0.441 
 419.700    0.685    0.591    0.437 
 419.800    0.679    0.585    0.433 
 419.900    0.672    0.580    0.429 
 420.000    0.666    0.574    0.424 
 420.100    0.659    0.568    0.419 
 420.200    0.652    0.561    0.414 
 420.300    0.644    0.555    0.409 
 420.400    0.636    0.548    0.404 
 420.500    0.628    0.540    0.398 
 420.600    0.618    0.532    0.392 
 420.700    0.606    0.522    0.384 
 420.800    0.583    0.502    0.369 
 420.900    0.587    0.505    0.371 
 421.000    0.578    0.497    0.365 
 421.100    0.568    0.488    0.358 
 421.200    0.556    0.478    0.350 
 421.300    0.543    0.467    0.342 
 421.400    0.530    0.455    0.333 
 421.500    0.515    0.442    0.324 
 421.600    0.500    0.429    0.314 
 421.700    0.483    0.415    0.303 
 421.800    0.466    0.400    0.292 
 421.900    0.448    0.384    0.281 
 422.000    0.429    0.368    0.268 
 422.100    0.408    0.350    0.255 
 422.200    0.387    0.332    0.242 
 422.300    0.365    0.312    0.227 
 422.400    0.341    0.292    0.213 
 422.500    0.316    0.271    0.197 
 422.600    0.291    0.249    0.181 
 422.700    0.264    0.226    0.164 
 422.800    0.237    0.203    0.147 
 422.900    0.209    0.179    0.130 
 423.000    0.181    0.155    0.112 
 423.100    0.154    0.131    0.095 
 423.200    0.127    0.108    0.078 
 423.300    0.101    0.086    0.062 
 423.400    0.077    0.066    0.048 
 423.500    0.056    0.047    0.034 
 423.600    0.036    0.031    0.022 
 423.700    0.021    0.018    0.013 
 423.800    0.014    0.012    0.009 
 423.900    0.007    0.006    0.004 
 424.000    0.003    0.003    0.002 
 424.100    0.001    0.001    0.001 
 424.200    0.000    0.000    0.000 
 424.300    0.000    0.000    0.000 
 424.400    0.000    0.000    0.000 
 424.500    0.000    0.000    0.000 
 424.600    0.000    0.000    0.000 
 424.700    0.000    0.000    0.000 
 424.800    0.000    0.000    0.000 
 424.900    0.000    0.000    0.000 
 425.000    0.000    0.000    0.000 
 425.100    0.000    0.000    0.000 
 425.200    0.000    0.000    0.000 
 425.300    0.000    0.000    0.000 
 425.400    0.001    0.001    0.000 
 425.500    0.002    0.002    0.001 
 425.600    0.006    0.005    0.003 
 425.700    0.012    0.010    0.007 
 425.800    0.021    0.018    0.013 
 425.900    0.034    0.029    0.020 
 426.000    0.050    0.042    0.030 
 426.100    0.069    0.058    0.041 
 426.200    0.092    0.077    0.054 
 426.300    0.116    0.097    0.069 
 426.400    0.141    0.119    0.084 
 426.500    0.168    0.141    0.099 
 426.600    0.194    0.163    0.114 
 426.700    0.221    0.185    0.130 
 426.800    0.247    0.207    0.145 
 426.900    0.272    0.228    0.159 
 427.000    0.297    0.249    0.173 
 427.100    0.321    0.269    0.187 
 427.200    0.344    0.287    0.200 
 427.300    0.365    0.305    0.212 
 427.400    0.385    0.322    0.223 
 427.500    0.405    0.338    0.234 
 427.600    0.423    0.353    0.244 
 427.700    0.440    0.367    0.254 
 427.800    0.456    0.380    0.262 
 427.900    0.470    0.391    0.269 
 428.000    0.484    0.403    0.277 
 428.100    0.499    0.415    0.285 
 428.200    0.512    0.425    0.291 
 428.300    0.523    0.434    0.297 
 428.400    0.533    0.442    0.302 
 428.500    0.542    0.449    0.306 
 428.600    0.547    0.453    0.308 
 428.700    0.542    0.448    0.305 
 428.800    0.487    0.403    0.273 
 428.900    0.561    0.464    0.314 
 429.000    0.581    0.479    0.324 
 429.100    0.592    0.488    0.329 
 429.200    0.600    0.494    0.333 
 429.300    0.605    0.497    0.335 
 429.400    0.598    0.491    0.330 
 429.500    0.614    0.505    0.338 
 429.600    0.624    0.512    0.343 
 429.700    0.631    0.517    0.345 
 429.800    0.637    0.521    0.347 
 429.900    0.640    0.524    0.348 
 430.000    0.642    0.525    0.348 
 430.100    0.642    0.524    0.347 
 430.200    0.634    0.517    0.342 
 430.300    0.592    0.482    0.318 
 430.400    0.620    0.504    0.332 
 430.500    0.650    0.528    0.346 
 430.600    0.661    0.536    0.351 
 430.700    0.667    0.541    0.353 
 430.800    0.671    0.544    0.354 
 430.900    0.674    0.545    0.354 
 431.000    0.678    0.547    0.355 
 431.100    0.681    0.549    0.355 
 431.200    0.683    0.551    0.355 
 431.300    0.686    0.551    0.355 
 431.400    0.688    0.553    0.354 
 431.500    0.690    0.553    0.354 
 431.600    0.691    0.554    0.353 
 431.700    0.693    0.554    0.352 
 431.800    0.694    0.554    0.351 
 431.900    0.695    0.554    0.350 
 432.000    0.696    0.554    0.348 
 432.100    0.696    0.553    0.347 
 432.200    0.697    0.553    0.346 
 432.300    0.698    0.553    0.344 
 432.400    0.698    0.552    0.343 
 432.500    0.699    0.551    0.341 
 432.600    0.699    0.551    0.339 
 432.700    0.699    0.550    0.337 
 432.800    0.699    0.549    0.335 
 432.900    0.699    0.547    0.333 
 433.000    0.699    0.546    0.331 
 433.100    0.699    0.545    0.329 
 433.200    0.699    0.543    0.326 
 433.300    0.698    0.542    0.324 
 433.400    0.697    0.540    0.321 
 433.500    0.697    0.538    0.318 
 433.600    0.696    0.536    0.315 
 433.700    0.696    0.534    0.313 
 433.800    0.695    0.532    0.310 
 433.900    0.694    0.530    0.306 
 434.000    0.693    0.527    0.303 
 434.100    0.691    0.524    0.300 
 434.200    0.690    0.521    0.296 
 434.300    0.686    0.517    0.292 
 434.400    0.686    0.515    0.288 
 434.500    0.685    0.512    0.285 
 434.600    0.683    0.509    0.280 
 434.700    0.681    0.505    0.276 
 434.800    0.679    0.502    0.272 
 434.900    0.677    0.498    0.267 
 435.000    0.674    0.493    0.262 
 435.100    0.671    0.489    0.258 
 435.200    0.668    0.484    0.252 
 435.300    0.665    0.479    0.247 
 435.400    0.662    0.474    0.241 
 435.500    0.658    0.468    0.235 
 435.600    0.654    0.462    0.229 
 435.700    0.650    0.456    0.223 
 435.800    0.645    0.449    0.216 
 435.900    0.641    0.442    0.209 
 436.000    0.635    0.435    0.202 
 436.100    0.629    0.427    0.195 
 436.200    0.623    0.418    0.187 
 436.300    0.617    0.409    0.179 
 436.400    0.609    0.399    0.170 
 436.500    0.601    0.389    0.161 
 436.600    0.592    0.377    0.152 
 436.700    0.583    0.366    0.143 
 436.800    0.573    0.353    0.133 
 436.900    0.562    0.340    0.124 
 437.000    0.550    0.326    0.114 
 437.100    0.536    0.312    0.105 
 437.200    0.521    0.297    0.095 
 437.300    0.502    0.280    0.086 
 437.400    0.469    0.255    0.075 
 437.500    0.365    0.194    0.055 
 437.600    0.452    0.235    0.063 
 437.700    0.459    0.233    0.059 
 437.800    0.453    0.223    0.054 
 437.900    0.441    0.210    0.047 
 438.000    0.427    0.196    0.041 
 438.100    0.411    0.181    0.035 
 438.200    0.392    0.165    0.029 
 438.300    0.371    0.148    0.024 
 438.400    0.347    0.131    0.019 
 438.500    0.320    0.114    0.014 
 438.600    0.309    0.103    0.011 
 438.700    0.291    0.091    0.009 
 438.800    0.274    0.080    0.007 
 438.900    0.259    0.071    0.005 
 439.000    0.248    0.065    0.005 
 439.100    0.241    0.062    0.004 
 439.200    0.240    0.061    0.004 
 439.300    0.244    0.063    0.004 
 439.400    0.253    0.068    0.005 
 439.500    0.265    0.074    0.006 
 439.600    0.278    0.083    0.007 
 439.700    0.296    0.093    0.009 
 439.800    0.313    0.104    0.011 
 439.900    0.330    0.115    0.014 
 440.000    0.346    0.126    0.017 
 440.100    0.361    0.138    0.020 
 440.200    0.374    0.148    0.023 
 440.300    0.387    0.158    0.026 
 440.400    0.397    0.167    0.029 
 440.500    0.406    0.175    0.032 
 440.600    0.413    0.182    0.035 
 440.700    0.419    0.187    0.037 
 440.800    0.423    0.191    0.039 
 440.900    0.424    0.193    0.040 
 441.000    0.423    0.194    0.040 
 441.100    0.417    0.192    0.040 
 441.200    0.400    0.184    0.039 
 441.300    0.338    0.156    0.033 
 441.400    0.358    0.164    0.034 
 441.500    0.400    0.182    0.037 
 441.600    0.410    0.185    0.037 
 441.700    0.411    0.184    0.036 
 441.800    0.408    0.180    0.035 
 441.900    0.400    0.174    0.032 
 442.000    0.386    0.165    0.030 
 442.100    0.342    0.143    0.025 
 442.200    0.366    0.150    0.025 
 442.300    0.369    0.148    0.023 
 442.400    0.365    0.142    0.021 
 442.500    0.356    0.135    0.019 
 442.600    0.347    0.127    0.017 
 442.700    0.337    0.119    0.015 
 442.800    0.326    0.112    0.013 
 442.900    0.317    0.106    0.012 
 443.000    0.309    0.100    0.010 
 443.100    0.302    0.096    0.009 
 443.200    0.296    0.092    0.009 
 443.300    0.291    0.089    0.008 
 443.400    0.285    0.085    0.008 
 443.500    0.280    0.082    0.007 
 443.600    0.274    0.079    0.006 
 443.700    0.267    0.075    0.006 
 443.800    0.260    0.070    0.005 
 443.900    0.251    0.066    0.004 
 444.000    0.242    0.061    0.004 
 444.100    0.232    0.056    0.003 
 444.200    0.222    0.051    0.003 
 444.300    0.211    0.046    0.002 
 444.400    0.199    0.042    0.002 
 444.500    0.187    0.037    0.001 
 444.600    0.175    0.032    0.001 
 444.700    0.163    0.028    0.001 
 444.800    0.150    0.024    0.001 
 444.900    0.137    0.020    0.000 
 445.000    0.124    0.016    0.000 
 445.100    0.112    0.013    0.000 
 445.200    0.100    0.011    0.000 
 445.300    0.087    0.008    0.000 
 445.400    0.074    0.006    0.000 
 445.500    0.062    0.004    0.000 
 445.600    0.056    0.003    0.000 
 445.700    0.048    0.002    0.000 
 445.800    0.040    0.002    0.000 
 445.900    0.032    0.001    0.000 
 446.000    0.025    0.001    0.000 
 446.100    0.019    0.000    0.000 
 446.200    0.015    0.000    0.000 
 446.300    0.011    0.000    0.000 
 446.400    0.008    0.000    0.000 
 446.500    0.006    0.000    0.000 
 446.600    0.004    0.000    0.000 
 446.700    0.002    0.000    0.000 
 446.800    0.001    0.000    0.000 
 446.900    0.001    0.000    0.000 
 447.000    0.001    0.000    0.000 
 447.100    0.000    0.000    0.000 
 447.200    0.000    0.000    0.000 
 447.300    0.000    0.000    0.000 
 447.400    0.000    0.000    0.000 
 447.500    0.000    0.000    0.000 
 447.600    0.000    0.000    0.000 
 447.700    0.000    0.000    0.000 
 447.800    0.000    0.000    0.000 
 447.900    0.000    0.000    0.000 
 448.000    0.000    0.000    0.000 
 448.100    0.000    0.000    0.000 
 448.200    0.000    0.000    0.000 
 448.300    0.000    0.000    0.000 
 448.400    0.000    0.000    0.000 
 448.500    0.000    0.000    0.000 
 448.600    0.000    0.000    0.000 
 448.700    0.000    0.000    0.000 
 448.800    0.000    0.000    0.000 
 448.900    0.000    0.000    0.000 
 449.000    0.000    0.000    0.000 
 449.100    0.001    0.000    0.000 
 449.200    0.001    0.000    0.000 
 449.300    0.002    0.000    0.000 
 449.400    0.003    0.000    0.000 
 449.500    0.005    0.000    0.000 
 449.600    0.008    0.000    0.000 
 449.700    0.011    0.000    0.000 
 449.800    0.014    0.000    0.000 
 449.900    0.019    0.000    0.000 
 450.000    0.025    0.001    0.000 
 450.100    0.031    0.001    0.000 
 450.200    0.039    0.002    0.000 
 450.300    0.047    0.002    0.000 
 450.400    0.056    0.003    0.000 
 450.500    0.066    0.004    0.000 
 450.600    0.076    0.006    0.000 
 450.700    0.088    0.008    0.000 
 450.800    0.099    0.010    0.000 
 450.900    0.112    0.013    0.000 
 451.000    0.124    0.016    0.000 
 451.100    0.137    0.020    0.000 
 451.200    0.150    0.023    0.001 
 451.300    0.164    0.028    0.001 
 451.400    0.177    0.033    0.001 
 451.500    0.191    0.038    0.001 
 451.600    0.204    0.043    0.002 
 451.700    0.218    0.049    0.002 
 451.800    0.231    0.055    0.003 
 451.900    0.244    0.062    0.004 
 452.000    0.257    0.069    0.005 
 452.100    0.270    0.076    0.006 
 452.200    0.281    0.083    0.007 
 452.300    0.294    0.090    0.008 
 452.400    0.307    0.098    0.010 
 452.500    0.319    0.106    0.011 
 452.600    0.331    0.114    0.013 
 452.700    0.342    0.122    0.015 
 452.800    0.353    0.130    0.017 
 452.900    0.364    0.138    0.019 
 453.000    0.375    0.146    0.022 
 453.100    0.385    0.154    0.024 
 453.200    0.395    0.162    0.027 
 453.300    0.404    0.170    0.030 
 453.400    0.414    0.178    0.032 
 453.500    0.423    0.186    0.035 
 453.600    0.431    0.193    0.038 
 453.700    0.439    0.201    0.041 
 453.800    0.442    0.206    0.044 
 453.900    0.455    0.216    0.048 
 454.000    0.464    0.224    0.051 
 454.100    0.471    0.231    0.055 
 454.200    0.479    0.238    0.058 
 454.300    0.485    0.245    0.062 
 454.400    0.492    0.252    0.065 
 454.500    0.497    0.258    0.069 
 454.600    0.500    0.263    0.072 
 454.700    0.501    0.267    0.075 
 454.800    0.515    0.277    0.080 
 454.900    0.523    0.285    0.084 
 455.000    0.529    0.291    0.088 
 455.100    0.535    0.298    0.091 
 455.200    0.541    0.304    0.095 
 455.300    0.546    0.310    0.099 
 455.400    0.551    0.315    0.102 
 455.500    0.556    0.321    0.106 
 455.600    0.560    0.326    0.110 
 455.700    0.565    0.332    0.114 
 455.800    0.570    0.337    0.117 
 455.900    0.574    0.342    0.121 
 456.000    0.578    0.347    0.124 
 456.100    0.582    0.352    0.128 
 456.200    0.585    0.357    0.131 
 456.300    0.589    0.361    0.135 
 456.400    0.592    0.366    0.138 
 456.500    0.595    0.370    0.141 
 456.600    0.597    0.373    0.144 
 456.700    0.600    0.377    0.147 
 456.800    0.603    0.381    0.150 
 456.900    0.605    0.384    0.153 
 457.000    0.605    0.386    0.156 
 457.100    0.604    0.387    0.157 
 457.200    0.598    0.385    0.158 
 457.300    0.578    0.374    0.155 
 457.400    0.475    0.309    0.129 
 457.500    0.567    0.370    0.156 
 457.600    0.603    0.395    0.168 
 457.700    0.617    0.406    0.174 
 457.800    0.625    0.412    0.178 
 457.900    0.630    0.418    0.182 
 458.000    0.635    0.422    0.185 
 458.100    0.638    0.426    0.188 
 458.200    0.641    0.429    0.191 
 458.300    0.644    0.432    0.193 
 458.400    0.646    0.435    0.196 
 458.500    0.650    0.439    0.199 
 458.600    0.652    0.442    0.201 
 458.700    0.654    0.444    0.203 
 458.800    0.656    0.447    0.206 
 458.900    0.657    0.449    0.208 
 459.000    0.659    0.451    0.210 
 459.100    0.661    0.454    0.212 
 459.200    0.662    0.456    0.214 
 459.300    0.664    0.458    0.216 
 459.400    0.665    0.460    0.218 
 459.500    0.666    0.461    0.219 
 459.600    0.668    0.463    0.221 
 459.700    0.669    0.465    0.223 
 459.800    0.670    0.467    0.225 
 459.900    0.672    0.469    0.227 
 460.000    0.673    0.471    0.228 
 460.100    0.674    0.472    0.230 
 460.200    0.674    0.473    0.231 
 460.300    0.675    0.474    0.232 
 460.400    0.677    0.477    0.234 
 460.500    0.678    0.478    0.236 
 460.600    0.679    0.480    0.237 
 460.700    0.680    0.481    0.238 
 460.800    0.681    0.482    0.240 
 460.900    0.681    0.483    0.241 
 461.000    0.682    0.484    0.242 
 461.100    0.683    0.485    0.243 
 461.200    0.683    0.486    0.244 
 461.300    0.684    0.487    0.245 
 461.400    0.684    0.488    0.246 
 461.500    0.684    0.488    0.247 
 461.600    0.684    0.489    0.247 
 461.700    0.684    0.489    0.248 
 461.800    0.684    0.489    0.249 
 461.900    0.683    0.489    0.249 
 462.000    0.681    0.488    0.249 
 462.100    0.677    0.486    0.248 
 462.200    0.669    0.480    0.245 
 462.300    0.642    0.461    0.236 
 462.400    0.618    0.444    0.228 
 462.500    0.663    0.477    0.245 
 462.600    0.672    0.484    0.249 
 462.700    0.675    0.486    0.250 
 462.800    0.674    0.486    0.250 
 462.900    0.669    0.482    0.249 
 463.000    0.658    0.474    0.245 
 463.100    0.625    0.451    0.232 
 463.200    0.509    0.367    0.189 
 463.300    0.631    0.455    0.235 
 463.400    0.660    0.476    0.246 
 463.500    0.669    0.483    0.250 
 463.600    0.673    0.486    0.251 
 463.700    0.672    0.485    0.251 
 463.800    0.668    0.483    0.250 
 463.900    0.674    0.487    0.252 
 464.000    0.672    0.486    0.251 
 464.100    0.646    0.466    0.241 
 464.200    0.676    0.488    0.253 
 464.300    0.683    0.493    0.255 
 464.400    0.686    0.495    0.256 
 464.500    0.688    0.496    0.257 
 464.600    0.689    0.497    0.257 
 464.700    0.689    0.497    0.257 
 464.800    0.689    0.497    0.257 
 464.900    0.690    0.497    0.256 
 465.000    0.689    0.497    0.256 
 465.100    0.688    0.496    0.255 
 465.200    0.686    0.494    0.254 
 465.300    0.688    0.495    0.255 
 465.400    0.687    0.495    0.254 
 465.500    0.688    0.495    0.254 
 465.600    0.688    0.495    0.254 
 465.700    0.688    0.494    0.253 
 465.800    0.687    0.493    0.252 
 465.900    0.686    0.492    0.251 
 466.000    0.683    0.490    0.250 
 466.100    0.682    0.489    0.249 
 466.200    0.679    0.486    0.247 
 466.300    0.675    0.483    0.245 
 466.400    0.667    0.477    0.241 
 466.500    0.650    0.464    0.234 
 466.600    0.591    0.421    0.212 
 466.700    0.608    0.433    0.217 
 466.800    0.650    0.462    0.231 
 466.900    0.662    0.470    0.235 
 467.000    0.665    0.471    0.235 
 467.100    0.667    0.471    0.234 
 467.200    0.666    0.470    0.232 
 467.300    0.664    0.468    0.230 
 467.400    0.661    0.464    0.227 
 467.500    0.657    0.460    0.224 
 467.600    0.650    0.454    0.220 
 467.700    0.639    0.446    0.215 
 467.800    0.616    0.428    0.205 
 467.900    0.550    0.381    0.181 
 468.000    0.488    0.337    0.159 
 468.100    0.590    0.406    0.190 
 468.200    0.608    0.416    0.194 
 468.300    0.598    0.408    0.188 
 468.400    0.506    0.343    0.156 
 468.500    0.599    0.404    0.182 
 468.600    0.614    0.412    0.184 
 468.700    0.617    0.411    0.181 
 468.800    0.614    0.406    0.177 
 468.900    0.606    0.398    0.170 
 469.000    0.592    0.386    0.162 
 469.100    0.529    0.341    0.141 
 469.200    0.569    0.364    0.147 
 469.300    0.549    0.347    0.137 
 469.400    0.542    0.339    0.131 
 469.500    0.500    0.308    0.116 
 469.600    0.545    0.331    0.121 
 469.700    0.544    0.325    0.115 
 469.800    0.529    0.311    0.106 
 469.900    0.487    0.280    0.092 
 470.000    0.472    0.266    0.084 
 470.100    0.499    0.275    0.083 
 470.200    0.498    0.267    0.076 
 470.300    0.489    0.256    0.070 
 470.400    0.478    0.243    0.063 
 470.500    0.466    0.231    0.056 
 470.600    0.453    0.219    0.051 
 470.700    0.441    0.209    0.047 
 470.800    0.427    0.199    0.043 
 470.900    0.403    0.186    0.039 
 471.000    0.331    0.153    0.032 
 471.100    0.411    0.191    0.041 
 471.200    0.432    0.202    0.044 
 471.300    0.443    0.210    0.047 
 471.400    0.453    0.218    0.050 
 471.500    0.461    0.225    0.053 
 471.600    0.468    0.231    0.056 
 471.700    0.473    0.236    0.058 
 471.800    0.477    0.240    0.060 
 471.900    0.479    0.242    0.061 
 472.000    0.481    0.244    0.062 
 472.100    0.479    0.243    0.062 
 472.200    0.474    0.239    0.060 
 472.300    0.454    0.228    0.057 
 472.400    0.465    0.231    0.057 
 472.500    0.460    0.226    0.054 
 472.600    0.449    0.217    0.050 
 472.700    0.434    0.206    0.046 
 472.800    0.404    0.188    0.040 
 472.900    0.299    0.135    0.027 
 473.000    0.382    0.167    0.032 
 473.100    0.384    0.163    0.029 
 473.200    0.379    0.154    0.025 
 473.300    0.366    0.143    0.021 
 473.400    0.350    0.130    0.018 
 473.500    0.332    0.116    0.014 
 473.600    0.312    0.103    0.011 
 473.700    0.292    0.090    0.008 
 473.800    0.271    0.077    0.006 
 473.900    0.250    0.066    0.005 
 474.000    0.229    0.055    0.003 
 474.100    0.209    0.046    0.002 
 474.200    0.190    0.038    0.002 
 474.300    0.175    0.032    0.001 
 474.400    0.162    0.028    0.001 
 474.500    0.152    0.024    0.001 
 474.600    0.145    0.022    0.001 
 474.700    0.143    0.022    0.001 
 474.800    0.146    0.023    0.001 
 474.900    0.153    0.025    0.001 
 475.000    0.164    0.029    0.001 
 475.100    0.178    0.034    0.001 
 475.200    0.195    0.040    0.002 
 475.300    0.213    0.048    0.002 
 475.400    0.233    0.058    0.004 
 475.500    0.254    0.069    0.005 
 475.600    0.274    0.080    0.007 
 475.700    0.294    0.093    0.009 
 475.800    0.310    0.105    0.012 
 475.900    0.318    0.115    0.015 
 476.000    0.279    0.107    0.016 
 476.100    0.342    0.138    0.022 
 476.200    0.382    0.162    0.029 
 476.300    0.407    0.180    0.035 
 476.400    0.427    0.196    0.041 
 476.500    0.445    0.211    0.047 
 476.600    0.459    0.225    0.054 
 476.700    0.474    0.239    0.060 
 476.800    0.487    0.252    0.067 
 476.900    0.499    0.264    0.073 
 477.000    0.510    0.275    0.080 
 477.100    0.521    0.287    0.086 
 477.200    0.529    0.297    0.092 
 477.300    0.537    0.306    0.098 
 477.400    0.545    0.315    0.104 
 477.500    0.552    0.323    0.109 
 477.600    0.558    0.330    0.115 
 477.700    0.563    0.337    0.120 
 477.800    0.569    0.344    0.125 
 477.900    0.575    0.351    0.129 
 478.000    0.579    0.357    0.134 
 478.100    0.583    0.362    0.138 
 478.200    0.585    0.366    0.142 
 478.300    0.590    0.371    0.146 
 478.400    0.594    0.376    0.149 
 478.500    0.597    0.380    0.153 
 478.600    0.599    0.384    0.156 
 478.700    0.602    0.387    0.159 
 478.800    0.604    0.390    0.161 
 478.900    0.606    0.393    0.164 
 479.000    0.607    0.396    0.166 
 479.100    0.608    0.398    0.168 
 479.200    0.607    0.398    0.170 
 479.300    0.606    0.399    0.171 
 479.400    0.593    0.391    0.169 
 479.500    0.605    0.400    0.173 
 479.600    0.604    0.401    0.175 
 479.700    0.607    0.403    0.177 
 479.800    0.607    0.405    0.178 
 479.900    0.604    0.403    0.178 
 480.000    0.589    0.394    0.175 
 480.100    0.586    0.393    0.175 
 480.200    0.553    0.371    0.166 
 480.300    0.590    0.397    0.177 
 480.400    0.593    0.399    0.179 
 480.500    0.586    0.395    0.177 
 480.600    0.562    0.379    0.171 
 480.700    0.456    0.308    0.139 
 480.800    0.541    0.366    0.165 
 480.900    0.572    0.387    0.175 
 481.000    0.575    0.389    0.177 
 481.100    0.557    0.377    0.172 
 481.200    0.456    0.309    0.141 
 481.300    0.551    0.374    0.170 
 481.400    0.558    0.379    0.173 
 481.500    0.533    0.361    0.165 
 481.600    0.398    0.270    0.124 
 481.700    0.507    0.344    0.157 
 481.800    0.561    0.381    0.174 
 481.900    0.579    0.393    0.180 
 482.000    0.587    0.399    0.182 
 482.100    0.590    0.401    0.184 
 482.200    0.593    0.403    0.184 
 482.300    0.593    0.403    0.184 
 482.400    0.592    0.402    0.184 
 482.500    0.590    0.401    0.183 
 482.600    0.588    0.400    0.183 
 482.700    0.588    0.399    0.183 
 482.800    0.585    0.398    0.182 
 482.900    0.582    0.395    0.181 
 483.000    0.579    0.393    0.179 
 483.100    0.576    0.391    0.178 
 483.200    0.572    0.388    0.177 
 483.300    0.568    0.385    0.175 
 483.400    0.563    0.381    0.173 
 483.500    0.557    0.377    0.171 
 483.600    0.553    0.374    0.169 
 483.700    0.548    0.370    0.168 
 483.800    0.543    0.366    0.166 
 483.900    0.537    0.362    0.163 
 484.000    0.530    0.357    0.161 
 484.100    0.523    0.352    0.158 
 484.200    0.515    0.346    0.155 
 484.300    0.506    0.340    0.152 
 484.400    0.496    0.332    0.148 
 484.500    0.487    0.326    0.145 
 484.600    0.476    0.319    0.141 
 484.700    0.465    0.311    0.137 
 484.800    0.453    0.302    0.133 
 484.900    0.440    0.293    0.129 
 485.000    0.425    0.283    0.124 
 485.100    0.409    0.271    0.118 
 485.200    0.392    0.260    0.113 
 485.300    0.374    0.247    0.107 
 485.400    0.354    0.233    0.100 
 485.500    0.332    0.218    0.093 
 485.600    0.309    0.202    0.086 
 485.700    0.284    0.185    0.078 
 485.800    0.257    0.167    0.070 
 485.900    0.228    0.148    0.062 
 486.000    0.199    0.129    0.053 
 486.100    0.168    0.108    0.045 
 486.200    0.138    0.089    0.036 
 486.300    0.108    0.069    0.028 
 486.400    0.080    0.051    0.020 
 486.500    0.055    0.035    0.014 
 486.600    0.034    0.022    0.008 
 486.700    0.019    0.012    0.004 
 486.800    0.008    0.005    0.002 
 486.900    0.003    0.002    0.001 
 487.000    0.001    0.000    0.000 
 487.100    0.000    0.000    0.000 
 487.200    0.000    0.000    0.000 
 487.300    0.000    0.000    0.000 
 487.400    0.000    0.000    0.000 
 487.500    0.001    0.000    0.000 
 487.600    0.003    0.001    0.000 
 487.700    0.007    0.004    0.001 
 487.800    0.016    0.009    0.003 
 487.900    0.029    0.016    0.005 
 488.000    0.046    0.025    0.007 
 488.100    0.066    0.035    0.010 
 488.200    0.088    0.046    0.012 
 488.300    0.110    0.057    0.015 
 488.400    0.133    0.069    0.018 
 488.500    0.156    0.080    0.021 
 488.600    0.179    0.092    0.024 
 488.700    0.201    0.104    0.027 
 488.800    0.224    0.116    0.031 
 488.900    0.245    0.129    0.035 
 489.000    0.266    0.141    0.040 
 489.100    0.286    0.154    0.044 
 489.200    0.304    0.166    0.049 
 489.300    0.323    0.178    0.054 
 489.400    0.338    0.189    0.059 
 489.500    0.347    0.196    0.062 
 489.600    0.366    0.209    0.068 
 489.700    0.385    0.222    0.073 
 489.800    0.401    0.233    0.078 
 489.900    0.414    0.243    0.083 
 490.000    0.426    0.252    0.087 
 490.100    0.437    0.260    0.091 
 490.200    0.447    0.267    0.095 
 490.300    0.457    0.274    0.098 
 490.400    0.465    0.281    0.101 
 490.500    0.474    0.287    0.104 
 490.600    0.481    0.293    0.107 
 490.700    0.488    0.298    0.110 
 490.800    0.495    0.303    0.113 
 490.900    0.501    0.308    0.115 
 491.000    0.506    0.312    0.117 
 491.100    0.512    0.316    0.119 
 491.200    0.517    0.320    0.121 
 491.300    0.521    0.324    0.123 
 491.400    0.526    0.327    0.125 
 491.500    0.530    0.330    0.127 
 491.600    0.533    0.332    0.128 
 491.700    0.536    0.335    0.129 
 491.800    0.538    0.336    0.130 
 491.900    0.535    0.335    0.130 
 492.000    0.538    0.337    0.131 
 492.100    0.546    0.342    0.133 
 492.200    0.550    0.345    0.134 
 492.300    0.553    0.347    0.135 
 492.400    0.555    0.348    0.136 
 492.500    0.557    0.350    0.136 
 492.600    0.559    0.351    0.137 
 492.700    0.561    0.352    0.137 
 492.800    0.562    0.353    0.138 
 492.900    0.564    0.354    0.138 
 493.000    0.565    0.355    0.138 
 493.100    0.566    0.355    0.138 
 493.200    0.567    0.356    0.139 
 493.300    0.568    0.356    0.139 
 493.400    0.569    0.356    0.139 
 493.500    0.570    0.357    0.139 
 493.600    0.570    0.357    0.139 
 493.700    0.571    0.357    0.138 
 493.800    0.572    0.358    0.138 
 493.900    0.572    0.358    0.138 
 494.000    0.573    0.358    0.138 
 494.100    0.573    0.358    0.138 
 494.200    0.573    0.358    0.138 
 494.300    0.573    0.357    0.137 
 494.400    0.574    0.357    0.137 
 494.500    0.574    0.357    0.137 
 494.600    0.574    0.357    0.136 
 494.700    0.572    0.355    0.136 
 494.800    0.574    0.356    0.136 
 494.900    0.574    0.356    0.135 
 495.000    0.574    0.355    0.135 
 495.100    0.573    0.355    0.134 
 495.200    0.573    0.354    0.134 
 495.300    0.572    0.353    0.133 
 495.400    0.572    0.353    0.133 
 495.500    0.571    0.352    0.132 
 495.600    0.570    0.351    0.131 
 495.700    0.568    0.349    0.131 
 495.800    0.566    0.347    0.130 
 495.900    0.562    0.345    0.128 
 496.000    0.554    0.339    0.126 
 496.100    0.542    0.332    0.123 
 496.200    0.495    0.303    0.112 
 496.300    0.486    0.297    0.109 
 496.400    0.539    0.328    0.121 
 496.500    0.552    0.336    0.123 
 496.600    0.558    0.339    0.124 
 496.700    0.559    0.340    0.124 
 496.800    0.558    0.339    0.123 
 496.900    0.554    0.336    0.122 
 497.000    0.541    0.327    0.118 
 497.100    0.470    0.284    0.102 
 497.200    0.542    0.327    0.118 
 497.300    0.555    0.334    0.120 
 497.400    0.559    0.336    0.120 
 497.500    0.560    0.337    0.120 
 497.600    0.561    0.336    0.120 
 497.700    0.560    0.335    0.119 
 497.800    0.558    0.334    0.118 
 497.900    0.552    0.330    0.116 
 498.000    0.543    0.324    0.114 
 498.100    0.555    0.330    0.116 
 498.200    0.556    0.331    0.116 
 498.300    0.555    0.330    0.115 
 498.400    0.553    0.328    0.114 
 498.500    0.548    0.324    0.112 
 498.600    0.539    0.319    0.110 
 498.700    0.505    0.298    0.102 
 498.800    0.508    0.299    0.103 
 498.900    0.538    0.317    0.108 
 499.000    0.547    0.321    0.109 
 499.100    0.550    0.322    0.109 
 499.200    0.551    0.322    0.109 
 499.300    0.551    0.322    0.109 
 499.400    0.551    0.321    0.108 
 499.500    0.551    0.321    0.107 
 499.600    0.550    0.320    0.107 
 499.700    0.550    0.319    0.106 
 499.800    0.549    0.318    0.106 
 499.900    0.548    0.317    0.105 
 500.000    0.545    0.313    0.102 
 500.100    0.544    0.312    0.102 
 500.200    0.542    0.310    0.101 
 500.300    0.538    0.308    0.099 
 500.400    0.524    0.299    0.096 
 500.500    0.530    0.302    0.097 
 500.600    0.537    0.305    0.098 
 500.700    0.538    0.305    0.097 
 500.800    0.538    0.305    0.097 
 500.900    0.537    0.304    0.096 
 501.000    0.537    0.303    0.095 
 501.100    0.535    0.301    0.094 
 501.200    0.535    0.300    0.094 
 501.300    0.534    0.299    0.093 
 501.400    0.533    0.298    0.092 
 501.500    0.532    0.297    0.091 
 501.600    0.530    0.295    0.091 
 501.700    0.529    0.294    0.090 
 501.800    0.527    0.292    0.089 
 501.900    0.527    0.291    0.088 
 502.000    0.526    0.290    0.087 
 502.100    0.524    0.288    0.086 
 502.200    0.523    0.287    0.085 
 502.300    0.522    0.285    0.084 
 502.400    0.520    0.283    0.083 
 502.500    0.518    0.282    0.082 
 502.600    0.517    0.280    0.081 
 502.700    0.515    0.277    0.080 
 502.800    0.513    0.275    0.078 
 502.900    0.510    0.273    0.077 
 503.000    0.508    0.270    0.076 
 503.100    0.506    0.268    0.074 
 503.200    0.503    0.265    0.073 
 503.300    0.501    0.262    0.071 
 503.400    0.499    0.260    0.070 
 503.500    0.497    0.259    0.069 
 503.600    0.496    0.258    0.069 
 503.700    0.496    0.257    0.068 
 503.800    0.495    0.257    0.068 
 503.900    0.495    0.256    0.068 
 504.000    0.495    0.256    0.068 
 504.100    0.495    0.256    0.068 
 504.200    0.494    0.256    0.068 
 504.300    0.494    0.255    0.067 
 504.400    0.493    0.255    0.067 
 504.500    0.493    0.254    0.067 
 504.600    0.493    0.254    0.067 
 504.700    0.492    0.254    0.067 
 504.800    0.492    0.253    0.066 
 504.900    0.492    0.253    0.066 
 505.000    0.491    0.252    0.066 
 505.100    0.488    0.251    0.065 
 505.200    0.485    0.249    0.065 
 505.300    0.482    0.247    0.064 
 505.400    0.481    0.246    0.064 
 505.500    0.486    0.248    0.064 
 505.600    0.486    0.248    0.064 
 505.700    0.486    0.247    0.063 
 505.800    0.485    0.246    0.063 
 505.900    0.484    0.246    0.062 
 506.000    0.483    0.244    0.062 
 506.100    0.482    0.243    0.061 
 506.200    0.481    0.242    0.061 
 506.300    0.480    0.241    0.060 
 506.400    0.479    0.240    0.059 
 506.500    0.477    0.238    0.059 
 506.600    0.476    0.237    0.058 
 506.700    0.475    0.236    0.058 
 506.800    0.473    0.234    0.057 
 506.900    0.471    0.233    0.056 
 507.000    0.469    0.231    0.055 
 507.100    0.466    0.229    0.055 
 507.200    0.464    0.227    0.054 
 507.300    0.461    0.225    0.053 
 507.400    0.456    0.222    0.052 
 507.500    0.448    0.218    0.051 
 507.600    0.433    0.209    0.048 
 507.700    0.381    0.184    0.042 
 507.800    0.385    0.185    0.042 
 507.900    0.423    0.202    0.046 
 508.000    0.427    0.203    0.046 
 508.100    0.419    0.199    0.044 
 508.200    0.365    0.173    0.038 
 508.300    0.425    0.200    0.044 
 508.400    0.436    0.204    0.044 
 508.500    0.439    0.205    0.044 
 508.600    0.440    0.205    0.044 
 508.700    0.440    0.204    0.043 
 508.800    0.439    0.203    0.043 
 508.900    0.438    0.201    0.042 
 509.000    0.436    0.200    0.041 
 509.100    0.434    0.198    0.041 
 509.200    0.429    0.195    0.040 
 509.300    0.420    0.190    0.039 
 509.400    0.429    0.194    0.039 
 509.500    0.431    0.194    0.039 
 509.600    0.431    0.194    0.039 
 509.700    0.430    0.193    0.038 
 509.800    0.430    0.193    0.038 
 509.900    0.429    0.192    0.038 
 510.000    0.428    0.191    0.038 
 510.100    0.428    0.191    0.037 
 510.200    0.427    0.190    0.037 
 510.300    0.426    0.189    0.037 
 510.400    0.426    0.189    0.037 
 510.500    0.425    0.188    0.036 
 510.600    0.424    0.187    0.036 
 510.700    0.423    0.186    0.036 
 510.800    0.422    0.185    0.035 
 510.900    0.421    0.184    0.035 
 511.000    0.420    0.184    0.035 
 511.100    0.419    0.183    0.034 
 511.200    0.418    0.182    0.034 
 511.300    0.417    0.181    0.034 
 511.400    0.415    0.180    0.033 
 511.500    0.414    0.179    0.033 
 511.600    0.413    0.177    0.032 
 511.700    0.411    0.176    0.032 
 511.800    0.410    0.175    0.032 
 511.900    0.408    0.174    0.031 
 512.000    0.407    0.173    0.031 
 512.100    0.406    0.172    0.030 
 512.200    0.405    0.171    0.030 
 512.300    0.404    0.170    0.030 
 512.400    0.402    0.168    0.029 
 512.500    0.401    0.167    0.029 
 512.600    0.399    0.166    0.028 
 512.700    0.398    0.165    0.028 
 512.800    0.396    0.163    0.027 
 512.900    0.395    0.162    0.027 
 513.000    0.394    0.161    0.027 
 513.100    0.392    0.160    0.026 
 513.200    0.391    0.159    0.026 
 513.300    0.389    0.158    0.026 
 513.400    0.388    0.157    0.025 
 513.500    0.386    0.155    0.025 
 513.600    0.385    0.154    0.024 
 513.700    0.383    0.153    0.024 
 513.800    0.382    0.152    0.024 
 513.900    0.380    0.150    0.023 
 514.000    0.379    0.149    0.023 
 514.100    0.377    0.148    0.022 
 514.200    0.375    0.147    0.022 
 514.300    0.373    0.145    0.022 
 514.400    0.372    0.144    0.021 
 514.500    0.370    0.143    0.021 
 514.600    0.368    0.142    0.021 
 514.700    0.366    0.140    0.020 
 514.800    0.363    0.138    0.020 
 514.900    0.357    0.136    0.019 
 515.000    0.340    0.128    0.018 
 515.100    0.356    0.134    0.019 
 515.200    0.357    0.134    0.018 
 515.300    0.356    0.133    0.018 
 515.400    0.355    0.132    0.018 
 515.500    0.354    0.131    0.018 
 515.600    0.353    0.130    0.017 
 515.700    0.351    0.129    0.017 
 515.800    0.350    0.127    0.017 
 515.900    0.348    0.126    0.016 
 516.000    0.346    0.125    0.016 
 516.100    0.345    0.124    0.016 
 516.200    0.343    0.123    0.015 
 516.300    0.341    0.121    0.015 
 516.400    0.339    0.120    0.015 
 516.500    0.337    0.119    0.015 
 516.600    0.335    0.118    0.014 
 516.700    0.333    0.116    0.014 
 516.800    0.331    0.115    0.014 
 516.900    0.328    0.113    0.013 
 517.000    0.325    0.112    0.013 
 517.100    0.321    0.110    0.013 
 517.200    0.315    0.107    0.012 
 517.300    0.305    0.103    0.012 
 517.400    0.267    0.090    0.010 
 517.500    0.287    0.096    0.011 
 517.600    0.305    0.101    0.011 
 517.700    0.310    0.102    0.011 
 517.800    0.310    0.102    0.011 
 517.900    0.310    0.102    0.011 
 518.000    0.310    0.101    0.010 
 518.100    0.309    0.100    0.010 
 518.200    0.307    0.099    0.010 
 518.300    0.306    0.098    0.010 
 518.400    0.304    0.097    0.010 
 518.500    0.303    0.096    0.009 
 518.600    0.301    0.095    0.009 
 518.700    0.299    0.093    0.009 
 518.800    0.297    0.092    0.009 
 518.900    0.295    0.091    0.009 
 519.000    0.293    0.090    0.008 
 519.100    0.291    0.089    0.008 
 519.200    0.289    0.088    0.008 
 519.300    0.287    0.086    0.008 
 519.400    0.285    0.085    0.007 
 519.500    0.282    0.084    0.007 
 519.600    0.279    0.082    0.007 
 519.700    0.276    0.081    0.007 
 519.800    0.271    0.079    0.007 
 519.900    0.264    0.076    0.006 
 520.000    0.249    0.072    0.006 
 520.100    0.199    0.057    0.005 
 520.200    0.221    0.063    0.005 
 520.300    0.249    0.070    0.005 
 520.400    0.257    0.072    0.006 
 520.500    0.259    0.072    0.005 
 520.600    0.260    0.072    0.005 
 520.700    0.259    0.071    0.005 
 520.800    0.256    0.070    0.005 
 520.900    0.257    0.070    0.005 
 521.000    0.256    0.069    0.005 
 521.100    0.254    0.068    0.005 
 521.200    0.253    0.067    0.005 
 521.300    0.251    0.066    0.004 
 521.400    0.249    0.065    0.004 
 521.500    0.247    0.064    0.004 
 521.600    0.245    0.063    0.004 
 521.700    0.242    0.062    0.004 
 521.800    0.238    0.060    0.004 
 521.900    0.231    0.058    0.004 
 522.000    0.210    0.052    0.003 
 522.100    0.211    0.052    0.003 
 522.200    0.225    0.055    0.003 
 522.300    0.228    0.055    0.003 
 522.400    0.227    0.055    0.003 
 522.500    0.226    0.054    0.003 
 522.600    0.225    0.053    0.003 
 522.700    0.222    0.052    0.003 
 522.800    0.220    0.051    0.003 
 522.900    0.216    0.050    0.003 
 523.000    0.212    0.049    0.003 
 523.100    0.205    0.047    0.002 
 523.200    0.188    0.043    0.002 
 523.300    0.120    0.027    0.001 
 523.400    0.179    0.040    0.002 
 523.500    0.190    0.042    0.002 
 523.600    0.197    0.043    0.002 
 523.700    0.201    0.043    0.002 
 523.800    0.201    0.043    0.002 
 523.900    0.201    0.043    0.002 
 524.000    0.200    0.042    0.002 
 524.100    0.198    0.041    0.002 
 524.200    0.197    0.041    0.002 
 524.300    0.195    0.040    0.002 
 524.400    0.194    0.039    0.002 
 524.500    0.193    0.039    0.002 
 524.600    0.191    0.038    0.001 
 524.700    0.189    0.037    0.001 
 524.800    0.187    0.036    0.001 
 524.900    0.185    0.036    0.001 
 525.000    0.183    0.035    0.001 
 525.100    0.182    0.034    0.001 
 525.200    0.180    0.034    0.001 
 525.300    0.178    0.033    0.001 
 525.400    0.176    0.032    0.001 
 525.500    0.174    0.032    0.001 
 525.600    0.172    0.031    0.001 
 525.700    0.170    0.030    0.001 
 525.800    0.169    0.030    0.001 
 525.900    0.167    0.029    0.001 
 526.000    0.165    0.028    0.001 
 526.100    0.163    0.028    0.001 
 526.200    0.161    0.027    0.001 
 526.300    0.159    0.026    0.001 
 526.400    0.157    0.026    0.001 
 526.500    0.156    0.025    0.001 
 526.600    0.154    0.025    0.001 
 526.700    0.152    0.024    0.001 
 526.800    0.150    0.023    0.001 
 526.900    0.148    0.023    0.001 
 527.000    0.146    0.022    0.001 
 527.100    0.145    0.022    0.000 
 527.200    0.143    0.021    0.000 
 527.300    0.141    0.021    0.000 
 527.400    0.139    0.020    0.000 
 527.500    0.137    0.020    0.000 
 527.600    0.136    0.019    0.000 
 527.700    0.134    0.019    0.000 
 527.800    0.132    0.018    0.000 
 527.900    0.130    0.018    0.000 
 528.000    0.128    0.017    0.000 
 528.100    0.127    0.017    0.000 
 528.200    0.125    0.016    0.000 
 528.300    0.123    0.016    0.000 
 528.400    0.121    0.015    0.000 
 528.500    0.120    0.015    0.000 
 528.600    0.118    0.014    0.000 
 528.700    0.116    0.014    0.000 
 528.800    0.114    0.014    0.000 
 528.900    0.113    0.013    0.000 
 529.000    0.111    0.013    0.000 
 529.100    0.109    0.012    0.000 
 529.200    0.107    0.012    0.000 
 529.300    0.106    0.012    0.000 
 529.400    0.104    0.011    0.000 
 529.500    0.102    0.011    0.000 
 529.600    0.099    0.010    0.000 
 529.700    0.093    0.010    0.000 
 529.800    0.096    0.010    0.000 
 529.900    0.095    0.009    0.000 
 530.000    0.094    0.009    0.000 
 530.100    0.092    0.009    0.000 
 530.200    0.091    0.009    0.000 
 530.300    0.089    0.008    0.000 
 530.400    0.088    0.008    0.000 
 530.500    0.085    0.008    0.000 
 530.600    0.084    0.007    0.000 
 530.700    0.083    0.007    0.000 
 530.800    0.081    0.007    0.000 
 530.900    0.080    0.007    0.000 
 531.000    0.078    0.006    0.000 
 531.100    0.076    0.006    0.000 
 531.200    0.075    0.006    0.000 
 531.300    0.074    0.006    0.000 
 531.400    0.072    0.005    0.000 
 531.500    0.071    0.005    0.000 
 531.600    0.070    0.005    0.000 
 531.700    0.068    0.005    0.000 
 531.800    0.067    0.005    0.000 
 531.900    0.065    0.004    0.000 
 532.000    0.064    0.004    0.000 
 532.100    0.063    0.004    0.000 
 532.200    0.061    0.004    0.000 
 532.300    0.060    0.004    0.000 
 532.400    0.059    0.004    0.000 
 532.500    0.057    0.003    0.000 
 532.600    0.056    0.003    0.000 
 532.700    0.055    0.003    0.000 
 532.800    0.053    0.003    0.000 
 532.900    0.052    0.003    0.000 
 533.000    0.051    0.003    0.000 
 533.100    0.049    0.003    0.000 
 533.200    0.048    0.002    0.000 
 533.300    0.047    0.002    0.000 
 533.400    0.046    0.002    0.000 
 533.500    0.045    0.002    0.000 
 533.600    0.043    0.002    0.000 
 533.700    0.042    0.002    0.000 
 533.800    0.041    0.002    0.000 
 533.900    0.040    0.002    0.000 
 534.000    0.039    0.002    0.000 
 534.100    0.037    0.001    0.000 
 534.200    0.035    0.001    0.000 
 534.300    0.032    0.001    0.000 
 534.400    0.034    0.001    0.000 
 534.500    0.033    0.001    0.000 
 534.600    0.032    0.001    0.000 
 534.700    0.032    0.001    0.000 
 534.800    0.031    0.001    0.000 
 534.900    0.029    0.001    0.000 
 535.000    0.028    0.001    0.000 
 535.100    0.027    0.001    0.000 
 535.200    0.027    0.001    0.000 
 535.300    0.026    0.001    0.000 
 535.400    0.025    0.001    0.000 
 535.500    0.024    0.001    0.000 
 535.600    0.023    0.001    0.000 
 535.700    0.022    0.001    0.000 
 535.800    0.021    0.000    0.000 
 535.900    0.019    0.000    0.000 
 536.000    0.019    0.000    0.000 
 536.100    0.019    0.000    0.000 
 536.200    0.018    0.000    0.000 
 536.300    0.018    0.000    0.000 
 536.400    0.017    0.000    0.000 
 536.500    0.016    0.000    0.000 
 536.600    0.016    0.000    0.000 
 536.700    0.015    0.000    0.000 
 536.800    0.015    0.000    0.000 
 536.900    0.014    0.000    0.000 
 537.000    0.013    0.000    0.000 
 537.100    0.013    0.000    0.000 
 537.200    0.012    0.000    0.000 
 537.300    0.012    0.000    0.000 
 537.400    0.011    0.000    0.000 
 537.500    0.011    0.000    0.000 
 537.600    0.010    0.000    0.000 
 537.700    0.010    0.000    0.000 
 537.800    0.009    0.000    0.000 
 537.900    0.009    0.000    0.000 
 538.000    0.008    0.000    0.000 
 538.100    0.008    0.000    0.000 
 538.200    0.008    0.000    0.000 
 538.300    0.007    0.000    0.000 
 538.400    0.007    0.000    0.000 
 538.500    0.006    0.000    0.000 
 538.600    0.006    0.000    0.000 
 538.700    0.006    0.000    0.000 
 538.800    0.005    0.000    0.000 
 538.900    0.005    0.000    0.000 
 539.000    0.005    0.000    0.000 
 539.100    0.004    0.000    0.000 
 539.200    0.004    0.000    0.000 
 539.300    0.004    0.000    0.000 
 539.400    0.003    0.000    0.000 
 539.500    0.003    0.000    0.000 
 539.600    0.003    0.000    0.000 
 539.700    0.003    0.000    0.000 
 539.800    0.003    0.000    0.000 
 539.900    0.003    0.000    0.000 
 540.000    0.003    0.000    0.000 
 540.100    0.002    0.000    0.000 
 540.200    0.002    0.000    0.000 
 540.300    0.002    0.000    0.000 
 540.400    0.002    0.000    0.000 
 540.500    0.002    0.000    0.000 
 540.600    0.002    0.000    0.000 
 540.700    0.001    0.000    0.000 
 540.800    0.001    0.000    0.000 
 540.900    0.001    0.000    0.000 
 541.000    0.001    0.000    0.000 
 541.100    0.001    0.000    0.000 
 541.200    0.001    0.000    0.000 
 541.300    0.001    0.000    0.000 
 541.400    0.001    0.000    0.000 
 541.500    0.001    0.000    0.000 
 541.600    0.001    0.000    0.000 
 541.700    0.001    0.000    0.000 
 541.800    0.001    0.000    0.000 
 541.900    0.001    0.000    0.000 
 542.000    0.000    0.000    0.000 
 542.100    0.000    0.000    0.000 
 542.200    0.000    0.000    0.000 
 542.300    0.000    0.000    0.000 
 542.400    0.000    0.000    0.000 
 542.500    0.000    0.000    0.000 
 542.600    0.000    0.000    0.000 
 542.700    0.000    0.000    0.000 
 542.800    0.000    0.000    0.000 
 542.900    0.000    0.000    0.000 
 543.000    0.000    0.000    0.000 
 543.100    0.000    0.000    0.000 
 543.200    0.000    0.000    0.000 
 543.300    0.000    0.000    0.000 
 543.400    0.000    0.000    0.000 
 543.500    0.000    0.000    0.000 
 543.600    0.000    0.000    0.000 
 543.700    0.000    0.000    0.000 
 543.800    0.000    0.000    0.000 
 543.900    0.000    0.000    0.000 
 544.000    0.000    0.000    0.000 
 544.100    0.000    0.000    0.000 
 544.200    0.000    0.000    0.000 
 544.300    0.000    0.000    0.000 
 544.400    0.000    0.000    0.000 
 544.500    0.000    0.000    0.000 
 544.600    0.000    0.000    0.000 
 544.700    0.000    0.000    0.000 
 544.800    0.000    0.000    0.000 
 544.900    0.000    0.000    0.000 
 545.000    0.000    0.000    0.000 
 545.100    0.000    0.000    0.000 
 545.200    0.000    0.000    0.000 
 545.300    0.000    0.000    0.000 
 545.400    0.000    0.000    0.000 
 545.500    0.000    0.000    0.000 
 545.600    0.000    0.000    0.000 
 545.700    0.000    0.000    0.000 
 545.800    0.000    0.000    0.000 
 545.900    0.000    0.000    0.000 
 546.000    0.000    0.000    0.000 
 546.100    0.000    0.000    0.000 
 546.200    0.000    0.000    0.000 
 546.300    0.000    0.000    0.000 
 546.400    0.000    0.000    0.000 
 546.500    0.000    0.000    0.000 
 546.600    0.000    0.000    0.000 
 546.700    0.000    0.000    0.000 
 546.800    0.000    0.000    0.000 
 546.900    0.000    0.000    0.000 
 547.000    0.000    0.000    0.000 
 547.100    0.000    0.000    0.000 
 547.200    0.000    0.000    0.000 
 547.300    0.000    0.000    0.000 
 547.400    0.000    0.000    0.000 
 547.500    0.000    0.000    0.000 
 547.600    0.000    0.000    0.000 
 547.700    0.000    0.000    0.000 
 547.800    0.000    0.000    0.000 
 547.900    0.000    0.000    0.000 
 548.000    0.000    0.000    0.000 
 548.100    0.000    0.000    0.000 
 548.200    0.000    0.000    0.000 
 548.300    0.000    0.000    0.000 
 548.400    0.000    0.000    0.000 
 548.500    0.000    0.000    0.000 
 548.600    0.000    0.000    0.000 
 548.700    0.000    0.000    0.000 
 548.800    0.000    0.000    0.000 
 548.900    0.000    0.000    0.000 
 549.000    0.000    0.000    0.000 
 549.100    0.000    0.000    0.000 
 549.200    0.000    0.000    0.000 
 549.300    0.000    0.000    0.000 
 549.400    0.000    0.000    0.000 
 549.500    0.000    0.000    0.000 
 549.600    0.000    0.000    0.000 
 549.700    0.000    0.000    0.000 
 549.800    0.000    0.000    0.000 
 549.900    0.000    0.000    0.000 
 550.000    0.000    0.000    0.000 
 550.100    0.000    0.000    0.000 
 550.200    0.000    0.000    0.000 
 550.300    0.000    0.000    0.000 
 550.400    0.000    0.000    0.000 
 550.500    0.000    0.000    0.000 
 550.600    0.000    0.000    0.000 
 550.700    0.000    0.000    0.000 
 550.800    0.000    0.000    0.000 
 550.900    0.000    0.000    0.000 
 551.000    0.000    0.000    0.000 
 551.100    0.000    0.000    0.000 
 551.200    0.000    0.000    0.000 
 551.300    0.000    0.000    0.000 
 551.400    0.000    0.000    0.000 
 551.500    0.000    0.000    0.000 
 551.600    0.000    0.000    0.000 
 551.700    0.000    0.000    0.000 
 551.800    0.000    0.000    0.000 
 551.900    0.000    0.000    0.000 
 552.000    0.000    0.000    0.000 
 552.100    0.000    0.000    0.000 
 552.200    0.000    0.000    0.000 
 552.300    0.000    0.000    0.000 
 552.400    0.000    0.000    0.000 
 552.500    0.000    0.000    0.000 
 552.600    0.000    0.000    0.000 
 552.700    0.000    0.000    0.000 
 552.800    0.000    0.000    0.000 
 552.900    0.000    0.000    0.000 
 553.000    0.000    0.000    0.000 
 553.100    0.000    0.000    0.000 
 553.200    0.000    0.000    0.000 
 553.300    0.000    0.000    0.000 
 553.400    0.000    0.000    0.000 
 553.500    0.000    0.000    0.000 
 553.600    0.000    0.000    0.000 
 553.700    0.000    0.000    0.000 
 553.800    0.000    0.000    0.000 
 553.900    0.000    0.000    0.000 
 554.000    0.000    0.000    0.000 
 554.100    0.000    0.000    0.000 
 554.200    0.000    0.000    0.000 
 554.300    0.000    0.000    0.000 
 554.400    0.000    0.000    0.000 
 554.500    0.000    0.000    0.000 
 554.600    0.000    0.000    0.000 
 554.700    0.000    0.000    0.000 
 554.800    0.000    0.000    0.000 
 554.900    0.000    0.000    0.000 
 555.000    0.000    0.000    0.000 
 555.100    0.000    0.000    0.000 
 555.200    0.000    0.000    0.000 
 555.300    0.000    0.000    0.000 
 555.400    0.000    0.000    0.000 
 555.500    0.000    0.000    0.000 
 555.600    0.000    0.000    0.000 
 555.700    0.000    0.000    0.000 
 555.800    0.000    0.000    0.000 
 555.900    0.000    0.000    0.000 
 556.000    0.000    0.000    0.000 
 556.100    0.000    0.000    0.000 
 556.200    0.000    0.000    0.000 
 556.300    0.000    0.000    0.000 
 556.400    0.000    0.000    0.000 
 556.500    0.000    0.000    0.000 
 556.600    0.000    0.000    0.000 
 556.700    0.000    0.000    0.000 
 556.800    0.000    0.000    0.000 
 556.900    0.000    0.000    0.000 
 557.000    0.000    0.000    0.000 
 557.100    0.000    0.000    0.000 
 557.200    0.000    0.000    0.000 
 557.300    0.000    0.000    0.000 
 557.400    0.000    0.000    0.000 
 557.500    0.000    0.000    0.000 
 557.600    0.000    0.000    0.000 
 557.700    0.000    0.000    0.000 
 557.800    0.000    0.000    0.000 
 557.900    0.000    0.000    0.000 
 558.000    0.000    0.000    0.000 
 558.100    0.000    0.000    0.000 
 558.200    0.000    0.000    0.000 
 558.300    0.000    0.000    0.000 
 558.400    0.000    0.000    0.000 
 558.500    0.000    0.000    0.000 
 558.600    0.000    0.000    0.000 
 558.700    0.000    0.000    0.000 
 558.800    0.000    0.000    0.000 
 558.900    0.000    0.000    0.000 
 559.000    0.000    0.000    0.000 
 559.100    0.000    0.000    0.000 
 559.200    0.000    0.000    0.000 
 559.300    0.000    0.000    0.000 
 559.400    0.000    0.000    0.000 
 559.500    0.000    0.000    0.000 
 559.600    0.000    0.000    0.000 
 559.700    0.000    0.000    0.000 
 559.800    0.000    0.000    0.000 
 559.900    0.000    0.000    0.000 
 560.000    0.000    0.000    0.000 
 560.100    0.000    0.000    0.000 
 560.200    0.000    0.000    0.000 
 560.300    0.000    0.000    0.000 
 560.400    0.000    0.000    0.000 
 560.500    0.000    0.000    0.000 
 560.600    0.000    0.000    0.000 
 560.700    0.000    0.000    0.000 
 560.800    0.000    0.000    0.000 
 560.900    0.000    0.000    0.000 
 561.000    0.000    0.000    0.000 
 561.100    0.000    0.000    0.000 
 561.200    0.000    0.000    0.000 
 561.300    0.000    0.000    0.000 
 561.400    0.000    0.000    0.000 
 561.500    0.000    0.000    0.000 
 561.600    0.000    0.000    0.000 
 561.700    0.000    0.000    0.000 
 561.800    0.000    0.000    0.000 
 561.900    0.000    0.000    0.000 
 562.000    0.000    0.000    0.000 
 562.100    0.000    0.000    0.000 
 562.200    0.000    0.000    0.000 
 562.300    0.000    0.000    0.000 
 562.400    0.000    0.000    0.000 
 562.500    0.000    0.000    0.000 
 562.600    0.000    0.000    0.000 
 562.700    0.000    0.000    0.000 
 562.800    0.000    0.000    0.000 
 562.900    0.000    0.000    0.000 
 563.000    0.000    0.000    0.000 
 563.100    0.000    0.000    0.000 
 563.200    0.000    0.000    0.000 
 563.300    0.000    0.000    0.000 
 563.400    0.000    0.000    0.000 
 563.500    0.000    0.000    0.000 
 563.600    0.000    0.000    0.000 
 563.700    0.000    0.000    0.000 
 563.800    0.000    0.000    0.000 
 563.900    0.000    0.000    0.000 
 564.000    0.000    0.000    0.000 
 564.100    0.000    0.000    0.000 
 564.200    0.000    0.000    0.000 
 564.300    0.000    0.000    0.000 
 564.400    0.000    0.000    0.000 
 564.500    0.000    0.000    0.000 
 564.600    0.000    0.000    0.000 
 564.700    0.000    0.000    0.000 
 564.800    0.000    0.000    0.000 
 564.900    0.000    0.000    0.000 
 565.000    0.000    0.000    0.000 
 565.100    0.000    0.000    0.000 
 565.200    0.000    0.000    0.000 
 565.300    0.000    0.000    0.000 
 565.400    0.000    0.000    0.000 
 565.500    0.000    0.000    0.000 
 565.600    0.000    0.000    0.000 
 565.700    0.000    0.000    0.000 
 565.800    0.000    0.000    0.000 
 565.900    0.000    0.000    0.000 
 566.000    0.000    0.000    0.000 
 566.100    0.000    0.000    0.000 
 566.200    0.000    0.000    0.000 
 566.300    0.000    0.000    0.000 
 566.400    0.000    0.000    0.000 
 566.500    0.000    0.000    0.000 
 566.600    0.000    0.000    0.000 
 566.700    0.000    0.000    0.000 
 566.800    0.000    0.000    0.000 
 566.900    0.000    0.000    0.000 
 567.000    0.000    0.000    0.000 
 567.100    0.000    0.000    0.000 
 567.200    0.000    0.000    0.000 
 567.300    0.000    0.000    0.000 
 567.400    0.000    0.000    0.000 
 567.500    0.000    0.000    0.000 
 567.600    0.000    0.000    0.000 
 567.700    0.000    0.000    0.000 
 567.800    0.000    0.000    0.000 
 567.900    0.000    0.000    0.000 
 568.000    0.000    0.000    0.000 
 568.100    0.000    0.000    0.000 
 568.200    0.000    0.000    0.000 
 568.300    0.000    0.000    0.000 
 568.400    0.000    0.000    0.000 
 568.500    0.000    0.000    0.000 
 568.600    0.000    0.000    0.000 
 568.700    0.000    0.000    0.000 
 568.800    0.000    0.000    0.000 
 568.900    0.000    0.000    0.000 
 569.000    0.000    0.000    0.000 
 569.100    0.000    0.000    0.000 
 569.200    0.000    0.000    0.000 
 569.300    0.000    0.000    0.000 
 569.400    0.000    0.000    0.000 
 569.500    0.000    0.000    0.000 
 569.600    0.000    0.000    0.000 
 569.700    0.000    0.000    0.000 
 569.800    0.000    0.000    0.000 
 569.900    0.000    0.000    0.000 
 570.000    0.000    0.000    0.000 
 570.100    0.000    0.000    0.000 
 570.200    0.000    0.000    0.000 
 570.300    0.000    0.000    0.000 
 570.400    0.000    0.000    0.000 
 570.500    0.000    0.000    0.000 
 570.600    0.000    0.000    0.000 
 570.700    0.000    0.000    0.000 
 570.800    0.000    0.000    0.000 
 570.900    0.000    0.000    0.000 
 571.000    0.000    0.000    0.000 
 571.100    0.000    0.000    0.000 
 571.200    0.000    0.000    0.000 
 571.300    0.000    0.000    0.000 
 571.400    0.000    0.000    0.000 
 571.500    0.000    0.000    0.000 
 571.600    0.000    0.000    0.000 
 571.700    0.000    0.000    0.000 
 571.800    0.000    0.000    0.000 
 571.900    0.000    0.000    0.000 
 572.000    0.000    0.000    0.000 
 572.100    0.000    0.000    0.000 
 572.200    0.000    0.000    0.000 
 572.300    0.000    0.000    0.000 
 572.400    0.000    0.000    0.000 
 572.500    0.000    0.000    0.000 
 572.600    0.000    0.000    0.000 
 572.700    0.000    0.000    0.000 
 572.800    0.000    0.000    0.000 
 572.900    0.001    0.000    0.000 
 573.000    0.001    0.000    0.000 
 573.100    0.001    0.000    0.000 
 573.200    0.001    0.000    0.000 
 573.300    0.001    0.000    0.000 
 573.400    0.001    0.000    0.000 
 573.500    0.001    0.000    0.000 
 573.600    0.001    0.000    0.000 
 573.700    0.001    0.000    0.000 
 573.800    0.001    0.000    0.000 
 573.900    0.001    0.000    0.000 
 574.000    0.001    0.000    0.000 
 574.100    0.001    0.000    0.000 
 574.200    0.002    0.000    0.000 
 574.300    0.002    0.000    0.000 
 574.400    0.002    0.000    0.000 
 574.500    0.002    0.000    0.000 
 574.600    0.002    0.000    0.000 
 574.700    0.002    0.000    0.000 
 574.800    0.002    0.000    0.000 
 574.900    0.002    0.000    0.000 
 575.000    0.003    0.000    0.000 
 575.100    0.003    0.000    0.000 
 575.200    0.003    0.000    0.000 
 575.300    0.003    0.000    0.000 
 575.400    0.003    0.000    0.000 
 575.500    0.004    0.000    0.000 
 575.600    0.004    0.000    0.000 
 575.700    0.004    0.000    0.000 
 575.800    0.004    0.000    0.000 
 575.900    0.004    0.000    0.000 
 576.000    0.005    0.000    0.000 
 576.100    0.005    0.000    0.000 
 576.200    0.005    0.000    0.000 
 576.300    0.005    0.000    0.000 
 576.400    0.005    0.000    0.000 
 576.500    0.005    0.000    0.000 
 576.600    0.006    0.000    0.000 
 576.700    0.006    0.000    0.000 
 576.800    0.007    0.000    0.000 
 576.900    0.007    0.000    0.000 
 577.000    0.007    0.000    0.000 
 577.100    0.008    0.000    0.000 
 577.200    0.008    0.000    0.000 
 577.300    0.009    0.000    0.000 
 577.400    0.009    0.000    0.000 
 577.500    0.009    0.000    0.000 
 577.600    0.010    0.000    0.000 
 577.700    0.010    0.000    0.000 
 577.800    0.011    0.000    0.000 
 577.900    0.011    0.000    0.000 
 578.000    0.011    0.000    0.000 
 578.100    0.012    0.000    0.000 
 578.200    0.012    0.000    0.000 
 578.300    0.013    0.000    0.000 
 578.400    0.013    0.000    0.000 
 578.500    0.014    0.000    0.000 
 578.600    0.014    0.000    0.000 
 578.700    0.015    0.000    0.000 
 578.800    0.015    0.000    0.000 
 578.900    0.016    0.000    0.000 
 579.000    0.016    0.000    0.000 
 579.100    0.017    0.000    0.000 
 579.200    0.018    0.000    0.000 
 579.300    0.018    0.000    0.000 
 579.400    0.019    0.000    0.000 
 579.500    0.019    0.000    0.000 
 579.600    0.020    0.000    0.000 
 579.700    0.021    0.000    0.000 
 579.800    0.021    0.000    0.000 
 579.900    0.022    0.001    0.000 
 580.000    0.022    0.001    0.000 
 580.100    0.023    0.001    0.000 
 580.200    0.024    0.001    0.000 
 580.300    0.025    0.001    0.000 
 580.400    0.025    0.001    0.000 
 580.500    0.026    0.001    0.000 
 580.600    0.027    0.001    0.000 
 580.700    0.027    0.001    0.000 
 580.800    0.028    0.001    0.000 
 580.900    0.029    0.001    0.000 
 581.000    0.030    0.001    0.000 
 581.100    0.030    0.001    0.000 
 581.200    0.031    0.001    0.000 
 581.300    0.032    0.001    0.000 
 581.400    0.033    0.001    0.000 
 581.500    0.033    0.001    0.000 
 581.600    0.034    0.001    0.000 
 581.700    0.035    0.001    0.000 
 581.800    0.035    0.001    0.000 
 581.900    0.036    0.001    0.000 
 582.000    0.035    0.001    0.000 
 582.100    0.031    0.001    0.000 
 582.200    0.033    0.001    0.000 
 582.300    0.036    0.002    0.000 
 582.400    0.039    0.002    0.000 
 582.500    0.041    0.002    0.000 
 582.600    0.042    0.002    0.000 
 582.700    0.044    0.002    0.000 
 582.800    0.045    0.002    0.000 
 582.900    0.046    0.002    0.000 
 583.000    0.047    0.002    0.000 
 583.100    0.048    0.002    0.000 
 583.200    0.049    0.003    0.000 
 583.300    0.049    0.003    0.000 
 583.400    0.049    0.003    0.000 
 583.500    0.047    0.003    0.000 
 583.600    0.052    0.003    0.000 
 583.700    0.054    0.003    0.000 
 583.800    0.055    0.003    0.000 
 583.900    0.056    0.003    0.000 
 584.000    0.057    0.003    0.000 
 584.100    0.059    0.004    0.000 
 584.200    0.060    0.004    0.000 
 584.300    0.061    0.004    0.000 
 584.400    0.062    0.004    0.000 
 584.500    0.063    0.004    0.000 
 584.600    0.064    0.004    0.000 
 584.700    0.065    0.004    0.000 
 584.800    0.067    0.005    0.000 
 584.900    0.068    0.005    0.000 
 585.000    0.069    0.005    0.000 
 585.100    0.070    0.005    0.000 
 585.200    0.071    0.005    0.000 
 585.300    0.072    0.005    0.000 
 585.400    0.073    0.006    0.000 
 585.500    0.075    0.006    0.000 
 585.600    0.076    0.006    0.000 
 585.700    0.077    0.006    0.000 
 585.800    0.078    0.006    0.000 
 585.900    0.079    0.007    0.000 
 586.000    0.081    0.007    0.000 
 586.100    0.082    0.007    0.000 
 586.200    0.083    0.007    0.000 
 586.300    0.084    0.007    0.000 
 586.400    0.085    0.008    0.000 
 586.500    0.087    0.008    0.000 
 586.600    0.088    0.008    0.000 
 586.700    0.089    0.008    0.000 
 586.800    0.090    0.009    0.000 
 586.900    0.092    0.009    0.000 
 587.000    0.093    0.009    0.000 
 587.100    0.094    0.009    0.000 
 587.200    0.095    0.010    0.000 
 587.300    0.097    0.010    0.000 
 587.400    0.098    0.010    0.000 
 587.500    0.099    0.010    0.000 
 587.600    0.101    0.011    0.000 
 587.700    0.102    0.011    0.000 
 587.800    0.103    0.011    0.000 
 587.900    0.104    0.011    0.000 
 588.000    0.106    0.012    0.000 
 588.100    0.107    0.012    0.000 
 588.200    0.108    0.012    0.000 
 588.300    0.110    0.013    0.000 
 588.400    0.111    0.013    0.000 
 588.500    0.112    0.013    0.000 
 588.600    0.114    0.013    0.000 
 588.700    0.115    0.014    0.000 
 588.800    0.116    0.014    0.000 
 588.900    0.117    0.014    0.000 
 589.000    0.118    0.015    0.000 
 589.100    0.118    0.015    0.000 
 589.200    0.121    0.015    0.000 
 589.300    0.123    0.016    0.000 
 589.400    0.124    0.016    0.000 
 589.500    0.125    0.016    0.000 
 589.600    0.127    0.017    0.000 
 589.700    0.128    0.017    0.000 
 589.800    0.129    0.017    0.000 
 589.900    0.130    0.018    0.000 
 590.000    0.132    0.018    0.000 
 590.100    0.133    0.018    0.000 
 590.200    0.133    0.019    0.000 
 590.300    0.131    0.019    0.000 
 590.400    0.134    0.019    0.000 
 590.500    0.137    0.020    0.000 
 590.600    0.139    0.020    0.000 
 590.700    0.140    0.021    0.000 
 590.800    0.141    0.021    0.000 
 590.900    0.141    0.021    0.000 
 591.000    0.136    0.021    0.000 
 591.100    0.142    0.022    0.001 
 591.200    0.141    0.022    0.001 
 591.300    0.143    0.022    0.001 
 591.400    0.148    0.023    0.001 
 591.500    0.151    0.024    0.001 
 591.600    0.153    0.025    0.001 
 591.700    0.154    0.025    0.001 
 591.800    0.156    0.025    0.001 
 591.900    0.157    0.026    0.001 
 592.000    0.158    0.026    0.001 
 592.100    0.159    0.027    0.001 
 592.200    0.160    0.027    0.001 
 592.300    0.161    0.028    0.001 
 592.400    0.161    0.028    0.001 
 592.500    0.160    0.028    0.001 
 592.600    0.148    0.026    0.001 
 592.700    0.157    0.028    0.001 
 592.800    0.165    0.029    0.001 
 592.900    0.169    0.030    0.001 
 593.000    0.171    0.031    0.001 
 593.100    0.173    0.031    0.001 
 593.200    0.174    0.032    0.001 
 593.300    0.176    0.033    0.001 
 593.400    0.177    0.033    0.001 
 593.500    0.179    0.034    0.001 
 593.600    0.180    0.034    0.001 
 593.700    0.182    0.035    0.001 
 593.800    0.183    0.035    0.001 
 593.900    0.184    0.036    0.001 
 594.000    0.186    0.036    0.001 
 594.100    0.186    0.037    0.001 
 594.200    0.187    0.037    0.001 
 594.300    0.188    0.037    0.001 
 594.400    0.190    0.038    0.001 
 594.500    0.190    0.038    0.002 
 594.600    0.191    0.039    0.002 
 594.700    0.191    0.039    0.002 
 594.800    0.191    0.039    0.002 
 594.900    0.188    0.039    0.002 
 595.000    0.177    0.037    0.002 
 595.100    0.152    0.032    0.001 
 595.200    0.186    0.039    0.002 
 595.300    0.195    0.041    0.002 
 595.400    0.199    0.043    0.002 
 595.500    0.202    0.043    0.002 
 595.600    0.204    0.044    0.002 
 595.700    0.206    0.045    0.002 
 595.800    0.208    0.046    0.002 
 595.900    0.209    0.046    0.002 
 596.000    0.211    0.047    0.002 
 596.100    0.213    0.047    0.002 
 596.200    0.214    0.048    0.002 
 596.300    0.215    0.049    0.002 
 596.400    0.217    0.049    0.002 
 596.500    0.218    0.050    0.003 
 596.600    0.219    0.050    0.003 
 596.700    0.220    0.051    0.003 
 596.800    0.221    0.051    0.003 
 596.900    0.223    0.052    0.003 
 597.000    0.224    0.052    0.003 
 597.100    0.225    0.053    0.003 
 597.200    0.226    0.054    0.003 
 597.300    0.227    0.054    0.003 
 597.400    0.228    0.055    0.003 
 597.500    0.230    0.055    0.003 
 597.600    0.231    0.056    0.003 
 597.700    0.232    0.056    0.003 
 597.800    0.233    0.057    0.003 
 597.900    0.234    0.057    0.003 
 598.000    0.235    0.058    0.003 
 598.100    0.235    0.058    0.003 
 598.200    0.236    0.059    0.004 
 598.300    0.237    0.059    0.004 
 598.400    0.238    0.059    0.004 
 598.500    0.239    0.060    0.004 
 598.600    0.240    0.060    0.004 
 598.700    0.241    0.061    0.004 
 598.800    0.241    0.061    0.004 
 598.900    0.242    0.061    0.004 
 599.000    0.243    0.062    0.004 
 599.100    0.243    0.062    0.004 
 599.200    0.244    0.062    0.004 
 599.300    0.244    0.063    0.004 
 599.400    0.245    0.063    0.004 
 599.500    0.245    0.063    0.004 
 599.600    0.245    0.063    0.004 
 599.700    0.246    0.064    0.004 
 599.800    0.245    0.064    0.004 
 599.900    0.243    0.063    0.004 
 600.000    0.236    0.062    0.004 
 600.100    0.247    0.065    0.004 
 600.200    0.251    0.066    0.005 
 600.300    0.253    0.067    0.005 
 600.400    0.255    0.068    0.005 
 600.500    0.257    0.069    0.005 
 600.600    0.259    0.070    0.005 
 600.700    0.260    0.071    0.005 
 600.800    0.262    0.072    0.005 
 600.900    0.264    0.073    0.005 
 601.000    0.265    0.074    0.006 
 601.100    0.267    0.075    0.006 
 601.200    0.269    0.076    0.006 
 601.300    0.271    0.077    0.006 
 601.400    0.272    0.078    0.006 
 601.500    0.274    0.079    0.006 
 601.600    0.275    0.079    0.006 
 601.700    0.276    0.080    0.007 
 601.800    0.278    0.081    0.007 
 601.900    0.279    0.082    0.007 
 602.000    0.281    0.083    0.007 
 602.100    0.282    0.083    0.007 
 602.200    0.283    0.084    0.007 
 602.300    0.285    0.085    0.007 
 602.400    0.286    0.086    0.008 
 602.500    0.287    0.086    0.008 
 602.600    0.288    0.087    0.008 
 602.700    0.289    0.088    0.008 
 602.800    0.290    0.088    0.008 
 602.900    0.292    0.089    0.008 
 603.000    0.293    0.090    0.008 
 603.100    0.294    0.091    0.008 
 603.200    0.295    0.091    0.009 
 603.300    0.296    0.092    0.009 
 603.400    0.298    0.093    0.009 
 603.500    0.299    0.094    0.009 
 603.600    0.300    0.094    0.009 
 603.700    0.301    0.095    0.009 
 603.800    0.302    0.096    0.009 
 603.900    0.303    0.096    0.010 
 604.000    0.304    0.097    0.010 
 604.100    0.305    0.097    0.010 
 604.200    0.306    0.098    0.010 
 604.300    0.307    0.099    0.010 
 604.400    0.308    0.099    0.010 
 604.500    0.309    0.100    0.010 
 604.600    0.310    0.101    0.010 
 604.700    0.311    0.101    0.011 
 604.800    0.312    0.102    0.011 
 604.900    0.313    0.103    0.011 
 605.000    0.314    0.103    0.011 
 605.100    0.315    0.104    0.011 
 605.200    0.315    0.104    0.011 
 605.300    0.316    0.105    0.011 
 605.400    0.317    0.106    0.011 
 605.500    0.318    0.106    0.012 
 605.600    0.319    0.107    0.012 
 605.700    0.320    0.107    0.012 
 605.800    0.320    0.108    0.012 
 605.900    0.321    0.108    0.012 
 606.000    0.322    0.109    0.012 
 606.100    0.323    0.110    0.012 
 606.200    0.324    0.110    0.013 
 606.300    0.325    0.111    0.013 
 606.400    0.326    0.111    0.013 
 606.500    0.326    0.112    0.013 
 606.600    0.327    0.112    0.013 
 606.700    0.328    0.113    0.013 
 606.800    0.329    0.113    0.013 
 606.900    0.329    0.114    0.013 
 607.000    0.330    0.114    0.013 
 607.100    0.330    0.115    0.014 
 607.200    0.328    0.114    0.014 
 607.300    0.331    0.116    0.014 
 607.400    0.332    0.116    0.014 
 607.500    0.333    0.117    0.014 
 607.600    0.333    0.117    0.014 
 607.700    0.332    0.117    0.014 
 607.800    0.329    0.116    0.014 
 607.900    0.330    0.116    0.014 
 608.000    0.334    0.118    0.015 
 608.100    0.336    0.119    0.015 
 608.200    0.337    0.120    0.015 
 608.300    0.338    0.120    0.015 
 608.400    0.338    0.120    0.015 
 608.500    0.339    0.121    0.015 
 608.600    0.339    0.121    0.015 
 608.700    0.340    0.122    0.015 
 608.800    0.340    0.122    0.015 
 608.900    0.340    0.122    0.015 
 609.000    0.340    0.122    0.016 
 609.100    0.340    0.122    0.016 
 609.200    0.340    0.123    0.016 
 609.300    0.338    0.122    0.016 
 609.400    0.336    0.121    0.016 
 609.500    0.333    0.120    0.015 
 609.600    0.324    0.117    0.015 
 609.700    0.288    0.105    0.014 
 609.800    0.308    0.112    0.014 
 609.900    0.324    0.118    0.015 
 610.000    0.325    0.118    0.015 
 610.100    0.319    0.116    0.015 
 610.200    0.297    0.108    0.014 
 610.300    0.253    0.092    0.012 
 610.400    0.234    0.085    0.011 
 610.500    0.303    0.111    0.014 
 610.600    0.322    0.118    0.015 
 610.700    0.329    0.120    0.016 
 610.800    0.333    0.122    0.016 
 610.900    0.333    0.122    0.016 
 611.000    0.331    0.121    0.016 
 611.100    0.323    0.118    0.016 
 611.200    0.298    0.109    0.014 
 611.300    0.253    0.092    0.012 
 611.400    0.317    0.116    0.015 
 611.500    0.332    0.121    0.016 
 611.600    0.338    0.124    0.016 
 611.700    0.341    0.125    0.016 
 611.800    0.343    0.125    0.016 
 611.900    0.344    0.125    0.016 
 612.000    0.344    0.126    0.016 
 612.100    0.344    0.126    0.016 
 612.200    0.344    0.125    0.016 
 612.300    0.345    0.126    0.016 
 612.400    0.344    0.125    0.016 
 612.500    0.345    0.125    0.016 
 612.600    0.344    0.125    0.016 
 612.700    0.344    0.124    0.016 
 612.800    0.343    0.124    0.016 
 612.900    0.343    0.124    0.016 
 613.000    0.342    0.123    0.016 
 613.100    0.341    0.123    0.015 
 613.200    0.341    0.122    0.015 
 613.300    0.340    0.121    0.015 
 613.400    0.339    0.121    0.015 
 613.500    0.338    0.120    0.015 
 613.600    0.337    0.119    0.015 
 613.700    0.335    0.118    0.014 
 613.800    0.334    0.117    0.014 
 613.900    0.333    0.116    0.014 
 614.000    0.331    0.115    0.014 
 614.100    0.329    0.114    0.013 
 614.200    0.328    0.113    0.013 
 614.300    0.326    0.112    0.013 
 614.400    0.323    0.110    0.013 
 614.500    0.320    0.109    0.012 
 614.600    0.316    0.107    0.012 
 614.700    0.306    0.102    0.011 
 614.800    0.286    0.095    0.010 
 614.900    0.306    0.101    0.011 
 615.000    0.308    0.101    0.011 
 615.100    0.307    0.100    0.010 
 615.200    0.305    0.098    0.010 
 615.300    0.302    0.096    0.010 
 615.400    0.299    0.095    0.009 
 615.500    0.296    0.093    0.009 
 615.600    0.293    0.090    0.008 
 615.700    0.289    0.088    0.008 
 615.800    0.286    0.086    0.008 
 615.900    0.281    0.083    0.007 
 616.000    0.277    0.081    0.007 
 616.100    0.271    0.078    0.006 
 616.200    0.264    0.075    0.006 
 616.300    0.252    0.070    0.005 
 616.400    0.256    0.070    0.005 
 616.500    0.252    0.067    0.005 
 616.600    0.247    0.064    0.004 
 616.700    0.241    0.061    0.004 
 616.800    0.235    0.058    0.003 
 616.900    0.228    0.055    0.003 
 617.000    0.222    0.052    0.003 
 617.100    0.214    0.048    0.002 
 617.200    0.206    0.045    0.002 
 617.300    0.191    0.040    0.002 
 617.400    0.189    0.038    0.002 
 617.500    0.183    0.035    0.001 
 617.600    0.175    0.032    0.001 
 617.700    0.166    0.029    0.001 
 617.800    0.157    0.026    0.001 
 617.900    0.148    0.023    0.001 
 618.000    0.138    0.020    0.000 
 618.100    0.128    0.017    0.000 
 618.200    0.118    0.015    0.000 
 618.300    0.108    0.012    0.000 
 618.400    0.098    0.010    0.000 
 618.500    0.088    0.008    0.000 
 618.600    0.079    0.007    0.000 
 618.700    0.069    0.005    0.000 
 618.800    0.060    0.004    0.000 
 618.900    0.051    0.003    0.000 
 619.000    0.043    0.002    0.000 
 619.100    0.036    0.001    0.000 
 619.200    0.029    0.001    0.000 
 619.300    0.023    0.001    0.000 
 619.400    0.018    0.000    0.000 
 619.500    0.013    0.000    0.000 
 619.600    0.010    0.000    0.000 
 619.700    0.007    0.000    0.000 
 619.800    0.005    0.000    0.000 
 619.900    0.003    0.000    0.000 
 620.000    0.002    0.000    0.000 
 620.100    0.001    0.000    0.000 
 620.200    0.001    0.000    0.000 
 620.300    0.001    0.000    0.000 
 620.400    0.000    0.000    0.000 
 620.500    0.000    0.000    0.000 
 620.600    0.000    0.000    0.000 
 620.700    0.000    0.000    0.000 
 620.800    0.000    0.000    0.000 
 620.900    0.000    0.000    0.000 
 621.000    0.000    0.000    0.000 
 621.100    0.001    0.000    0.000 
 621.200    0.001    0.000    0.000 
 621.300    0.001    0.000    0.000 
 621.400    0.002    0.000    0.000 
 621.500    0.003    0.000    0.000 
 621.600    0.005    0.000    0.000 
 621.700    0.007    0.000    0.000 
 621.800    0.010    0.000    0.000 
 621.900    0.013    0.000    0.000 
 622.000    0.018    0.000    0.000 
 622.100    0.023    0.001    0.000 
 622.200    0.029    0.001    0.000 
 622.300    0.036    0.001    0.000 
 622.400    0.044    0.002    0.000 
 622.500    0.052    0.003    0.000 
 622.600    0.061    0.004    0.000 
 622.700    0.071    0.005    0.000 
 622.800    0.081    0.007    0.000 
 622.900    0.091    0.009    0.000 
 623.000    0.102    0.011    0.000 
 623.100    0.112    0.013    0.000 
 623.200    0.122    0.016    0.000 
 623.300    0.133    0.019    0.000 
 623.400    0.142    0.022    0.001 
 623.500    0.150    0.025    0.001 
 623.600    0.151    0.027    0.001 
 623.700    0.131    0.024    0.001 
 623.800    0.174    0.034    0.001 
 623.900    0.190    0.039    0.002 
 624.000    0.202    0.044    0.002 
 624.100    0.213    0.048    0.002 
 624.200    0.223    0.053    0.003 
 624.300    0.232    0.057    0.003 
 624.400    0.241    0.061    0.004 
 624.500    0.249    0.066    0.004 
 624.600    0.257    0.070    0.005 
 624.700    0.265    0.074    0.006 
 624.800    0.273    0.078    0.006 
 624.900    0.279    0.083    0.007 
 625.000    0.286    0.086    0.008 
 625.100    0.292    0.090    0.008 
 625.200    0.297    0.094    0.009 
 625.300    0.298    0.096    0.010 
 625.400    0.297    0.098    0.010 
 625.500    0.313    0.105    0.012 
 625.600    0.321    0.109    0.012 
 625.700    0.327    0.113    0.013 
 625.800    0.333    0.117    0.014 
 625.900    0.338    0.121    0.015 
 626.000    0.343    0.124    0.016 
 626.100    0.348    0.128    0.017 
 626.200    0.352    0.131    0.018 
 626.300    0.356    0.134    0.019 
 626.400    0.361    0.137    0.020 
 626.500    0.364    0.140    0.020 
 626.600    0.368    0.143    0.021 
 626.700    0.372    0.146    0.022 
 626.800    0.375    0.149    0.023 
 626.900    0.379    0.152    0.024 
 627.000    0.382    0.154    0.025 
 627.100    0.385    0.157    0.026 
 627.200    0.387    0.159    0.026 
 627.300    0.390    0.162    0.027 
 627.400    0.392    0.164    0.028 
 627.500    0.394    0.166    0.029 
 627.600    0.395    0.168    0.030 
 627.700    0.395    0.169    0.030 
 627.800    0.397    0.171    0.031 
 627.900    0.403    0.174    0.032 
 628.000    0.407    0.177    0.033 
 628.100    0.410    0.180    0.034 
 628.200    0.413    0.182    0.035 
 628.300    0.415    0.184    0.035 
 628.400    0.419    0.187    0.036 
 628.500    0.422    0.189    0.037 
 628.600    0.425    0.191    0.038 
 628.700    0.427    0.193    0.039 
 628.800    0.429    0.195    0.040 
 628.900    0.431    0.197    0.040 
 629.000    0.434    0.199    0.041 
 629.100    0.436    0.201    0.042 
 629.200    0.438    0.202    0.043 
 629.300    0.440    0.204    0.043 
 629.400    0.441    0.206    0.044 
 629.500    0.443    0.208    0.045 
 629.600    0.446    0.210    0.045 
 629.700    0.447    0.211    0.046 
 629.800    0.449    0.213    0.047 
 629.900    0.451    0.214    0.047 
 630.000    0.452    0.215    0.048 
 630.100    0.453    0.217    0.049 
 630.200    0.455    0.218    0.049 
 630.300    0.457    0.220    0.050 
 630.400    0.458    0.221    0.051 
 630.500    0.459    0.223    0.051 
 630.600    0.461    0.224    0.052 
 630.700    0.462    0.225    0.053 
 630.800    0.463    0.226    0.053 
 630.900    0.464    0.228    0.054 
 631.000    0.465    0.229    0.054 
 631.100    0.467    0.230    0.055 
 631.200    0.467    0.231    0.055 
 631.300    0.468    0.232    0.056 
 631.400    0.469    0.233    0.056 
 631.500    0.470    0.234    0.057 
 631.600    0.470    0.235    0.057 
 631.700    0.470    0.235    0.058 
 631.800    0.469    0.235    0.058 
 631.900    0.467    0.235    0.058 
 632.000    0.461    0.232    0.058 
 632.100    0.439    0.222    0.056 
 632.200    0.396    0.200    0.050 
 632.300    0.456    0.231    0.058 
 632.400    0.469    0.238    0.060 
 632.500    0.475    0.242    0.062 
 632.600    0.478    0.244    0.062 
 632.700    0.480    0.245    0.063 
 632.800    0.482    0.247    0.064 
 632.900    0.483    0.248    0.064 
 633.000    0.484    0.249    0.065 
 633.100    0.484    0.249    0.065 
 633.200    0.484    0.250    0.065 
 633.300    0.478    0.247    0.065 
 633.400    0.477    0.247    0.065 
 633.500    0.485    0.252    0.067 
 633.600    0.487    0.253    0.067 
 633.700    0.489    0.254    0.068 
 633.800    0.489    0.255    0.068 
 633.900    0.489    0.255    0.068 
 634.000    0.488    0.255    0.069 
 634.100    0.486    0.254    0.069 
 634.200    0.481    0.252    0.068 
 634.300    0.467    0.246    0.067 
 634.400    0.425    0.224    0.061 
 634.500    0.397    0.209    0.057 
 634.600    0.464    0.245    0.067 
 634.700    0.482    0.255    0.070 
 634.800    0.490    0.260    0.072 
 634.900    0.495    0.262    0.072 
 635.000    0.498    0.264    0.073 
 635.100    0.500    0.266    0.074 
 635.200    0.501    0.267    0.074 
 635.300    0.502    0.268    0.075 
 635.400    0.504    0.269    0.075 
 635.500    0.506    0.271    0.076 
 635.600    0.507    0.271    0.076 
 635.700    0.507    0.272    0.077 
 635.800    0.508    0.273    0.077 
 635.900    0.509    0.273    0.078 
 636.000    0.509    0.274    0.078 
 636.100    0.510    0.275    0.078 
 636.200    0.511    0.275    0.079 
 636.300    0.511    0.276    0.079 
 636.400    0.512    0.277    0.079 
 636.500    0.513    0.277    0.080 
 636.600    0.513    0.278    0.080 
 636.700    0.514    0.279    0.081 
 636.800    0.514    0.279    0.081 
 636.900    0.515    0.280    0.081 
 637.000    0.515    0.281    0.082 
 637.100    0.516    0.281    0.082 
 637.200    0.516    0.282    0.082 
 637.300    0.517    0.282    0.083 
 637.400    0.517    0.283    0.083 
 637.500    0.518    0.283    0.083 
 637.600    0.517    0.283    0.084 
 637.700    0.518    0.284    0.084 
 637.800    0.518    0.284    0.084 
 637.900    0.518    0.285    0.084 
 638.000    0.518    0.285    0.085 
 638.100    0.518    0.285    0.085 
 638.200    0.517    0.285    0.085 
 638.300    0.516    0.285    0.085 
 638.400    0.515    0.284    0.085 
 638.500    0.511    0.282    0.085 
 638.600    0.506    0.280    0.084 
 638.700    0.496    0.275    0.083 
 638.800    0.467    0.259    0.078 
 638.900    0.319    0.177    0.054 
 639.000    0.464    0.258    0.078 
 639.100    0.497    0.276    0.084 
 639.200    0.509    0.283    0.086 
 639.300    0.514    0.286    0.087 
 639.400    0.517    0.288    0.088 
 639.500    0.520    0.290    0.089 
 639.600    0.521    0.291    0.089 
 639.700    0.522    0.292    0.089 
 639.800    0.522    0.292    0.090 
 639.900    0.520    0.291    0.090 
 640.000    0.513    0.287    0.088 
 640.100    0.472    0.265    0.082 
 640.200    0.514    0.288    0.089 
 640.300    0.514    0.289    0.089 
 640.400    0.524    0.294    0.091 
 640.500    0.527    0.296    0.092 
 640.600    0.528    0.297    0.092 
 640.700    0.529    0.298    0.093 
 640.800    0.530    0.298    0.093 
 640.900    0.530    0.299    0.093 
 641.000    0.531    0.300    0.094 
 641.100    0.531    0.300    0.094 
 641.200    0.531    0.300    0.094 
 641.300    0.530    0.300    0.094 
 641.400    0.528    0.299    0.094 
 641.500    0.520    0.295    0.093 
 641.600    0.524    0.297    0.094 
 641.700    0.527    0.299    0.095 
 641.800    0.528    0.299    0.095 
 641.900    0.526    0.299    0.095 
 642.000    0.523    0.297    0.094 
 642.100    0.515    0.293    0.093 
 642.200    0.496    0.283    0.090 
 642.300    0.433    0.247    0.079 
 642.400    0.434    0.247    0.079 
 642.500    0.498    0.284    0.091 
 642.600    0.517    0.295    0.094 
 642.700    0.525    0.300    0.096 
 642.800    0.529    0.303    0.097 
 642.900    0.532    0.304    0.098 
 643.000    0.534    0.305    0.098 
 643.100    0.535    0.306    0.099 
 643.200    0.535    0.307    0.099 
 643.300    0.535    0.307    0.099 
 643.400    0.536    0.307    0.099 
 643.500    0.536    0.308    0.100 
 643.600    0.538    0.309    0.100 
 643.700    0.538    0.309    0.100 
 643.800    0.539    0.310    0.101 
 643.900    0.539    0.310    0.101 
 644.000    0.539    0.310    0.101 
 644.100    0.538    0.310    0.101 
 644.200    0.537    0.310    0.101 
 644.300    0.536    0.309    0.101 
 644.400    0.533    0.307    0.100 
 644.500    0.527    0.304    0.100 
 644.600    0.516    0.298    0.098 
 644.700    0.486    0.281    0.092 
 644.800    0.345    0.199    0.065 
 644.900    0.481    0.278    0.091 
 645.000    0.515    0.298    0.098 
 645.100    0.528    0.305    0.101 
 645.200    0.533    0.309    0.102 
 645.300    0.536    0.311    0.102 
 645.400    0.536    0.310    0.103 
 645.500    0.537    0.311    0.103 
 645.600    0.529    0.307    0.102 
 645.700    0.518    0.301    0.100 
 645.800    0.537    0.312    0.103 
 645.900    0.540    0.314    0.104 
 646.000    0.541    0.315    0.105 
 646.100    0.544    0.316    0.105 
 646.200    0.545    0.317    0.106 
 646.300    0.544    0.317    0.105 
 646.400    0.545    0.318    0.106 
 646.500    0.545    0.318    0.106 
 646.600    0.546    0.319    0.106 
 646.700    0.547    0.319    0.107 
 646.800    0.547    0.319    0.107 
 646.900    0.547    0.319    0.107 
 647.000    0.546    0.319    0.107 
 647.100    0.545    0.319    0.107 
 647.200    0.544    0.318    0.107 
 647.300    0.542    0.317    0.106 
 647.400    0.539    0.315    0.106 
 647.500    0.534    0.312    0.105 
 647.600    0.524    0.307    0.103 
 647.700    0.502    0.294    0.099 
 647.800    0.417    0.245    0.082 
 647.900    0.448    0.262    0.089 
 648.000    0.510    0.299    0.101 
 648.100    0.530    0.311    0.105 
 648.200    0.539    0.316    0.107 
 648.300    0.544    0.319    0.108 
 648.400    0.547    0.321    0.109 
 648.500    0.549    0.322    0.109 
 648.600    0.550    0.323    0.110 
 648.700    0.551    0.324    0.110 
 648.800    0.552    0.324    0.110 
 648.900    0.552    0.325    0.110 
 649.000    0.553    0.325    0.111 
 649.100    0.553    0.325    0.111 
 649.200    0.553    0.326    0.111 
 649.300    0.554    0.326    0.111 
 649.400    0.554    0.326    0.111 
 649.500    0.554    0.326    0.111 
 649.600    0.554    0.326    0.111 
 649.700    0.554    0.326    0.111 
 649.800    0.553    0.326    0.112 
 649.900    0.554    0.327    0.112 
 650.000    0.553    0.326    0.112 
 650.100    0.553    0.326    0.112 
 650.200    0.552    0.326    0.112 
 650.300    0.551    0.326    0.112 
 650.400    0.550    0.325    0.111 
 650.500    0.547    0.323    0.111 
 650.600    0.542    0.320    0.110 
 650.700    0.524    0.310    0.106 
 650.800    0.532    0.314    0.108 
 650.900    0.539    0.319    0.109 
 651.000    0.538    0.318    0.109 
 651.100    0.533    0.315    0.108 
 651.200    0.523    0.309    0.106 
 651.300    0.501    0.296    0.102 
 651.400    0.440    0.260    0.089 
 651.500    0.332    0.197    0.068 
 651.600    0.429    0.254    0.087 
 651.700    0.498    0.295    0.101 
 651.800    0.520    0.308    0.106 
 651.900    0.533    0.315    0.109 
 652.000    0.540    0.319    0.110 
 652.100    0.543    0.321    0.111 
 652.200    0.544    0.322    0.111 
 652.300    0.545    0.323    0.111 
 652.400    0.548    0.324    0.112 
 652.500    0.549    0.325    0.112 
 652.600    0.549    0.325    0.112 
 652.700    0.549    0.325    0.112 
 652.800    0.548    0.324    0.112 
 652.900    0.547    0.324    0.111 
 653.000    0.546    0.323    0.111 
 653.100    0.544    0.322    0.111 
 653.200    0.540    0.320    0.110 
 653.300    0.536    0.317    0.109 
 653.400    0.529    0.313    0.107 
 653.500    0.518    0.306    0.105 
 653.600    0.497    0.294    0.101 
 653.700    0.431    0.255    0.087 
 653.800    0.390    0.230    0.079 
 653.900    0.481    0.284    0.097 
 654.000    0.503    0.297    0.101 
 654.100    0.509    0.300    0.103 
 654.200    0.509    0.300    0.102 
 654.300    0.503    0.296    0.101 
 654.400    0.491    0.289    0.098 
 654.500    0.470    0.277    0.094 
 654.600    0.428    0.251    0.085 
 654.700    0.286    0.168    0.057 
 654.800    0.313    0.184    0.062 
 654.900    0.299    0.175    0.059 
 655.000    0.225    0.132    0.044 
 655.100    0.223    0.130    0.044 
 655.200    0.175    0.102    0.034 
 655.300    0.207    0.120    0.040 
 655.400    0.354    0.206    0.068 
 655.500    0.365    0.212    0.070 
 655.600    0.238    0.138    0.045 
 655.700    0.350    0.202    0.066 
 655.800    0.325    0.187    0.061 
 655.900    0.234    0.134    0.044 
 656.000    0.192    0.110    0.036 
 656.100    0.306    0.175    0.056 
 656.200    0.233    0.133    0.042 
 656.300    0.256    0.145    0.046 
 656.400    0.213    0.120    0.038 
 656.500    0.304    0.171    0.053 
 656.600    0.405    0.227    0.070 
 656.700    0.443    0.247    0.076 
 656.800    0.463    0.257    0.078 
 656.900    0.474    0.262    0.079 
 657.000    0.480    0.264    0.078 
 657.100    0.482    0.264    0.077 
 657.200    0.484    0.263    0.076 
 657.300    0.483    0.261    0.075 
 657.400    0.477    0.257    0.073 
 657.500    0.447    0.239    0.067 
 657.600    0.470    0.251    0.070 
 657.700    0.475    0.252    0.070 
 657.800    0.472    0.250    0.069 
 657.900    0.460    0.243    0.067 
 658.000    0.409    0.216    0.059 
 658.100    0.432    0.228    0.063 
 658.200    0.469    0.249    0.069 
 658.300    0.483    0.257    0.071 
 658.400    0.490    0.262    0.073 
 658.500    0.495    0.266    0.075 
 658.600    0.499    0.269    0.077 
 658.700    0.500    0.271    0.078 
 658.800    0.486    0.265    0.078 
 658.900    0.505    0.277    0.082 
 659.000    0.513    0.283    0.085 
 659.100    0.515    0.286    0.087 
 659.200    0.521    0.291    0.089 
 659.300    0.525    0.295    0.091 
 659.400    0.528    0.298    0.093 
 659.500    0.531    0.301    0.095 
 659.600    0.534    0.304    0.097 
 659.700    0.536    0.307    0.098 
 659.800    0.539    0.309    0.100 
 659.900    0.541    0.311    0.101 
 660.000    0.542    0.313    0.103 
 660.100    0.544    0.315    0.104 
 660.200    0.546    0.317    0.105 
 660.300    0.547    0.319    0.106 
 660.400    0.549    0.320    0.107 
 660.500    0.550    0.322    0.108 
 660.600    0.551    0.323    0.109 
 660.700    0.551    0.324    0.110 
 660.800    0.552    0.325    0.111 
 660.900    0.552    0.326    0.111 
 661.000    0.551    0.326    0.112 
 661.100    0.550    0.325    0.112 
 661.200    0.546    0.324    0.112 
 661.300    0.537    0.319    0.110 
 661.400    0.502    0.298    0.103 
 661.500    0.488    0.290    0.101 
 661.600    0.536    0.319    0.111 
 661.700    0.549    0.327    0.114 
 661.800    0.554    0.331    0.116 
 661.900    0.557    0.333    0.117 
 662.000    0.559    0.334    0.117 
 662.100    0.561    0.335    0.118 
 662.200    0.562    0.336    0.118 
 662.300    0.563    0.337    0.119 
 662.400    0.563    0.338    0.119 
 662.500    0.564    0.338    0.119 
 662.600    0.564    0.339    0.120 
 662.700    0.564    0.339    0.120 
 662.800    0.563    0.338    0.120 
 662.900    0.565    0.340    0.120 
 663.000    0.566    0.340    0.121 
 663.100    0.566    0.341    0.121 
 663.200    0.566    0.341    0.121 
 663.300    0.567    0.341    0.122 
 663.400    0.567    0.342    0.122 
 663.500    0.567    0.342    0.122 
 663.600    0.567    0.342    0.122 
 663.700    0.567    0.342    0.122 
 663.800    0.568    0.342    0.122 
 663.900    0.568    0.343    0.123 
 664.000    0.568    0.343    0.123 
 664.100    0.568    0.343    0.123 
 664.200    0.567    0.343    0.123 
 664.300    0.567    0.343    0.123 
 664.400    0.566    0.342    0.123 
 664.500    0.562    0.340    0.122 
 664.600    0.566    0.342    0.123 
 664.700    0.566    0.342    0.123 
 664.800    0.566    0.342    0.123 
 664.900    0.565    0.342    0.123 
 665.000    0.563    0.341    0.123 
 665.100    0.561    0.340    0.122 
 665.200    0.558    0.338    0.122 
 665.300    0.556    0.336    0.121 
 665.400    0.548    0.332    0.119 
 665.500    0.532    0.322    0.116 
 665.600    0.487    0.295    0.106 
 665.700    0.402    0.243    0.088 
 665.800    0.510    0.309    0.111 
 665.900    0.535    0.324    0.117 
 666.000    0.549    0.333    0.120 
 666.100    0.552    0.335    0.121 
 666.200    0.553    0.335    0.121 
 666.300    0.552    0.335    0.121 
 666.400    0.552    0.334    0.121 
 666.500    0.540    0.328    0.118 
 666.600    0.491    0.298    0.108 
 666.700    0.522    0.316    0.114 
 666.800    0.544    0.330    0.119 
 666.900    0.557    0.338    0.122 
 667.000    0.561    0.341    0.123 
 667.100    0.563    0.342    0.123 
 667.200    0.565    0.343    0.124 
 667.300    0.565    0.343    0.124 
 667.400    0.564    0.342    0.124 
 667.500    0.564    0.342    0.124 
 667.600    0.567    0.344    0.124 
 667.700    0.563    0.342    0.124 
 667.800    0.567    0.344    0.124 
 667.900    0.565    0.343    0.124 
 668.000    0.568    0.345    0.125 
 668.100    0.569    0.345    0.125 
 668.200    0.569    0.346    0.125 
 668.300    0.569    0.346    0.125 
 668.400    0.569    0.346    0.125 
 668.500    0.569    0.345    0.125 
 668.600    0.569    0.345    0.125 
 668.700    0.569    0.345    0.125 
 668.800    0.568    0.345    0.125 
 668.900    0.568    0.344    0.124 
 669.000    0.567    0.344    0.124 
 669.100    0.566    0.343    0.124 
 669.200    0.564    0.342    0.124 
 669.300    0.562    0.341    0.123 
 669.400    0.559    0.339    0.123 
 669.500    0.554    0.336    0.121 
 669.600    0.542    0.329    0.119 
 669.700    0.523    0.317    0.115 
 669.800    0.451    0.274    0.099 
 669.900    0.428    0.260    0.094 
 670.000    0.517    0.314    0.113 
 670.100    0.541    0.328    0.118 
 670.200    0.552    0.335    0.121 
 670.300    0.557    0.338    0.122 
 670.400    0.560    0.340    0.123 
 670.500    0.562    0.341    0.123 
 670.600    0.563    0.341    0.123 
 670.700    0.563    0.341    0.123 
 670.800    0.563    0.341    0.123 
 670.900    0.564    0.342    0.123 
 671.000    0.563    0.341    0.123 
 671.100    0.561    0.340    0.123 
 671.200    0.558    0.338    0.122 
 671.300    0.554    0.335    0.121 
 671.400    0.545    0.330    0.119 
 671.500    0.526    0.319    0.115 
 671.600    0.471    0.286    0.103 
 671.700    0.411    0.249    0.090 
 671.800    0.473    0.286    0.103 
 671.900    0.529    0.320    0.115 
 672.000    0.546    0.330    0.119 
 672.100    0.554    0.335    0.120 
 672.200    0.558    0.337    0.121 
 672.300    0.560    0.339    0.122 
 672.400    0.561    0.339    0.122 
 672.500    0.561    0.339    0.122 
 672.600    0.560    0.338    0.121 
 672.700    0.555    0.336    0.121 
 672.800    0.518    0.313    0.112 
 672.900    0.557    0.337    0.121 
 673.000    0.562    0.340    0.122 
 673.100    0.562    0.340    0.122 
 673.200    0.564    0.341    0.122 
 673.300    0.565    0.341    0.122 
 673.400    0.564    0.341    0.122 
 673.500    0.564    0.340    0.122 
 673.600    0.562    0.339    0.121 
 673.700    0.558    0.337    0.121 
 673.800    0.548    0.331    0.118 
 673.900    0.490    0.296    0.106 
 674.000    0.541    0.327    0.117 
 674.100    0.556    0.336    0.120 
 674.200    0.561    0.338    0.121 
 674.300    0.563    0.340    0.121 
 674.400    0.564    0.340    0.121 
 674.500    0.565    0.341    0.121 
 674.600    0.565    0.341    0.121 
 674.700    0.565    0.341    0.121 
 674.800    0.566    0.341    0.121 
 674.900    0.565    0.341    0.121 
 675.000    0.566    0.341    0.121 
 675.100    0.565    0.340    0.121 
 675.200    0.566    0.341    0.121 
 675.300    0.565    0.340    0.121 
 675.400    0.565    0.340    0.121 
 675.500    0.565    0.340    0.121 
 675.600    0.564    0.339    0.121 
 675.700    0.563    0.339    0.120 
 675.800    0.562    0.338    0.120 
 675.900    0.558    0.336    0.119 
 676.000    0.548    0.329    0.117 
 676.100    0.540    0.325    0.115 
 676.200    0.557    0.334    0.118 
 676.300    0.560    0.337    0.119 
 676.400    0.562    0.337    0.119 
 676.500    0.562    0.338    0.119 
 676.600    0.563    0.338    0.119 
 676.700    0.563    0.338    0.119 
 676.800    0.562    0.337    0.119 
 676.900    0.558    0.335    0.118 
 677.000    0.560    0.336    0.118 
 677.100    0.554    0.332    0.117 
 677.200    0.556    0.333    0.117 
 677.300    0.561    0.336    0.118 
 677.400    0.562    0.337    0.118 
 677.500    0.562    0.337    0.118 
 677.600    0.562    0.337    0.118 
 677.700    0.562    0.337    0.118 
 677.800    0.562    0.336    0.118 
 677.900    0.562    0.336    0.118 
 678.000    0.562    0.336    0.118 
 678.100    0.562    0.336    0.118 
 678.200    0.562    0.336    0.118 
 678.300    0.561    0.335    0.117 
 678.400    0.559    0.334    0.117 
 678.500    0.561    0.335    0.117 
 678.600    0.561    0.335    0.117 
 678.700    0.561    0.335    0.117 
 678.800    0.561    0.335    0.117 
 678.900    0.560    0.334    0.117 
 679.000    0.560    0.334    0.116 
 679.100    0.559    0.333    0.116 
 679.200    0.560    0.334    0.116 
 679.300    0.560    0.333    0.116 
 679.400    0.560    0.333    0.116 
 679.500    0.560    0.333    0.116 
 679.600    0.559    0.333    0.116 
 679.700    0.559    0.333    0.115 
 679.800    0.558    0.332    0.115 
 679.900    0.559    0.332    0.115 
 680.000    0.559    0.332    0.115 
 680.100    0.558    0.332    0.115 
 680.200    0.558    0.332    0.115 
 680.300    0.558    0.331    0.115 
 680.400    0.558    0.331    0.114 
 680.500    0.558    0.331    0.114 
 680.600    0.557    0.331    0.114 
 680.700    0.557    0.330    0.114 
 680.800    0.557    0.330    0.114 
 680.900    0.557    0.330    0.114 
 681.000    0.557    0.330    0.113 
 681.100    0.556    0.329    0.113 
 681.200    0.556    0.329    0.113 
 681.300    0.556    0.329    0.113 
 681.400    0.556    0.329    0.113 
 681.500    0.555    0.328    0.112 
 681.600    0.555    0.328    0.112 
 681.700    0.555    0.328    0.112 
 681.800    0.555    0.327    0.112 
 681.900    0.554    0.327    0.112 
 682.000    0.554    0.327    0.112 
 682.100    0.554    0.326    0.111 
 682.200    0.553    0.326    0.111 
 682.300    0.553    0.326    0.111 
 682.400    0.553    0.326    0.111 
 682.500    0.553    0.325    0.111 
 682.600    0.552    0.325    0.110 
 682.700    0.552    0.325    0.110 
 682.800    0.551    0.324    0.110 
 682.900    0.551    0.324    0.110 
 683.000    0.550    0.323    0.109 
 683.100    0.550    0.323    0.109 
 683.200    0.549    0.322    0.109 
 683.300    0.547    0.321    0.108 
 683.400    0.544    0.319    0.108 
 683.500    0.538    0.316    0.106 
 683.600    0.513    0.301    0.101 
 683.700    0.523    0.306    0.103 
 683.800    0.538    0.315    0.106 
 683.900    0.542    0.317    0.106 
 684.000    0.543    0.317    0.106 
 684.100    0.541    0.316    0.106 
 684.200    0.530    0.310    0.104 
 684.300    0.533    0.311    0.104 
 684.400    0.542    0.316    0.106 
 684.500    0.544    0.318    0.106 
 684.600    0.545    0.318    0.106 
 684.700    0.546    0.318    0.106 
 684.800    0.546    0.318    0.106 
 684.900    0.546    0.318    0.106 
 685.000    0.546    0.318    0.105 
 685.100    0.546    0.317    0.105 
 685.200    0.545    0.317    0.105 
 685.300    0.545    0.317    0.105 
 685.400    0.545    0.317    0.105 
 685.500    0.545    0.316    0.104 
 685.600    0.544    0.316    0.104 
 685.700    0.544    0.315    0.104 
 685.800    0.544    0.315    0.104 
 685.900    0.542    0.314    0.103 
 686.000    0.543    0.314    0.103 
 686.100    0.543    0.314    0.103 
 686.200    0.543    0.314    0.103 
 686.300    0.542    0.313    0.103 
 686.400    0.542    0.313    0.102 
 686.500    0.542    0.313    0.102 
 686.600    0.541    0.312    0.102 
 686.700    0.541    0.312    0.102 
 686.800    0.541    0.312    0.101 
 686.900    0.540    0.311    0.101 
 687.000    0.540    0.311    0.101 
 687.100    0.540    0.310    0.101 
 687.200    0.539    0.310    0.100 
 687.300    0.539    0.310    0.100 
 687.400    0.539    0.309    0.100 
 687.500    0.538    0.309    0.100 
 687.600    0.538    0.308    0.099 
 687.700    0.538    0.308    0.099 
 687.800    0.537    0.308    0.099 
 687.900    0.537    0.307    0.099 
 688.000    0.537    0.307    0.098 
 688.100    0.536    0.307    0.098 
 688.200    0.536    0.306    0.098 
 688.300    0.536    0.306    0.098 
 688.400    0.535    0.305    0.097 
 688.500    0.535    0.305    0.097 
 688.600    0.534    0.304    0.097 
 688.700    0.534    0.304    0.097 
 688.800    0.533    0.303    0.096 
 688.900    0.533    0.303    0.096 
 689.000    0.533    0.302    0.096 
 689.100    0.532    0.302    0.095 
 689.200    0.532    0.301    0.095 
 689.300    0.531    0.301    0.095 
 689.400    0.531    0.300    0.094 
 689.500    0.530    0.300    0.094 
 689.600    0.530    0.299    0.094 
 689.700    0.529    0.299    0.093 
 689.800    0.528    0.298    0.093 
 689.900    0.528    0.298    0.093 
 690.000    0.527    0.297    0.092 
 690.100    0.527    0.296    0.092 
 690.200    0.526    0.296    0.091 
 690.300    0.525    0.295    0.091 
 690.400    0.525    0.294    0.091 
 690.500    0.524    0.293    0.090 
 690.600    0.523    0.293    0.090 
 690.700    0.522    0.291    0.089 
 690.800    0.521    0.290    0.088 
 690.900    0.520    0.290    0.088 
 691.000    0.518    0.288    0.087 
 691.100    0.517    0.287    0.087 
 691.200    0.514    0.285    0.086 
 691.300    0.509    0.282    0.084 
 691.400    0.505    0.279    0.083 
 691.500    0.507    0.279    0.083 
 691.600    0.506    0.278    0.082 
 691.700    0.502    0.276    0.081 
 691.800    0.503    0.276    0.081 
 691.900    0.500    0.273    0.080 
 692.000    0.493    0.269    0.079 
 692.100    0.489    0.267    0.078 
 692.200    0.475    0.259    0.075 
 692.300    0.429    0.234    0.068 
 692.400    0.381    0.208    0.060 
 692.500    0.464    0.253    0.074 
 692.600    0.484    0.264    0.077 
 692.700    0.492    0.269    0.078 
 692.800    0.496    0.271    0.079 
 692.900    0.497    0.271    0.079 
 693.000    0.496    0.271    0.079 
 693.100    0.493    0.269    0.079 
 693.200    0.486    0.265    0.078 
 693.300    0.470    0.257    0.075 
 693.400    0.423    0.231    0.067 
 693.500    0.355    0.194    0.057 
 693.600    0.455    0.249    0.073 
 693.700    0.481    0.262    0.077 
 693.800    0.491    0.268    0.078 
 693.900    0.496    0.271    0.079 
 694.000    0.499    0.272    0.079 
 694.100    0.500    0.272    0.079 
 694.200    0.500    0.272    0.079 
 694.300    0.500    0.272    0.079 
 694.400    0.498    0.271    0.078 
 694.500    0.496    0.269    0.078 
 694.600    0.487    0.264    0.076 
 694.700    0.456    0.247    0.071 
 694.800    0.437    0.237    0.068 
 694.900    0.482    0.261    0.075 
 695.000    0.493    0.267    0.076 
 695.100    0.497    0.269    0.077 
 695.200    0.499    0.269    0.077 
 695.300    0.500    0.270    0.077 
 695.400    0.500    0.270    0.077 
 695.500    0.500    0.269    0.077 
 695.600    0.500    0.269    0.076 
 695.700    0.499    0.268    0.076 
 695.800    0.498    0.268    0.076 
 695.900    0.495    0.266    0.075 
 696.000    0.488    0.262    0.074 
 696.100    0.454    0.243    0.068 
 696.200    0.489    0.262    0.073 
 696.300    0.494    0.264    0.074 
 696.400    0.496    0.265    0.074 
 696.500    0.496    0.265    0.074 
 696.600    0.496    0.264    0.074 
 696.700    0.496    0.264    0.073 
 696.800    0.496    0.264    0.073 
 696.900    0.495    0.263    0.073 
 697.000    0.494    0.262    0.072 
 697.100    0.491    0.261    0.072 
 697.200    0.493    0.261    0.072 
 697.300    0.493    0.261    0.071 
 697.400    0.492    0.260    0.071 
 697.500    0.488    0.258    0.070 
 697.600    0.491    0.259    0.070 
 697.700    0.491    0.258    0.070 
 697.800    0.490    0.258    0.070 
 697.900    0.490    0.257    0.070 
 698.000    0.489    0.257    0.069 
 698.100    0.488    0.256    0.069 
 698.200    0.488    0.255    0.069 
 698.300    0.487    0.255    0.068 
 698.400    0.486    0.254    0.068 
 698.500    0.485    0.253    0.067 
 698.600    0.484    0.252    0.067 
 698.700    0.483    0.251    0.067 
 698.800    0.480    0.250    0.066 
 698.900    0.474    0.246    0.065 
 699.000    0.459    0.238    0.063 
 699.100    0.476    0.247    0.065 
 699.200    0.479    0.248    0.065 
 699.300    0.479    0.247    0.065 
 699.400    0.479    0.247    0.064 
 699.500    0.478    0.246    0.064 
 699.600    0.478    0.246    0.064 
 699.700    0.477    0.245    0.063 
 699.800    0.476    0.244    0.063 
 699.900    0.475    0.243    0.063 
 700.000    0.473    0.242    0.062 
 700.100    0.472    0.241    0.062 
 700.200    0.470    0.240    0.061 
 700.300    0.468    0.238    0.061 
 700.400    0.464    0.236    0.060 
 700.500    0.459    0.234    0.059 
 700.600    0.450    0.229    0.058 
 700.700    0.430    0.218    0.055 
 700.800    0.369    0.187    0.047 
 700.900    0.360    0.182    0.045 
 701.000    0.426    0.215    0.054 
 701.100    0.443    0.224    0.056 
 701.200    0.448    0.225    0.056 
 701.300    0.442    0.222    0.055 
 701.400    0.432    0.217    0.053 
 701.500    0.419    0.210    0.052 
 701.600    0.449    0.225    0.055 
 701.700    0.456    0.228    0.056 
 701.800    0.458    0.228    0.056 
 701.900    0.460    0.229    0.056 
 702.000    0.460    0.229    0.055 
 702.100    0.460    0.228    0.055 
 702.200    0.459    0.228    0.055 
 702.300    0.459    0.227    0.054 
 702.400    0.459    0.227    0.054 
 702.500    0.458    0.226    0.054 
 702.600    0.457    0.225    0.054 
 702.700    0.456    0.224    0.053 
 702.800    0.456    0.224    0.053 
 702.900    0.455    0.223    0.052 
 703.000    0.454    0.223    0.052 
 703.100    0.454    0.222    0.052 
 703.200    0.453    0.221    0.052 
 703.300    0.452    0.220    0.051 
 703.400    0.451    0.220    0.051 
 703.500    0.451    0.219    0.050 
 703.600    0.450    0.218    0.050 
 703.700    0.449    0.217    0.050 
 703.800    0.448    0.217    0.049 
 703.900    0.447    0.216    0.049 
 704.000    0.447    0.215    0.049 
 704.100    0.446    0.214    0.048 
 704.200    0.445    0.213    0.048 
 704.300    0.444    0.213    0.048 
 704.400    0.443    0.212    0.047 
 704.500    0.442    0.211    0.047 
 704.600    0.441    0.210    0.047 
 704.700    0.440    0.209    0.046 
 704.800    0.440    0.209    0.046 
 704.900    0.439    0.208    0.046 
 705.000    0.438    0.207    0.045 
 705.100    0.437    0.206    0.045 
 705.200    0.436    0.205    0.045 
 705.300    0.435    0.204    0.044 
 705.400    0.434    0.204    0.044 
 705.500    0.433    0.203    0.043 
 705.600    0.432    0.202    0.043 
 705.700    0.431    0.201    0.043 
 705.800    0.430    0.200    0.042 
 705.900    0.429    0.199    0.042 
 706.000    0.428    0.198    0.042 
 706.100    0.427    0.198    0.041 
 706.200    0.426    0.197    0.041 
 706.300    0.425    0.196    0.041 
 706.400    0.424    0.195    0.040 
 706.500    0.423    0.194    0.040 
 706.600    0.422    0.193    0.040 
 706.700    0.421    0.192    0.039 
 706.800    0.419    0.191    0.039 
 706.900    0.418    0.190    0.039 
 707.000    0.417    0.190    0.038 
 707.100    0.416    0.189    0.038 
 707.200    0.415    0.188    0.038 
 707.300    0.414    0.187    0.037 
 707.400    0.413    0.186    0.037 
 707.500    0.411    0.185    0.036 
 707.600    0.410    0.184    0.036 
 707.700    0.409    0.183    0.036 
 707.800    0.407    0.182    0.035 
 707.900    0.405    0.180    0.035 
 708.000    0.402    0.179    0.034 
 708.100    0.393    0.174    0.033 
 708.200    0.393    0.174    0.033 
 708.300    0.399    0.176    0.033 
 708.400    0.399    0.175    0.033 
 708.500    0.398    0.175    0.033 
 708.600    0.397    0.174    0.033 
 708.700    0.396    0.173    0.032 
 708.800    0.395    0.172    0.032 
 708.900    0.394    0.171    0.032 
 709.000    0.392    0.170    0.031 
 709.100    0.391    0.169    0.031 
 709.200    0.389    0.168    0.031 
 709.300    0.388    0.167    0.030 
 709.400    0.385    0.165    0.030 
 709.500    0.381    0.163    0.029 
 709.600    0.370    0.158    0.028 
 709.700    0.373    0.159    0.028 
 709.800    0.378    0.160    0.028 
 709.900    0.378    0.160    0.028 
 710.000    0.377    0.159    0.028 
 710.100    0.376    0.158    0.027 
 710.200    0.374    0.157    0.027 
 710.300    0.373    0.156    0.027 
 710.400    0.371    0.155    0.026 
 710.500    0.369    0.154    0.026 
 710.600    0.367    0.153    0.026 
 710.700    0.366    0.152    0.025 
 710.800    0.364    0.150    0.025 
 710.900    0.361    0.149    0.025 
 711.000    0.359    0.147    0.024 
 711.100    0.357    0.146    0.024 
 711.200    0.354    0.145    0.024 
 711.300    0.351    0.143    0.023 
 711.400    0.345    0.140    0.023 
 711.500    0.322    0.130    0.021 
 711.600    0.341    0.137    0.022 
 711.700    0.341    0.137    0.022 
 711.800    0.339    0.136    0.021 
 711.900    0.337    0.135    0.021 
 712.000    0.334    0.133    0.021 
 712.100    0.331    0.131    0.020 
 712.200    0.327    0.130    0.020 
 712.300    0.324    0.128    0.019 
 712.400    0.320    0.126    0.019 
 712.500    0.316    0.124    0.019 
 712.600    0.312    0.122    0.018 
 712.700    0.308    0.120    0.018 
 712.800    0.303    0.118    0.017 
 712.900    0.297    0.115    0.017 
 713.000    0.292    0.113    0.016 
 713.100    0.286    0.110    0.016 
 713.200    0.279    0.107    0.015 
 713.300    0.272    0.104    0.015 
 713.400    0.264    0.101    0.014 
 713.500    0.256    0.097    0.014 
 713.600    0.247    0.093    0.013 
 713.700    0.236    0.089    0.012 
 713.800    0.225    0.084    0.012 
 713.900    0.213    0.080    0.011 
 714.000    0.199    0.074    0.010 
 714.100    0.184    0.068    0.009 
 714.200    0.168    0.062    0.008 
 714.300    0.150    0.055    0.007 
 714.400    0.131    0.048    0.006 
 714.500    0.112    0.041    0.005 
 714.600    0.091    0.033    0.004 
 714.700    0.070    0.025    0.003 
 714.800    0.050    0.018    0.002 
 714.900    0.032    0.012    0.001 
 715.000    0.018    0.006    0.001 
 715.100    0.008    0.003    0.000 
 715.200    0.002    0.001    0.000 
 715.300    0.000    0.000    0.000 
 715.400    0.000    0.000    0.000 
 715.500    0.000    0.000    0.000 
 715.600    0.003    0.001    0.000 
 715.700    0.009    0.003    0.000 
 715.800    0.019    0.007    0.001 
 715.900    0.033    0.011    0.001 
 716.000    0.050    0.017    0.002 
 716.100    0.068    0.023    0.003 
 716.200    0.087    0.030    0.003 
 716.300    0.105    0.036    0.004 
 716.400    0.123    0.041    0.005 
 716.500    0.138    0.047    0.005 
 716.600    0.153    0.051    0.006 
 716.700    0.165    0.055    0.006 
 716.800    0.174    0.058    0.006 
 716.900    0.186    0.061    0.007 
 717.000    0.196    0.064    0.007 
 717.100    0.204    0.067    0.007 
 717.200    0.211    0.069    0.007 
 717.300    0.217    0.070    0.007 
 717.400    0.222    0.072    0.007 
 717.500    0.226    0.072    0.007 
 717.600    0.230    0.073    0.007 
 717.700    0.232    0.074    0.007 
 717.800    0.234    0.074    0.007 
 717.900    0.235    0.074    0.007 
 718.000    0.234    0.073    0.007 
 718.100    0.230    0.071    0.007 
 718.200    0.214    0.066    0.006 
 718.300    0.137    0.042    0.004 
 718.400    0.216    0.066    0.006 
 718.500    0.234    0.071    0.006 
 718.600    0.240    0.073    0.007 
 718.700    0.244    0.073    0.006 
 718.800    0.245    0.073    0.006 
 718.900    0.246    0.073    0.006 
 719.000    0.246    0.073    0.006 
 719.100    0.246    0.073    0.006 
 719.200    0.246    0.072    0.006 
 719.300    0.246    0.071    0.006 
 719.400    0.244    0.071    0.006 
 719.500    0.241    0.069    0.006 
 719.600    0.235    0.067    0.005 
 719.700    0.218    0.062    0.005 
 719.800    0.156    0.044    0.003 
 719.900    0.221    0.062    0.005 
 720.000    0.233    0.065    0.005 
 720.100    0.237    0.066    0.005 
 720.200    0.238    0.066    0.005 
 720.300    0.238    0.065    0.005 
 720.400    0.238    0.065    0.005 
 720.500    0.238    0.064    0.005 
 720.600    0.237    0.064    0.004 
 720.700    0.236    0.063    0.004 
 720.800    0.236    0.062    0.004 
 720.900    0.235    0.062    0.004 
 721.000    0.233    0.061    0.004 
 721.100    0.232    0.060    0.004 
 721.200    0.231    0.059    0.004 
 721.300    0.230    0.059    0.004 
 721.400    0.228    0.058    0.004 
 721.500    0.227    0.057    0.004 
 721.600    0.225    0.056    0.003 
 721.700    0.224    0.056    0.003 
 721.800    0.223    0.055    0.003 
 721.900    0.221    0.054    0.003 
 722.000    0.220    0.053    0.003 
 722.100    0.218    0.052    0.003 
 722.200    0.216    0.052    0.003 
 722.300    0.214    0.051    0.003 
 722.400    0.213    0.050    0.003 
 722.500    0.211    0.049    0.003 
 722.600    0.209    0.048    0.003 
 722.700    0.207    0.047    0.002 
 722.800    0.204    0.047    0.002 
 722.900    0.201    0.046    0.002 
 723.000    0.196    0.044    0.002 
 723.100    0.193    0.043    0.002 
 723.200    0.185    0.041    0.002 
 723.300    0.164    0.036    0.002 
 723.400    0.131    0.028    0.001 
 723.500    0.173    0.037    0.002 
 723.600    0.183    0.039    0.002 
 723.700    0.186    0.039    0.002 
 723.800    0.187    0.039    0.002 
 723.900    0.186    0.039    0.002 
 724.000    0.185    0.038    0.002 
 724.100    0.184    0.037    0.002 
 724.200    0.183    0.037    0.001 
 724.300    0.182    0.036    0.001 
 724.400    0.181    0.036    0.001 
 724.500    0.179    0.035    0.001 
 724.600    0.177    0.034    0.001 
 724.700    0.176    0.034    0.001 
 724.800    0.174    0.033    0.001 
 724.900    0.172    0.032    0.001 
 725.000    0.171    0.032    0.001 
 725.100    0.169    0.031    0.001 
 725.200    0.167    0.030    0.001 
 725.300    0.165    0.030    0.001 
 725.400    0.164    0.029    0.001 
 725.500    0.162    0.028    0.001 
 725.600    0.160    0.028    0.001 
 725.700    0.158    0.027    0.001 
 725.800    0.156    0.027    0.001 
 725.900    0.155    0.026    0.001 
 726.000    0.153    0.025    0.001 
 726.100    0.151    0.025    0.001 
 726.200    0.149    0.024    0.001 
 726.300    0.147    0.024    0.001 
 726.400    0.145    0.023    0.001 
 726.500    0.142    0.022    0.001 
 726.600    0.137    0.021    0.000 
 726.700    0.136    0.021    0.000 
 726.800    0.137    0.021    0.000 
 726.900    0.136    0.020    0.000 
 727.000    0.134    0.020    0.000 
 727.100    0.132    0.019    0.000 
 727.200    0.131    0.019    0.000 
 727.300    0.130    0.018    0.000 
 727.400    0.128    0.018    0.000 
 727.500    0.126    0.017    0.000 
 727.600    0.124    0.017    0.000 
 727.700    0.123    0.016    0.000 
 727.800    0.121    0.016    0.000 
 727.900    0.119    0.015    0.000 
 728.000    0.117    0.015    0.000 
 728.100    0.116    0.015    0.000 
 728.200    0.114    0.014    0.000 
 728.300    0.112    0.014    0.000 
 728.400    0.110    0.013    0.000 
 728.500    0.109    0.013    0.000 
 728.600    0.107    0.012    0.000 
 728.700    0.105    0.012    0.000 
 728.800    0.104    0.012    0.000 
 728.900    0.102    0.011    0.000 
 729.000    0.100    0.011    0.000 
 729.100    0.098    0.010    0.000 
 729.200    0.097    0.010    0.000 
 729.300    0.095    0.010    0.000 
 729.400    0.093    0.009    0.000 
 729.500    0.091    0.009    0.000 
 729.600    0.090    0.009    0.000 
 729.700    0.088    0.008    0.000 
 729.800    0.086    0.008    0.000 
 729.900    0.084    0.008    0.000 
 730.000    0.079    0.007    0.000 
 730.100    0.080    0.007    0.000 
 730.200    0.079    0.007    0.000 
 730.300    0.077    0.007    0.000 
 730.400    0.076    0.006    0.000 
 730.500    0.074    0.006    0.000 
 730.600    0.072    0.006    0.000 
 730.700    0.070    0.006    0.000 
 730.800    0.068    0.005    0.000 
 730.900    0.067    0.005    0.000 
 731.000    0.064    0.005    0.000 
 731.100    0.062    0.004    0.000 
 731.200    0.058    0.004    0.000 
 731.300    0.059    0.004    0.000 
 731.400    0.059    0.004    0.000 
 731.500    0.058    0.004    0.000 
 731.600    0.057    0.004    0.000 
 731.700    0.056    0.003    0.000 
 731.800    0.055    0.003    0.000 
 731.900    0.054    0.003    0.000 
 732.000    0.052    0.003    0.000 
 732.100    0.051    0.003    0.000 
 732.200    0.050    0.003    0.000 
 732.300    0.049    0.003    0.000 
 732.400    0.047    0.002    0.000 
 732.500    0.046    0.002    0.000 
 732.600    0.045    0.002    0.000 
 732.700    0.044    0.002    0.000 
 732.800    0.043    0.002    0.000 
 732.900    0.041    0.002    0.000 
 733.000    0.040    0.002    0.000 
 733.100    0.039    0.002    0.000 
 733.200    0.038    0.002    0.000 
 733.300    0.037    0.001    0.000 
 733.400    0.036    0.001    0.000 
 733.500    0.034    0.001    0.000 
 733.600    0.033    0.001    0.000 
 733.700    0.032    0.001    0.000 
 733.800    0.031    0.001    0.000 
 733.900    0.030    0.001    0.000 
 734.000    0.029    0.001    0.000 
 734.100    0.027    0.001    0.000 
 734.200    0.026    0.001    0.000 
 734.300    0.024    0.001    0.000 
 734.400    0.019    0.001    0.000 
 734.500    0.023    0.001    0.000 
 734.600    0.022    0.001    0.000 
 734.700    0.022    0.001    0.000 
 734.800    0.021    0.000    0.000 
 734.900    0.020    0.000    0.000 
 735.000    0.018    0.000    0.000 
 735.100    0.018    0.000    0.000 
 735.200    0.018    0.000    0.000 
 735.300    0.017    0.000    0.000 
 735.400    0.016    0.000    0.000 
 735.500    0.016    0.000    0.000 
 735.600    0.015    0.000    0.000 
 735.700    0.014    0.000    0.000 
 735.800    0.014    0.000    0.000 
 735.900    0.013    0.000    0.000 
 736.000    0.012    0.000    0.000 
 736.100    0.012    0.000    0.000 
 736.200    0.011    0.000    0.000 
 736.300    0.011    0.000    0.000 
 736.400    0.010    0.000    0.000 
 736.500    0.009    0.000    0.000 
 736.600    0.009    0.000    0.000 
 736.700    0.008    0.000    0.000 
 736.800    0.008    0.000    0.000 
 736.900    0.008    0.000    0.000 
 737.000    0.007    0.000    0.000 
 737.100    0.007    0.000    0.000 
 737.200    0.006    0.000    0.000 
 737.300    0.006    0.000    0.000 
 737.400    0.005    0.000    0.000 
 737.500    0.005    0.000    0.000 
 737.600    0.005    0.000    0.000 
 737.700    0.004    0.000    0.000 
 737.800    0.004    0.000    0.000 
 737.900    0.004    0.000    0.000 
 738.000    0.004    0.000    0.000 
 738.100    0.003    0.000    0.000 
 738.200    0.003    0.000    0.000 
 738.300    0.003    0.000    0.000 
 738.400    0.003    0.000    0.000 
 738.500    0.002    0.000    0.000 
 738.600    0.002    0.000    0.000 
 738.700    0.002    0.000    0.000 
 738.800    0.002    0.000    0.000 
 738.900    0.002    0.000    0.000 
 739.000    0.002    0.000    0.000 
 739.100    0.001    0.000    0.000 
 739.200    0.001    0.000    0.000 
 739.300    0.001    0.000    0.000 
 739.400    0.001    0.000    0.000 
 739.500    0.001    0.000    0.000 
 739.600    0.001    0.000    0.000 
 739.700    0.001    0.000    0.000 
 739.800    0.001    0.000    0.000 
 739.900    0.001    0.000    0.000 
 740.000    0.001    0.000    0.000 
 740.100    0.000    0.000    0.000 
 740.200    0.000    0.000    0.000 
 740.300    0.000    0.000    0.000 
 740.400    0.000    0.000    0.000 
 740.500    0.000    0.000    0.000 
 740.600    0.000    0.000    0.000 
 740.700    0.000    0.000    0.000 
 740.800    0.000    0.000    0.000 
 740.900    0.000    0.000    0.000 
 741.000    0.000    0.000    0.000 
 741.100    0.000    0.000    0.000 
 741.200    0.000    0.000    0.000 
 741.300    0.000    0.000    0.000 
 741.400    0.000    0.000    0.000 
 741.500    0.000    0.000    0.000 
 741.600    0.000    0.000    0.000 
 741.700    0.000    0.000    0.000 
 741.800    0.000    0.000    0.000 
 741.900    0.000    0.000    0.000 
 742.000    0.000    0.000    0.000 
 742.100    0.000    0.000    0.000 
 742.200    0.000    0.000    0.000 
 742.300    0.000    0.000    0.000 
 742.400    0.000    0.000    0.000 
 742.500    0.000    0.000    0.000 
 742.600    0.000    0.000    0.000 
 742.700    0.000    0.000    0.000 
 742.800    0.000    0.000    0.000 
 742.900    0.000    0.000    0.000 
 743.000    0.000    0.000    0.000 
 743.100    0.000    0.000    0.000 
 743.200    0.000    0.000    0.000 
 743.300    0.000    0.000    0.000 
 743.400    0.000    0.000    0.000 
 743.500    0.000    0.000    0.000 
 743.600    0.000    0.000    0.000 
 743.700    0.000    0.000    0.000 
 743.800    0.000    0.000    0.000 
 743.900    0.000    0.000    0.000 
 744.000    0.000    0.000    0.000 
 744.100    0.000    0.000    0.000 
 744.200    0.000    0.000    0.000 
 744.300    0.000    0.000    0.000 
 744.400    0.000    0.000    0.000 
 744.500    0.000    0.000    0.000 
 744.600    0.000    0.000    0.000 
 744.700    0.000    0.000    0.000 
 744.800    0.000    0.000    0.000 
 744.900    0.000    0.000    0.000 
 745.000    0.000    0.000    0.000 
 745.100    0.000    0.000    0.000 
 745.200    0.000    0.000    0.000 
 745.300    0.000    0.000    0.000 
 745.400    0.000    0.000    0.000 
 745.500    0.000    0.000    0.000 
 745.600    0.000    0.000    0.000 
 745.700    0.000    0.000    0.000 
 745.800    0.000    0.000    0.000 
 745.900    0.000    0.000    0.000 
 746.000    0.000    0.000    0.000 
 746.100    0.000    0.000    0.000 
 746.200    0.000    0.000    0.000 
 746.300    0.000    0.000    0.000 
 746.400    0.000    0.000    0.000 
 746.500    0.000    0.000    0.000 
 746.600    0.000    0.000    0.000 
 746.700    0.000    0.000    0.000 
 746.800    0.000    0.000    0.000 
 746.900    0.000    0.000    0.000 
 747.000    0.000    0.000    0.000 
 747.100    0.000    0.000    0.000 
 747.200    0.000    0.000    0.000 
 747.300    0.000    0.000    0.000 
 747.400    0.000    0.000    0.000 
 747.500    0.000    0.000    0.000 
 747.600    0.000    0.000    0.000 
 747.700    0.000    0.000    0.000 
 747.800    0.000    0.000    0.000 
 747.900    0.000    0.000    0.000 
 748.000    0.000    0.000    0.000 
 748.100    0.000    0.000    0.000 
 748.200    0.000    0.000    0.000 
 748.300    0.000    0.000    0.000 
 748.400    0.000    0.000    0.000 
 748.500    0.000    0.000    0.000 
 748.600    0.000    0.000    0.000 
 748.700    0.000    0.000    0.000 
 748.800    0.000    0.000    0.000 
 748.900    0.000    0.000    0.000 
 749.000    0.000    0.000    0.000 
 749.100    0.000    0.000    0.000 
 749.200    0.000    0.000    0.000 
 749.300    0.000    0.000    0.000 
 749.400    0.000    0.000    0.000 
 749.500    0.000    0.000    0.000 
 749.600    0.000    0.000    0.000 
 749.700    0.000    0.000    0.000 
 749.800    0.000    0.000    0.000 
 749.900    0.000    0.000    0.000 
 750.000    0.000    0.000    0.000 
 750.100    0.000    0.000    0.000 
 750.200    0.000    0.000    0.000 
 750.300    0.000    0.000    0.000 
 750.400    0.000    0.000    0.000 
 750.500    0.000    0.000    0.000 
 750.600    0.000    0.000    0.000 
 750.700    0.000    0.000    0.000 
 750.800    0.000    0.000    0.000 
 750.900    0.000    0.000    0.000 
 751.000    0.000    0.000    0.000 
 751.100    0.000    0.000    0.000 
 751.200    0.000    0.000    0.000 
 751.300    0.000    0.000    0.000 
 751.400    0.000    0.000    0.000 
 751.500    0.000    0.000    0.000 
 751.600    0.000    0.000    0.000 
 751.700    0.000    0.000    0.000 
 751.800    0.000    0.000    0.000 
 751.900    0.000    0.000    0.000 
 752.000    0.000    0.000    0.000 
 752.100    0.000    0.000    0.000 
 752.200    0.000    0.000    0.000 
 752.300    0.000    0.000    0.000 
 752.400    0.000    0.000    0.000 
 752.500    0.000    0.000    0.000 
 752.600    0.000    0.000    0.000 
 752.700    0.000    0.000    0.000 
 752.800    0.000    0.000    0.000 
 752.900    0.000    0.000    0.000 
 753.000    0.000    0.000    0.000 
 753.100    0.000    0.000    0.000 
 753.200    0.000    0.000    0.000 
 753.300    0.000    0.000    0.000 
 753.400    0.000    0.000    0.000 
 753.500    0.000    0.000    0.000 
 753.600    0.000    0.000    0.000 
 753.700    0.000    0.000    0.000 
 753.800    0.000    0.000    0.000 
 753.900    0.000    0.000    0.000 
 754.000    0.000    0.000    0.000 
 754.100    0.000    0.000    0.000 
 754.200    0.000    0.000    0.000 
 754.300    0.000    0.000    0.000 
 754.400    0.000    0.000    0.000 
 754.500    0.000    0.000    0.000 
 754.600    0.000    0.000    0.000 
 754.700    0.000    0.000    0.000 
 754.800    0.000    0.000    0.000 
 754.900    0.000    0.000    0.000 
 755.000    0.000    0.000    0.000 
 755.100    0.000    0.000    0.000 
 755.200    0.000    0.000    0.000 
 755.300    0.000    0.000    0.000 
 755.400    0.000    0.000    0.000 
 755.500    0.000    0.000    0.000 
 755.600    0.000    0.000    0.000 
 755.700    0.000    0.000    0.000 
 755.800    0.000    0.000    0.000 
 755.900    0.000    0.000    0.000 
 756.000    0.000    0.000    0.000 
 756.100    0.000    0.000    0.000 
 756.200    0.000    0.000    0.000 
 756.300    0.000    0.000    0.000 
 756.400    0.000    0.000    0.000 
 756.500    0.000    0.000    0.000 
 756.600    0.000    0.000    0.000 
 756.700    0.000    0.000    0.000 
 756.800    0.000    0.000    0.000 
 756.900    0.000    0.000    0.000 
 757.000    0.000    0.000    0.000 
 757.100    0.000    0.000    0.000 
 757.200    0.000    0.000    0.000 
 757.300    0.000    0.000    0.000 
 757.400    0.000    0.000    0.000 
 757.500    0.000    0.000    0.000 
 757.600    0.000    0.000    0.000 
 757.700    0.000    0.000    0.000 
 757.800    0.000    0.000    0.000 
 757.900    0.000    0.000    0.000 
 758.000    0.000    0.000    0.000 
 758.100    0.000    0.000    0.000 
 758.200    0.000    0.000    0.000 
 758.300    0.000    0.000    0.000 
 758.400    0.000    0.000    0.000 
 758.500    0.000    0.000    0.000 
 758.600    0.000    0.000    0.000 
 758.700    0.000    0.000    0.000 
 758.800    0.000    0.000    0.000 
 758.900    0.000    0.000    0.000 
 759.000    0.000    0.000    0.000 
 759.100    0.000    0.000    0.000 
 759.200    0.000    0.000    0.000 
 759.300    0.000    0.000    0.000 
 759.400    0.000    0.000    0.000 
 759.500    0.000    0.000    0.000 
 759.600    0.000    0.000    0.000 
 759.700    0.000    0.000    0.000 
 759.800    0.000    0.000    0.000 
 759.900    0.000    0.000    0.000 
 760.000    0.000    0.000    0.000 
 760.100    0.000    0.000    0.000 
 760.200    0.000    0.000    0.000 
 760.300    0.000    0.000    0.000 
 760.400    0.000    0.000    0.000 
 760.500    0.000    0.000    0.000 
 760.600    0.000    0.000    0.000 
 760.700    0.000    0.000    0.000 
 760.800    0.000    0.000    0.000 
 760.900    0.000    0.000    0.000 
 761.000    0.000    0.000    0.000 
 761.100    0.000    0.000    0.000 
 761.200    0.000    0.000    0.000 
 761.300    0.000    0.000    0.000 
 761.400    0.000    0.000    0.000 
 761.500    0.000    0.000    0.000 
 761.600    0.000    0.000    0.000 
 761.700    0.000    0.000    0.000 
 761.800    0.000    0.000    0.000 
 761.900    0.000    0.000    0.000 
 762.000    0.000    0.000    0.000 
 762.100    0.000    0.000    0.000 
 762.200    0.000    0.000    0.000 
 762.300    0.000    0.000    0.000 
 762.400    0.000    0.000    0.000 
 762.500    0.000    0.000    0.000 
 762.600    0.000    0.000    0.000 
 762.700    0.000    0.000    0.000 
 762.800    0.000    0.000    0.000 
 762.900    0.000    0.000    0.000 
 763.000    0.000    0.000    0.000 
 763.100    0.000    0.000    0.000 
 763.200    0.000    0.000    0.000 
 763.300    0.000    0.000    0.000 
 763.400    0.000    0.000    0.000 
 763.500    0.000    0.000    0.000 
 763.600    0.000    0.000    0.000 
 763.700    0.000    0.000    0.000 
 763.800    0.000    0.000    0.000 
 763.900    0.000    0.000    0.000 
 764.000    0.000    0.000    0.000 
 764.100    0.000    0.000    0.000 
 764.200    0.000    0.000    0.000 
 764.300    0.000    0.000    0.000 
 764.400    0.000    0.000    0.000 
 764.500    0.001    0.000    0.000 
 764.600    0.001    0.000    0.000 
 764.700    0.001    0.000    0.000 
 764.800    0.001    0.000    0.000 
 764.900    0.001    0.000    0.000 
 765.000    0.001    0.000    0.000 
 765.100    0.001    0.000    0.000 
 765.200    0.001    0.000    0.000 
 765.300    0.001    0.000    0.000 
 765.400    0.001    0.000    0.000 
 765.500    0.001    0.000    0.000 
 765.600    0.001    0.000    0.000 
 765.700    0.002    0.000    0.000 
 765.800    0.002    0.000    0.000 
 765.900    0.002    0.000    0.000 
 766.000    0.002    0.000    0.000 
 766.100    0.002    0.000    0.000 
 766.200    0.002    0.000    0.000 
 766.300    0.002    0.000    0.000 
 766.400    0.002    0.000    0.000 
 766.500    0.003    0.000    0.000 
 766.600    0.003    0.000    0.000 
 766.700    0.003    0.000    0.000 
 766.800    0.004    0.000    0.000 
 766.900    0.004    0.000    0.000 
 767.000    0.004    0.000    0.000 
 767.100    0.004    0.000    0.000 
 767.200    0.004    0.000    0.000 
 767.300    0.005    0.000    0.000 
 767.400    0.005    0.000    0.000 
 767.500    0.005    0.000    0.000 
 767.600    0.005    0.000    0.000 
 767.700    0.006    0.000    0.000 
 767.800    0.006    0.000    0.000 
 767.900    0.006    0.000    0.000 
 768.000    0.007    0.000    0.000 
 768.100    0.007    0.000    0.000 
 768.200    0.007    0.000    0.000 
 768.300    0.008    0.000    0.000 
 768.400    0.008    0.000    0.000 
 768.500    0.008    0.000    0.000 
 768.600    0.009    0.000    0.000 
 768.700    0.009    0.000    0.000 
 768.800    0.009    0.000    0.000 
 768.900    0.010    0.000    0.000 
 769.000    0.010    0.000    0.000 
 769.100    0.010    0.000    0.000 
 769.200    0.010    0.000    0.000 
 769.300    0.011    0.000    0.000 
 769.400    0.011    0.000    0.000 
 769.500    0.011    0.000    0.000 
 769.600    0.011    0.000    0.000 
 769.700    0.012    0.000    0.000 
 769.800    0.012    0.000    0.000 
 769.900    0.012    0.000    0.000 
 770.000    0.012    0.000    0.000 
 770.100    0.012    0.000    0.000 
 770.200    0.012    0.000    0.000 
 770.300    0.012    0.000    0.000 
 770.400    0.012    0.000    0.000 
 770.500    0.012    0.000    0.000 
 770.600    0.012    0.000    0.000 
 770.700    0.012    0.000    0.000 
 770.800    0.012    0.000    0.000 
 770.900    0.012    0.000    0.000 
 771.000    0.011    0.000    0.000 
 771.100    0.011    0.000    0.000 
 771.200    0.010    0.000    0.000 
 771.300    0.010    0.000    0.000 
 771.400    0.009    0.000    0.000 
 771.500    0.009    0.000    0.000 
 771.600    0.008    0.000    0.000 
 771.700    0.007    0.000    0.000 
 771.800    0.006    0.000    0.000 
 771.900    0.005    0.000    0.000 
 772.000    0.005    0.000    0.000 
 772.100    0.004    0.000    0.000 
 772.200    0.003    0.000    0.000 
 772.300    0.002    0.000    0.000 
 772.400    0.002    0.000    0.000 
 772.500    0.001    0.000    0.000 
 772.600    0.001    0.000    0.000 
 772.700    0.000    0.000    0.000 
 772.800    0.000    0.000    0.000 
 772.900    0.000    0.000    0.000 
 773.000    0.000    0.000    0.000 
 773.100    0.000    0.000    0.000 
 773.200    0.000    0.000    0.000 
 773.300    0.000    0.000    0.000 
 773.400    0.000    0.000    0.000 
 773.500    0.000    0.000    0.000 
 773.600    0.000    0.000    0.000 
 773.700    0.000    0.000    0.000 
 773.800    0.000    0.000    0.000 
 773.900    0.000    0.000    0.000 
 774.000    0.000    0.000    0.000 
 774.100    0.000    0.000    0.000 
 774.200    0.000    0.000    0.000 
 774.300    0.000    0.000    0.000 
 774.400    0.000    0.000    0.000 
 774.500    0.000    0.000    0.000 
 774.600    0.000    0.000    0.000 
 774.700    0.000    0.000    0.000 
 774.800    0.000    0.000    0.000 
 774.900    0.000    0.000    0.000 
 775.000    0.001    0.000    0.000 
 775.100    0.001    0.000    0.000 
 775.200    0.002    0.000    0.000 
 775.300    0.003    0.000    0.000 
 775.400    0.004    0.000    0.000 
 775.500    0.006    0.001    0.000 
 775.600    0.008    0.001    0.000 
 775.700    0.010    0.001    0.000 
 775.800    0.012    0.001    0.000 
 775.900    0.015    0.001    0.000 
 776.000    0.017    0.002    0.000 
 776.100    0.019    0.002    0.000 
 776.200    0.019    0.002    0.000 
 776.300    0.018    0.002    0.000 
 776.400    0.026    0.003    0.000 
 776.500    0.030    0.003    0.000 
 776.600    0.034    0.004    0.000 
 776.700    0.037    0.004    0.000 
 776.800    0.041    0.005    0.000 
 776.900    0.044    0.005    0.000 
 777.000    0.047    0.005    0.000 
 777.100    0.049    0.006    0.000 
 777.200    0.052    0.006    0.000 
 777.300    0.056    0.007    0.000 
 777.400    0.059    0.007    0.000 
 777.500    0.062    0.008    0.000 
 777.600    0.065    0.008    0.000 
 777.700    0.068    0.009    0.000 
 777.800    0.070    0.009    0.000 
 777.900    0.073    0.009    0.000 
 778.000    0.076    0.010    0.000 
 778.100    0.078    0.010    0.000 
 778.200    0.081    0.011    0.000 
 778.300    0.083    0.011    0.000 
 778.400    0.086    0.012    0.000 
 778.500    0.088    0.012    0.000 
 778.600    0.091    0.013    0.000 
 778.700    0.093    0.013    0.000 
 778.800    0.095    0.014    0.000 
 778.900    0.098    0.014    0.000 
 779.000    0.100    0.015    0.000 
 779.100    0.102    0.015    0.000 
 779.200    0.104    0.016    0.000 
 779.300    0.105    0.016    0.000 
 779.400    0.107    0.017    0.000 
 779.500    0.107    0.017    0.000 
 779.600    0.105    0.017    0.000 
 779.700    0.083    0.013    0.000 
 779.800    0.106    0.017    0.000 
 779.900    0.115    0.019    0.000 
 780.000    0.119    0.020    0.001 
 780.100    0.122    0.020    0.001 
 780.200    0.125    0.021    0.001 
 780.300    0.127    0.022    0.001 
 780.400    0.129    0.022    0.001 
 780.500    0.132    0.023    0.001 
 780.600    0.134    0.023    0.001 
 780.700    0.136    0.024    0.001 
 780.800    0.138    0.025    0.001 
 780.900    0.140    0.025    0.001 
 781.000    0.142    0.026    0.001 
 781.100    0.144    0.026    0.001 
 781.200    0.145    0.027    0.001 
 781.300    0.147    0.027    0.001 
 781.400    0.149    0.028    0.001 
 781.500    0.150    0.028    0.001 
 781.600    0.152    0.029    0.001 
 781.700    0.153    0.030    0.001 
 781.800    0.155    0.030    0.001 
 781.900    0.156    0.031    0.001 
 782.000    0.156    0.031    0.001 
 782.100    0.156    0.031    0.001 
 782.200    0.153    0.031    0.001 
 782.300    0.145    0.029    0.001 
 782.400    0.113    0.023    0.001 
 782.500    0.127    0.026    0.001 
 782.600    0.153    0.032    0.001 
 782.700    0.162    0.034    0.001 
 782.800    0.168    0.035    0.002 
 782.900    0.171    0.036    0.002 
 783.000    0.174    0.037    0.002 
 783.100    0.177    0.038    0.002 
 783.200    0.179    0.039    0.002 
 783.300    0.180    0.039    0.002 
 783.400    0.182    0.040    0.002 
 783.500    0.183    0.041    0.002 
 783.600    0.181    0.040    0.002 
 783.700    0.180    0.040    0.002 
 783.800    0.187    0.042    0.002 
 783.900    0.190    0.043    0.002 
 784.000    0.192    0.044    0.002 
 784.100    0.193    0.045    0.002 
 784.200    0.193    0.045    0.002 
 784.300    0.193    0.045    0.002 
 784.400    0.192    0.045    0.002 
 784.500    0.186    0.044    0.002 
 784.600    0.169    0.040    0.002 
 784.700    0.110    0.026    0.001 
 784.800    0.177    0.043    0.002 
 784.900    0.194    0.047    0.003 
 785.000    0.201    0.049    0.003 
 785.100    0.206    0.051    0.003 
 785.200    0.209    0.052    0.003 
 785.300    0.211    0.053    0.003 
 785.400    0.213    0.053    0.003 
 785.500    0.213    0.054    0.003 
 785.600    0.209    0.053    0.003 
 785.700    0.205    0.052    0.003 
 785.800    0.218    0.056    0.004 
 785.900    0.222    0.057    0.004 
 786.000    0.225    0.058    0.004 
 786.100    0.227    0.059    0.004 
 786.200    0.228    0.060    0.004 
 786.300    0.230    0.061    0.004 
 786.400    0.232    0.061    0.004 
 786.500    0.233    0.062    0.004 
 786.600    0.235    0.063    0.004 
 786.700    0.236    0.064    0.004 
 786.800    0.238    0.064    0.005 
 786.900    0.239    0.065    0.005 
 787.000    0.241    0.066    0.005 
 787.100    0.242    0.067    0.005 
 787.200    0.244    0.067    0.005 
 787.300    0.245    0.068    0.005 
 787.400    0.246    0.069    0.005 
 787.500    0.248    0.070    0.005 
 787.600    0.249    0.070    0.005 
 787.700    0.251    0.071    0.006 
 787.800    0.252    0.072    0.006 
 787.900    0.253    0.073    0.006 
 788.000    0.255    0.073    0.006 
 788.100    0.256    0.074    0.006 
 788.200    0.257    0.075    0.006 
 788.300    0.259    0.076    0.006 
 788.400    0.260    0.076    0.006 
 788.500    0.261    0.077    0.006 
 788.600    0.263    0.078    0.007 
 788.700    0.264    0.078    0.007 
 788.800    0.265    0.079    0.007 
 788.900    0.266    0.080    0.007 
 789.000    0.268    0.081    0.007 
 789.100    0.269    0.081    0.007 
 789.200    0.270    0.082    0.007 
 789.300    0.271    0.083    0.007 
 789.400    0.273    0.084    0.008 
 789.500    0.274    0.084    0.008 
 789.600    0.275    0.085    0.008 
 789.700    0.276    0.086    0.008 
 789.800    0.277    0.087    0.008 
 789.900    0.279    0.087    0.008 
 790.000    0.280    0.088    0.008 
 790.100    0.281    0.089    0.009 
 790.200    0.282    0.089    0.009 
 790.300    0.283    0.090    0.009 
 790.400    0.284    0.091    0.009 
 790.500    0.284    0.091    0.009 
 790.600    0.286    0.092    0.009 
 790.700    0.286    0.093    0.009 
 790.800    0.287    0.093    0.009 
 790.900    0.288    0.094    0.010 
 791.000    0.288    0.094    0.010 
 791.100    0.288    0.095    0.010 
 791.200    0.287    0.094    0.010 
 791.300    0.284    0.094    0.010 
 791.400    0.290    0.096    0.010 
 791.500    0.293    0.097    0.010 
 791.600    0.295    0.099    0.011 
 791.700    0.297    0.100    0.011 
 791.800    0.298    0.100    0.011 
 791.900    0.300    0.101    0.011 
 792.000    0.301    0.102    0.011 
 792.100    0.300    0.102    0.011 
 792.200    0.298    0.102    0.011 
 792.300    0.297    0.102    0.012 
 792.400    0.303    0.104    0.012 
 792.500    0.305    0.105    0.012 
 792.600    0.306    0.106    0.012 
 792.700    0.306    0.106    0.012 
 792.800    0.305    0.106    0.012 
 792.900    0.303    0.106    0.013 
 793.000    0.295    0.103    0.012 
 793.100    0.281    0.099    0.012 
 793.200    0.212    0.075    0.009 
 793.300    0.280    0.099    0.012 
 793.400    0.301    0.107    0.013 
 793.500    0.311    0.111    0.014 
 793.600    0.315    0.113    0.014 
 793.700    0.318    0.114    0.014 
 793.800    0.320    0.115    0.014 
 793.900    0.322    0.116    0.015 
 794.000    0.324    0.117    0.015 
 794.100    0.326    0.118    0.015 
 794.200    0.327    0.119    0.015 
 794.300    0.329    0.120    0.015 
 794.400    0.330    0.121    0.016 
 794.500    0.330    0.121    0.016 
 794.600    0.330    0.121    0.016 
 794.700    0.330    0.122    0.016 
 794.800    0.333    0.123    0.016 
 794.900    0.335    0.124    0.017 
 795.000    0.336    0.125    0.017 
 795.100    0.337    0.126    0.017 
 795.200    0.338    0.126    0.017 
 795.300    0.339    0.127    0.017 
 795.400    0.340    0.128    0.018 
 795.500    0.341    0.129    0.018 
 795.600    0.342    0.129    0.018 
 795.700    0.343    0.130    0.018 
 795.800    0.344    0.131    0.018 
 795.900    0.345    0.131    0.018 
 796.000    0.345    0.132    0.019 
 796.100    0.346    0.133    0.019 
 796.200    0.348    0.133    0.019 
 796.300    0.349    0.134    0.019 
 796.400    0.349    0.135    0.019 
 796.500    0.350    0.135    0.020 
 796.600    0.351    0.136    0.020 
 796.700    0.352    0.137    0.020 
 796.800    0.353    0.137    0.020 
 796.900    0.354    0.138    0.020 
 797.000    0.355    0.139    0.021 
 797.100    0.356    0.140    0.021 
 797.200    0.357    0.140    0.021 
 797.300    0.357    0.141    0.021 
 797.400    0.358    0.141    0.021 
 797.500    0.359    0.142    0.022 
 797.600    0.360    0.143    0.022 
 797.700    0.361    0.144    0.022 
 797.800    0.361    0.144    0.022 
 797.900    0.362    0.145    0.022 
 798.000    0.363    0.145    0.023 
 798.100    0.364    0.146    0.023 
 798.200    0.364    0.147    0.023 
 798.300    0.365    0.147    0.023 
 798.400    0.365    0.148    0.023 
 798.500    0.364    0.148    0.024 
 798.600    0.362    0.147    0.024 
 798.700    0.352    0.143    0.023 
 798.800    0.345    0.141    0.023 
 798.900    0.363    0.149    0.024 
 799.000    0.368    0.151    0.025 
 799.100    0.370    0.152    0.025 
 799.200    0.371    0.153    0.025 
 799.300    0.372    0.153    0.025 
 799.400    0.368    0.152    0.025 
 799.500    0.374    0.155    0.026 
 799.600    0.376    0.156    0.026 
 799.700    0.377    0.157    0.026 
 799.800    0.378    0.158    0.027 
 799.900    0.379    0.158    0.027 
 800.000    0.380    0.159    0.027 
 800.100    0.381    0.160    0.027 
 800.200    0.382    0.160    0.027 
 800.300    0.382    0.161    0.028 
 800.400    0.383    0.162    0.028 
 800.500    0.384    0.162    0.028 
 800.600    0.385    0.163    0.028 
 800.700    0.385    0.163    0.029 
 800.800    0.386    0.164    0.029 
 800.900    0.387    0.165    0.029 
 801.000    0.388    0.165    0.029 
 801.100    0.388    0.166    0.029 
 801.200    0.389    0.167    0.030 
 801.300    0.390    0.167    0.030 
 801.400    0.390    0.168    0.030 
 801.500    0.391    0.168    0.030 
 801.600    0.392    0.169    0.030 
 801.700    0.392    0.169    0.031 
 801.800    0.393    0.170    0.031 
 801.900    0.393    0.170    0.031 
 802.000    0.393    0.171    0.031 
 802.100    0.393    0.171    0.031 
 802.200    0.392    0.171    0.031 
 802.300    0.386    0.168    0.031 
 802.400    0.378    0.165    0.031 
 802.500    0.392    0.172    0.032 
 802.600    0.396    0.174    0.032 
 802.700    0.398    0.175    0.033 
 802.800    0.399    0.176    0.033 
 802.900    0.400    0.177    0.033 
 803.000    0.401    0.177    0.034 
 803.100    0.402    0.178    0.034 
 803.200    0.403    0.178    0.034 
 803.300    0.403    0.179    0.034 
 803.400    0.404    0.180    0.034 
 803.500    0.405    0.180    0.035 
 803.600    0.406    0.181    0.035 
 803.700    0.406    0.181    0.035 
 803.800    0.406    0.182    0.035 
 803.900    0.407    0.183    0.036 
 804.000    0.408    0.183    0.036 
 804.100    0.409    0.184    0.036 
 804.200    0.409    0.184    0.036 
 804.300    0.410    0.185    0.036 
 804.400    0.410    0.185    0.037 
 804.500    0.410    0.186    0.037 
 804.600    0.409    0.185    0.037 
 804.700    0.407    0.184    0.037 
 804.800    0.411    0.187    0.037 
 804.900    0.413    0.188    0.038 
 805.000    0.414    0.188    0.038 
 805.100    0.414    0.189    0.038 
 805.200    0.415    0.190    0.038 
 805.300    0.416    0.190    0.039 
 805.400    0.416    0.191    0.039 
 805.500    0.417    0.191    0.039 
 805.600    0.417    0.192    0.039 
 805.700    0.418    0.192    0.039 
 805.800    0.418    0.193    0.040 
 805.900    0.419    0.193    0.040 
 806.000    0.419    0.194    0.040 
 806.100    0.420    0.194    0.040 
 806.200    0.420    0.195    0.040 
 806.300    0.420    0.195    0.041 
 806.400    0.420    0.195    0.041 
 806.500    0.421    0.196    0.041 
 806.600    0.421    0.196    0.041 
 806.700    0.421    0.196    0.041 
 806.800    0.420    0.196    0.041 
 806.900    0.420    0.196    0.042 
 807.000    0.418    0.196    0.042 
 807.100    0.416    0.195    0.042 
 807.200    0.412    0.193    0.041 
 807.300    0.407    0.191    0.041 
 807.400    0.394    0.185    0.040 
 807.500    0.363    0.171    0.037 
 807.600    0.250    0.118    0.025 
 807.700    0.331    0.156    0.034 
 807.800    0.385    0.182    0.039 
 807.900    0.405    0.192    0.042 
 808.000    0.414    0.196    0.043 
 808.100    0.420    0.199    0.044 
 808.200    0.423    0.201    0.044 
 808.300    0.426    0.202    0.044 
 808.400    0.428    0.204    0.045 
 808.500    0.429    0.205    0.045 
 808.600    0.430    0.206    0.045 
 808.700    0.434    0.207    0.046 
 808.800    0.434    0.208    0.046 
 808.900    0.435    0.208    0.046 
 809.000    0.435    0.209    0.047 
 809.100    0.436    0.209    0.047 
 809.200    0.436    0.210    0.047 
 809.300    0.437    0.210    0.047 
 809.400    0.437    0.210    0.047 
 809.500    0.435    0.210    0.047 
 809.600    0.438    0.211    0.048 
 809.700    0.438    0.212    0.048 
 809.800    0.438    0.212    0.048 
 809.900    0.438    0.212    0.048 
 810.000    0.436    0.212    0.048 
 810.100    0.438    0.213    0.049 
 810.200    0.437    0.213    0.049 
 810.300    0.436    0.212    0.049 
 810.400    0.434    0.211    0.049 
 810.500    0.428    0.209    0.048 
 810.600    0.404    0.197    0.046 
 810.700    0.407    0.199    0.046 
 810.800    0.424    0.208    0.048 
 810.900    0.419    0.205    0.048 
 811.000    0.420    0.206    0.048 
 811.100    0.431    0.211    0.049 
 811.200    0.432    0.212    0.050 
 811.300    0.427    0.210    0.049 
 811.400    0.404    0.199    0.047 
 811.500    0.389    0.192    0.045 
 811.600    0.427    0.211    0.050 
 811.700    0.437    0.216    0.051 
 811.800    0.441    0.218    0.052 
 811.900    0.443    0.219    0.052 
 812.000    0.445    0.220    0.052 
 812.100    0.446    0.221    0.053 
 812.200    0.446    0.221    0.053 
 812.300    0.447    0.222    0.053 
 812.400    0.447    0.222    0.053 
 812.500    0.447    0.222    0.053 
 812.600    0.447    0.222    0.053 
 812.700    0.445    0.222    0.053 
 812.800    0.443    0.221    0.053 
 812.900    0.438    0.219    0.053 
 813.000    0.426    0.213    0.052 
 813.100    0.377    0.189    0.046 
 813.200    0.395    0.198    0.048 
 813.300    0.430    0.215    0.052 
 813.400    0.440    0.220    0.054 
 813.500    0.443    0.222    0.054 
 813.600    0.444    0.223    0.055 
 813.700    0.441    0.222    0.054 
 813.800    0.434    0.218    0.054 
 813.900    0.409    0.206    0.051 
 814.000    0.305    0.154    0.038 
 814.100    0.418    0.211    0.052 
 814.200    0.439    0.222    0.055 
 814.300    0.447    0.226    0.056 
 814.400    0.451    0.228    0.057 
 814.500    0.454    0.230    0.057 
 814.600    0.456    0.231    0.057 
 814.700    0.457    0.232    0.058 
 814.800    0.458    0.232    0.058 
 814.900    0.459    0.233    0.058 
 815.000    0.460    0.234    0.059 
 815.100    0.461    0.234    0.059 
 815.200    0.461    0.235    0.059 
 815.300    0.462    0.235    0.059 
 815.400    0.462    0.236    0.059 
 815.500    0.463    0.236    0.060 
 815.600    0.463    0.237    0.060 
 815.700    0.463    0.237    0.060 
 815.800    0.464    0.237    0.060 
 815.900    0.464    0.237    0.060 
 816.000    0.464    0.238    0.061 
 816.100    0.465    0.238    0.061 
 816.200    0.465    0.239    0.061 
 816.300    0.465    0.239    0.061 
 816.400    0.466    0.239    0.061 
 816.500    0.466    0.240    0.061 
 816.600    0.466    0.240    0.062 
 816.700    0.467    0.240    0.062 
 816.800    0.467    0.241    0.062 
 816.900    0.467    0.241    0.062 
 817.000    0.468    0.241    0.062 
 817.100    0.468    0.242    0.063 
 817.200    0.468    0.242    0.063 
 817.300    0.468    0.242    0.063 
 817.400    0.469    0.243    0.063 
 817.500    0.469    0.243    0.063 
 817.600    0.469    0.243    0.063 
 817.700    0.469    0.243    0.064 
 817.800    0.469    0.244    0.064 
 817.900    0.469    0.244    0.064 
 818.000    0.469    0.244    0.064 
 818.100    0.469    0.244    0.064 
 818.200    0.468    0.244    0.064 
 818.300    0.465    0.242    0.064 
 818.400    0.449    0.234    0.062 
 818.500    0.461    0.241    0.063 
 818.600    0.467    0.244    0.064 
 818.700    0.469    0.245    0.065 
 818.800    0.470    0.246    0.065 
 818.900    0.470    0.246    0.065 
 819.000    0.470    0.246    0.065 
 819.100    0.470    0.246    0.065 
 819.200    0.468    0.245    0.065 
 819.300    0.466    0.245    0.065 
 819.400    0.467    0.245    0.065 
 819.500    0.464    0.244    0.065 
 819.600    0.456    0.239    0.064 
 819.700    0.422    0.222    0.059 
 819.800    0.428    0.225    0.060 
 819.900    0.458    0.241    0.065 
 820.000    0.466    0.245    0.066 
 820.100    0.469    0.247    0.067 
 820.200    0.471    0.249    0.067 
 820.300    0.472    0.249    0.067 
 820.400    0.473    0.250    0.067 
 820.500    0.473    0.250    0.068 
 820.600    0.474    0.251    0.068 
 820.700    0.475    0.251    0.068 
 820.800    0.475    0.252    0.068 
 820.900    0.476    0.252    0.068 
 821.000    0.476    0.252    0.069 
 821.100    0.476    0.252    0.069 
 821.200    0.476    0.253    0.069 
 821.300    0.477    0.253    0.069 
 821.400    0.477    0.253    0.069 
 821.500    0.477    0.253    0.069 
 821.600    0.477    0.254    0.069 
 821.700    0.477    0.254    0.070 
 821.800    0.477    0.254    0.070 
 821.900    0.478    0.254    0.070 
 822.000    0.477    0.254    0.070 
 822.100    0.478    0.255    0.070 
 822.200    0.478    0.255    0.070 
 822.300    0.478    0.255    0.070 
 822.400    0.478    0.255    0.070 
 822.500    0.478    0.255    0.071 
 822.600    0.478    0.255    0.071 
 822.700    0.478    0.256    0.071 
 822.800    0.478    0.256    0.071 
 822.900    0.478    0.256    0.071 
 823.000    0.478    0.256    0.071 
 823.100    0.478    0.256    0.071 
 823.200    0.478    0.256    0.071 
 823.300    0.478    0.256    0.071 
 823.400    0.478    0.256    0.071 
 823.500    0.477    0.256    0.071 
 823.600    0.478    0.256    0.072 
 823.700    0.477    0.256    0.072 
 823.800    0.477    0.256    0.072 
 823.900    0.476    0.256    0.072 
 824.000    0.476    0.256    0.072 
 824.100    0.476    0.256    0.072 
 824.200    0.475    0.256    0.072 
 824.300    0.475    0.256    0.072 
 824.400    0.474    0.255    0.072 
 824.500    0.473    0.255    0.072 
 824.600    0.472    0.255    0.072 
 824.700    0.470    0.253    0.071 
 824.800    0.460    0.248    0.070 
 824.900    0.468    0.252    0.071 
 825.000    0.467    0.252    0.071 
 825.100    0.465    0.251    0.071 
 825.200    0.462    0.249    0.070 
 825.300    0.457    0.247    0.070 
 825.400    0.449    0.242    0.068 
 825.500    0.433    0.234    0.066 
 825.600    0.396    0.214    0.060 
 825.700    0.255    0.138    0.039 
 825.800    0.336    0.182    0.051 
 825.900    0.384    0.207    0.059 
 826.000    0.427    0.231    0.065 
 826.100    0.442    0.239    0.067 
 826.200    0.447    0.242    0.068 
 826.300    0.447    0.241    0.068 
 826.400    0.439    0.237    0.067 
 826.500    0.408    0.220    0.062 
 826.600    0.391    0.211    0.060 
 826.700    0.439    0.237    0.067 
 826.800    0.451    0.243    0.069 
 826.900    0.455    0.246    0.069 
 827.000    0.457    0.247    0.070 
 827.100    0.457    0.246    0.070 
 827.200    0.456    0.246    0.069 
 827.300    0.448    0.242    0.068 
 827.400    0.455    0.246    0.069 
 827.500    0.455    0.246    0.070 
 827.600    0.447    0.242    0.069 
 827.700    0.455    0.246    0.070 
 827.800    0.455    0.247    0.070 
 827.900    0.452    0.245    0.070 
 828.000    0.425    0.231    0.066 
 828.100    0.450    0.245    0.070 
 828.200    0.454    0.247    0.071 
 828.300    0.454    0.248    0.071 
 828.400    0.455    0.248    0.071 
 828.500    0.454    0.248    0.072 
 828.600    0.453    0.247    0.072 
 828.700    0.452    0.247    0.072 
 828.800    0.451    0.247    0.072 
 828.900    0.448    0.245    0.071 
 829.000    0.448    0.245    0.071 
 829.100    0.446    0.245    0.071 
 829.200    0.444    0.244    0.071 
 829.300    0.442    0.243    0.071 
 829.400    0.440    0.242    0.071 
 829.500    0.436    0.240    0.070 
 829.600    0.435    0.239    0.070 
 829.700    0.432    0.238    0.070 
 829.800    0.428    0.236    0.069 
 829.900    0.425    0.234    0.069 
 830.000    0.421    0.232    0.068 
 830.100    0.415    0.229    0.067 
 830.200    0.410    0.226    0.067 
 830.300    0.404    0.223    0.066 
 830.400    0.394    0.218    0.064 
 830.500    0.375    0.207    0.061 
 830.600    0.361    0.200    0.059 
 830.700    0.360    0.199    0.059 
 830.800    0.334    0.185    0.055 
 830.900    0.255    0.141    0.042 
 831.000    0.233    0.129    0.038 
 831.100    0.296    0.164    0.049 
 831.200    0.327    0.181    0.054 
 831.300    0.329    0.182    0.054 
 831.400    0.319    0.177    0.053 
 831.500    0.290    0.161    0.048 
 831.600    0.246    0.137    0.041 
 831.700    0.289    0.160    0.048 
 831.800    0.290    0.161    0.048 
 831.900    0.281    0.156    0.047 
 832.000    0.265    0.147    0.044 
 832.100    0.221    0.123    0.037 
 832.200    0.233    0.130    0.039 
 832.300    0.226    0.126    0.038 
 832.400    0.209    0.116    0.035 
 832.500    0.188    0.105    0.031 
 832.600    0.163    0.090    0.027 
 832.700    0.126    0.070    0.021 
 832.800    0.064    0.036    0.011 
 832.900    0.092    0.051    0.015 
 833.000    0.085    0.048    0.014 
 833.100    0.070    0.039    0.012 
 833.200    0.052    0.029    0.009 
 833.300    0.036    0.020    0.006 
 833.400    0.022    0.012    0.004 
 833.500    0.011    0.006    0.002 
 833.600    0.004    0.002    0.001 
 833.700    0.002    0.001    0.000 
 833.800    0.000    0.000    0.000 
 833.900    0.000    0.000    0.000 
 834.000    0.000    0.000    0.000 
 834.100    0.000    0.000    0.000 
 834.200    0.000    0.000    0.000 
 834.300    0.000    0.000    0.000 
 834.400    0.000    0.000    0.000 
 834.500    0.000    0.000    0.000 
 834.600    0.002    0.001    0.000 
 834.700    0.006    0.003    0.001 
 834.800    0.013    0.007    0.002 
 834.900    0.023    0.013    0.004 
 835.000    0.035    0.020    0.006 
 835.100    0.048    0.027    0.008 
 835.200    0.041    0.023    0.007 
 835.300    0.071    0.040    0.012 
 835.400    0.106    0.060    0.018 
 835.500    0.133    0.075    0.023 
 835.600    0.157    0.088    0.027 
 835.700    0.178    0.100    0.031 
 835.800    0.200    0.112    0.034 
 835.900    0.219    0.123    0.038 
 836.000    0.237    0.133    0.041 
 836.100    0.251    0.141    0.043 
 836.200    0.255    0.143    0.044 
 836.300    0.275    0.155    0.047 
 836.400    0.288    0.162    0.050 
 836.500    0.301    0.169    0.052 
 836.600    0.312    0.176    0.054 
 836.700    0.316    0.178    0.054 
 836.800    0.304    0.171    0.052 
 836.900    0.223    0.125    0.038 
 837.000    0.325    0.183    0.056 
 837.100    0.350    0.197    0.060 
 837.200    0.363    0.204    0.063 
 837.300    0.372    0.209    0.064 
 837.400    0.377    0.212    0.065 
 837.500    0.379    0.213    0.066 
 837.600    0.375    0.211    0.065 
 837.700    0.354    0.200    0.061 
 837.800    0.246    0.138    0.043 
 837.900    0.342    0.193    0.059 
 838.000    0.380    0.214    0.066 
 838.100    0.391    0.220    0.068 
 838.200    0.389    0.220    0.068 
 838.300    0.366    0.206    0.064 
 838.400    0.237    0.134    0.041 
 838.500    0.375    0.212    0.065 
 838.600    0.391    0.221    0.068 
 838.700    0.417    0.236    0.073 
 838.800    0.425    0.240    0.074 
 838.900    0.430    0.243    0.075 
 839.000    0.431    0.244    0.075 
 839.100    0.431    0.243    0.075 
 839.200    0.428    0.242    0.075 
 839.300    0.420    0.238    0.074 
 839.400    0.405    0.229    0.071 
 839.500    0.372    0.210    0.065 
 839.600    0.279    0.158    0.049 
 839.700    0.147    0.083    0.026 
 839.800    0.286    0.162    0.050 
 839.900    0.379    0.215    0.067 
 840.000    0.412    0.233    0.072 
 840.100    0.426    0.241    0.075 
 840.200    0.432    0.245    0.076 
 840.300    0.434    0.246    0.076 
 840.400    0.430    0.244    0.076 
 840.500    0.420    0.238    0.074 
 840.600    0.396    0.225    0.070 
 840.700    0.325    0.184    0.057 
 840.800    0.274    0.156    0.048 
 840.900    0.268    0.152    0.047 
 841.000    0.321    0.182    0.057 
 841.100    0.387    0.220    0.068 
 841.200    0.405    0.230    0.072 
 841.300    0.406    0.230    0.072 
 841.400    0.390    0.222    0.069 
 841.500    0.340    0.193    0.060 
 841.600    0.207    0.118    0.037 
 841.700    0.310    0.176    0.055 
 841.800    0.194    0.110    0.034 
 841.900    0.319    0.182    0.057 
 842.000    0.339    0.192    0.060 
 842.100    0.313    0.178    0.056 
 842.200    0.164    0.093    0.029 
 842.300    0.266    0.151    0.047 
 842.400    0.170    0.097    0.030 
 842.500    0.264    0.150    0.047 
 842.600    0.164    0.093    0.029 
 842.700    0.197    0.112    0.035 
 842.800    0.176    0.100    0.031 
 842.900    0.127    0.072    0.023 
 843.000    0.118    0.067    0.021 
 843.100    0.095    0.054    0.017 
 843.200    0.231    0.131    0.041 
 843.300    0.336    0.192    0.060 
 843.400    0.388    0.221    0.069 
 843.500    0.414    0.236    0.074 
 843.600    0.434    0.247    0.078 
 843.700    0.440    0.251    0.079 
 843.800    0.448    0.255    0.080 
 843.900    0.464    0.265    0.083 
 844.000    0.472    0.269    0.084 
 844.100    0.477    0.272    0.085 
 844.200    0.482    0.275    0.086 
 844.300    0.486    0.277    0.087 
 844.400    0.489    0.279    0.088 
 844.500    0.491    0.280    0.088 
 844.600    0.493    0.281    0.088 
 844.700    0.495    0.282    0.089 
 844.800    0.497    0.283    0.089 
 844.900    0.499    0.284    0.089 
 845.000    0.500    0.285    0.090 
 845.100    0.502    0.286    0.090 
 845.200    0.503    0.287    0.090 
 845.300    0.504    0.287    0.090 
 845.400    0.502    0.287    0.090 
 845.500    0.503    0.287    0.090 
 845.600    0.505    0.288    0.091 
 845.700    0.506    0.288    0.091 
 845.800    0.506    0.289    0.091 
 845.900    0.505    0.288    0.091 
 846.000    0.506    0.289    0.091 
 846.100    0.507    0.289    0.091 
 846.200    0.507    0.289    0.091 
 846.300    0.508    0.290    0.091 
 846.400    0.508    0.290    0.091 
 846.500    0.507    0.289    0.091 
 846.600    0.508    0.290    0.091 
 846.700    0.508    0.290    0.091 
 846.800    0.509    0.290    0.091 
 846.900    0.509    0.290    0.091 
 847.000    0.509    0.290    0.091 
 847.100    0.509    0.290    0.091 
 847.200    0.509    0.290    0.091 
 847.300    0.509    0.290    0.091 
 847.400    0.508    0.290    0.091 
 847.500    0.509    0.290    0.091 
 847.600    0.509    0.290    0.091 
 847.700    0.509    0.290    0.091 
 847.800    0.509    0.289    0.091 
 847.900    0.508    0.289    0.090 
 848.000    0.508    0.289    0.090 
 848.100    0.507    0.288    0.090 
 848.200    0.507    0.288    0.090 
 848.300    0.507    0.288    0.090 
 848.400    0.506    0.287    0.090 
 848.500    0.505    0.287    0.089 
 848.600    0.504    0.286    0.089 
 848.700    0.501    0.284    0.088 
 848.800    0.497    0.282    0.087 
 848.900    0.486    0.275    0.086 
 849.000    0.446    0.253    0.079 
 849.100    0.445    0.252    0.078 
 849.200    0.486    0.276    0.086 
 849.300    0.498    0.282    0.088 
 849.400    0.502    0.285    0.089 
 849.500    0.505    0.287    0.089 
 849.600    0.505    0.287    0.090 
 849.700    0.505    0.287    0.090 
 849.800    0.507    0.288    0.090 
 849.900    0.505    0.287    0.090 
 850.000    0.506    0.288    0.090 
 850.100    0.507    0.289    0.090 
 850.200    0.503    0.286    0.090 
 850.300    0.510    0.291    0.091 
 850.400    0.512    0.292    0.092 
 850.500    0.512    0.292    0.092 
 850.600    0.513    0.293    0.092 
 850.700    0.513    0.293    0.092 
 850.800    0.514    0.293    0.092 
 850.900    0.514    0.293    0.092 
 851.000    0.514    0.293    0.092 
 851.100    0.514    0.293    0.092 
 851.200    0.514    0.293    0.093 
 851.300    0.512    0.292    0.092 
 851.400    0.508    0.290    0.092 
 851.500    0.514    0.293    0.093 
 851.600    0.514    0.294    0.093 
 851.700    0.515    0.294    0.093 
 851.800    0.514    0.294    0.093 
 851.900    0.515    0.294    0.093 
 852.000    0.515    0.294    0.093 
 852.100    0.515    0.294    0.093 
 852.200    0.515    0.294    0.093 
 852.300    0.513    0.293    0.093 
 852.400    0.514    0.293    0.093 
 852.500    0.513    0.293    0.093 
 852.600    0.511    0.292    0.092 
 852.700    0.498    0.284    0.090 
 852.800    0.506    0.289    0.091 
 852.900    0.511    0.292    0.092 
 853.000    0.513    0.293    0.093 
 853.100    0.515    0.294    0.093 
 853.200    0.515    0.294    0.093 
 853.300    0.515    0.294    0.093 
 853.400    0.515    0.294    0.093 
 853.500    0.515    0.294    0.093 
 853.600    0.516    0.294    0.093 
 853.700    0.516    0.294    0.093 
 853.800    0.516    0.294    0.093 
 853.900    0.516    0.294    0.093 
 854.000    0.515    0.294    0.093 
 854.100    0.515    0.294    0.093 
 854.200    0.512    0.292    0.092 
 854.300    0.513    0.293    0.092 
 854.400    0.515    0.294    0.092 
 854.500    0.515    0.294    0.092 
 854.600    0.515    0.294    0.092 
 854.700    0.515    0.294    0.092 
 854.800    0.515    0.294    0.092 
 854.900    0.514    0.293    0.092 
 855.000    0.514    0.293    0.092 
 855.100    0.514    0.293    0.092 
 855.200    0.514    0.293    0.092 
 855.300    0.513    0.292    0.092 
 855.400    0.511    0.291    0.091 
 855.500    0.510    0.290    0.091 
 855.600    0.511    0.291    0.091 
 855.700    0.512    0.291    0.091 
 855.800    0.513    0.291    0.091 
 855.900    0.512    0.291    0.091 
 856.000    0.512    0.291    0.091 
 856.100    0.511    0.290    0.090 
 856.200    0.506    0.287    0.089 
 856.300    0.510    0.289    0.090 
 856.400    0.508    0.288    0.089 
 856.500    0.508    0.288    0.089 
 856.600    0.508    0.288    0.089 
 856.700    0.506    0.286    0.089 
 856.800    0.504    0.285    0.088 
 856.900    0.504    0.285    0.088 
 857.000    0.502    0.283    0.087 
 857.100    0.501    0.282    0.087 
 857.200    0.499    0.281    0.086 
 857.300    0.496    0.279    0.085 
 857.400    0.489    0.275    0.084 
 857.500    0.487    0.273    0.083 
 857.600    0.478    0.268    0.081 
 857.700    0.462    0.258    0.078 
 857.800    0.435    0.243    0.073 
 857.900    0.361    0.201    0.060 
 858.000    0.293    0.163    0.049 
 858.100    0.420    0.233    0.069 
 858.200    0.458    0.253    0.075 
 858.300    0.473    0.261    0.077 
 858.400    0.480    0.264    0.078 
 858.500    0.483    0.266    0.077 
 858.600    0.485    0.266    0.077 
 858.700    0.486    0.265    0.076 
 858.800    0.486    0.264    0.076 
 858.900    0.485    0.263    0.075 
 859.000    0.487    0.263    0.074 
 859.100    0.485    0.261    0.073 
 859.200    0.484    0.259    0.072 
 859.300    0.482    0.257    0.071 
 859.400    0.480    0.255    0.070 
 859.500    0.479    0.254    0.069 
 859.600    0.477    0.252    0.068 
 859.700    0.476    0.251    0.067 
 859.800    0.475    0.250    0.067 
 859.900    0.474    0.249    0.067 
 860.000    0.475    0.250    0.067 
 860.100    0.475    0.250    0.067 
 860.200    0.476    0.251    0.068 
 860.300    0.477    0.252    0.068 
 860.400    0.478    0.254    0.069 
 860.500    0.477    0.254    0.070 
 860.600    0.479    0.256    0.071 
 860.700    0.481    0.258    0.072 
 860.800    0.483    0.260    0.073 
 860.900    0.483    0.261    0.074 
 861.000    0.484    0.262    0.075 
 861.100    0.482    0.262    0.075 
 861.200    0.478    0.261    0.075 
 861.300    0.466    0.255    0.074 
 861.400    0.419    0.230    0.067 
 861.500    0.399    0.220    0.064 
 861.600    0.465    0.257    0.076 
 861.700    0.481    0.266    0.079 
 861.800    0.487    0.270    0.080 
 861.900    0.492    0.274    0.082 
 862.000    0.495    0.276    0.083 
 862.100    0.496    0.277    0.083 
 862.200    0.497    0.277    0.084 
 862.300    0.496    0.277    0.084 
 862.400    0.495    0.277    0.084 
 862.500    0.493    0.276    0.084 
 862.600    0.486    0.273    0.083 
 862.700    0.472    0.265    0.081 
 862.800    0.437    0.246    0.075 
 862.900    0.290    0.163    0.050 
 863.000    0.416    0.234    0.072 
 863.100    0.467    0.263    0.081 
 863.200    0.486    0.274    0.084 
 863.300    0.495    0.279    0.086 
 863.400    0.500    0.282    0.087 
 863.500    0.503    0.284    0.088 
 863.600    0.505    0.286    0.088 
 863.700    0.507    0.287    0.089 
 863.800    0.508    0.287    0.089 
 863.900    0.509    0.288    0.089 
 864.000    0.512    0.290    0.090 
 864.100    0.512    0.290    0.090 
 864.200    0.512    0.290    0.090 
 864.300    0.512    0.290    0.090 
 864.400    0.513    0.291    0.090 
 864.500    0.513    0.291    0.090 
 864.600    0.513    0.291    0.090 
 864.700    0.513    0.291    0.090 
 864.800    0.513    0.291    0.090 
 864.900    0.513    0.291    0.091 
 865.000    0.513    0.291    0.091 
 865.100    0.513    0.291    0.091 
 865.200    0.513    0.291    0.091 
 865.300    0.513    0.291    0.091 
 865.400    0.513    0.291    0.091 
 865.500    0.512    0.291    0.091 
 865.600    0.511    0.290    0.090 
 865.700    0.511    0.290    0.090 
 865.800    0.509    0.289    0.090 
 865.900    0.505    0.287    0.089 
 866.000    0.495    0.281    0.088 
 866.100    0.448    0.255    0.079 
 866.200    0.482    0.274    0.085 
 866.300    0.502    0.285    0.089 
 866.400    0.508    0.288    0.090 
 866.500    0.510    0.290    0.090 
 866.600    0.512    0.291    0.090 
 866.700    0.512    0.291    0.091 
 866.800    0.513    0.291    0.091 
 866.900    0.513    0.292    0.091 
 867.000    0.513    0.292    0.091 
 867.100    0.514    0.292    0.091 
 867.200    0.514    0.292    0.091 
 867.300    0.514    0.292    0.091 
 867.400    0.514    0.292    0.091 
 867.500    0.514    0.292    0.091 
 867.600    0.514    0.292    0.091 
 867.700    0.514    0.292    0.091 
 867.800    0.514    0.292    0.091 
 867.900    0.514    0.292    0.091 
 868.000    0.514    0.292    0.091 
 868.100    0.514    0.292    0.091 
 868.200    0.514    0.292    0.091 
 868.300    0.513    0.291    0.091 
 868.400    0.513    0.291    0.090 
 868.500    0.510    0.289    0.090 
 868.600    0.507    0.288    0.089 
 868.700    0.511    0.290    0.090 
 868.800    0.511    0.290    0.090 
 868.900    0.509    0.289    0.090 
 869.000    0.502    0.284    0.088 
 869.100    0.493    0.280    0.087 
 869.200    0.507    0.288    0.089 
 869.300    0.510    0.289    0.090 
 869.400    0.511    0.290    0.090 
 869.500    0.507    0.288    0.089 
 869.600    0.512    0.290    0.090 
 869.700    0.512    0.290    0.090 
 869.800    0.512    0.290    0.090 
 869.900    0.512    0.290    0.090 
 870.000    0.512    0.290    0.090 
 870.100    0.513    0.290    0.090 
 870.200    0.512    0.290    0.090 
 870.300    0.511    0.289    0.089 
 870.400    0.507    0.287    0.089 
 870.500    0.511    0.290    0.090 
 870.600    0.512    0.290    0.090 
 870.700    0.512    0.290    0.090 
 870.800    0.512    0.290    0.089 
 870.900    0.512    0.290    0.090 
 871.000    0.512    0.290    0.089 
 871.100    0.512    0.290    0.089 
 871.200    0.512    0.290    0.089 
 871.300    0.512    0.290    0.089 
 871.400    0.512    0.290    0.089 
 871.500    0.512    0.289    0.089 
 871.600    0.512    0.289    0.089 
 871.700    0.512    0.289    0.089 
 871.800    0.512    0.289    0.089 
 871.900    0.512    0.289    0.089 
 872.000    0.512    0.289    0.089 
 872.100    0.512    0.289    0.089 
 872.200    0.512    0.289    0.089 
 872.300    0.512    0.289    0.089 
 872.400    0.511    0.289    0.089 
 872.500    0.511    0.288    0.089 
 872.600    0.511    0.288    0.089 
 872.700    0.511    0.288    0.088 
 872.800    0.511    0.288    0.088 
 872.900    0.511    0.288    0.088 
 873.000    0.511    0.288    0.088 
 873.100    0.511    0.288    0.088 
 873.200    0.511    0.288    0.088 
 873.300    0.511    0.288    0.088 
 873.400    0.510    0.288    0.088 
 873.500    0.510    0.287    0.088 
 873.600    0.510    0.287    0.088 
 873.700    0.510    0.287    0.088 
 873.800    0.510    0.287    0.088 
 873.900    0.510    0.287    0.088 
 874.000    0.509    0.286    0.087 
 874.100    0.508    0.286    0.087 
 874.200    0.509    0.286    0.087 
 874.300    0.509    0.286    0.087 
 874.400    0.509    0.286    0.087 
 874.500    0.509    0.286    0.087 
 874.600    0.509    0.286    0.087 
 874.700    0.509    0.286    0.087 
 874.800    0.509    0.286    0.087 
 874.900    0.509    0.286    0.087 
 875.000    0.508    0.285    0.087 
 875.100    0.508    0.285    0.087 
 875.200    0.508    0.285    0.087 
 875.300    0.507    0.285    0.086 
 875.400    0.506    0.284    0.086 
 875.500    0.500    0.280    0.085 
 875.600    0.503    0.282    0.085 
 875.700    0.506    0.284    0.086 
 875.800    0.507    0.284    0.086 
 875.900    0.507    0.284    0.086 
 876.000    0.507    0.284    0.086 
 876.100    0.507    0.284    0.086 
 876.200    0.507    0.284    0.086 
 876.300    0.507    0.284    0.086 
 876.400    0.507    0.284    0.086 
 876.500    0.507    0.283    0.086 
 876.600    0.507    0.283    0.085 
 876.700    0.506    0.283    0.085 
 876.800    0.506    0.283    0.085 
 876.900    0.506    0.283    0.085 
 877.000    0.506    0.283    0.085 
 877.100    0.506    0.282    0.085 
 877.200    0.505    0.282    0.085 
 877.300    0.506    0.282    0.085 
 877.400    0.506    0.282    0.085 
 877.500    0.505    0.282    0.085 
 877.600    0.505    0.282    0.084 
 877.700    0.505    0.282    0.084 
 877.800    0.505    0.282    0.084 
 877.900    0.505    0.281    0.084 
 878.000    0.505    0.281    0.084 
 878.100    0.505    0.281    0.084 
 878.200    0.504    0.281    0.084 
 878.300    0.504    0.281    0.084 
 878.400    0.504    0.280    0.084 
 878.500    0.504    0.280    0.084 
 878.600    0.504    0.280    0.083 
 878.700    0.503    0.280    0.083 
 878.800    0.503    0.280    0.083 
 878.900    0.503    0.280    0.083 
 879.000    0.503    0.279    0.083 
 879.100    0.503    0.279    0.083 
 879.200    0.503    0.279    0.083 
 879.300    0.503    0.279    0.083 
 879.400    0.502    0.279    0.083 
 879.500    0.502    0.278    0.083 
 879.600    0.502    0.278    0.082 
 879.700    0.502    0.278    0.082 
 879.800    0.501    0.278    0.082 
 879.900    0.501    0.278    0.082 
 880.000    0.501    0.277    0.082 
 880.100    0.501    0.277    0.082 
 880.200    0.500    0.277    0.082 
 880.300    0.500    0.277    0.082 
 880.400    0.500    0.276    0.081 
 880.500    0.500    0.276    0.081 
 880.600    0.499    0.276    0.081 
 880.700    0.499    0.276    0.081 
 880.800    0.498    0.275    0.081 
 880.900    0.496    0.274    0.080 
 881.000    0.497    0.274    0.081 
 881.100    0.498    0.275    0.080 
 881.200    0.498    0.274    0.080 
 881.300    0.497    0.274    0.080 
 881.400    0.497    0.274    0.080 
 881.500    0.496    0.273    0.080 
 881.600    0.495    0.273    0.080 
 881.700    0.495    0.273    0.080 
 881.800    0.495    0.272    0.079 
 881.900    0.494    0.272    0.079 
 882.000    0.493    0.271    0.079 
 882.100    0.492    0.271    0.079 
 882.200    0.491    0.270    0.078 
 882.300    0.489    0.269    0.078 
 882.400    0.487    0.267    0.078 
 882.500    0.484    0.265    0.077 
 882.600    0.479    0.263    0.076 
 882.700    0.471    0.258    0.075 
 882.800    0.456    0.250    0.072 
 882.900    0.425    0.233    0.067 
 883.000    0.332    0.182    0.052 
 883.100    0.308    0.168    0.049 
 883.200    0.418    0.228    0.066 
 883.300    0.452    0.247    0.071 
 883.400    0.468    0.256    0.074 
 883.500    0.476    0.260    0.075 
 883.600    0.480    0.262    0.075 
 883.700    0.484    0.264    0.076 
 883.800    0.485    0.265    0.076 
 883.900    0.487    0.266    0.076 
 884.000    0.488    0.266    0.076 
 884.100    0.491    0.268    0.077 
 884.200    0.491    0.268    0.077 
 884.300    0.491    0.267    0.076 
 884.400    0.491    0.267    0.076 
 884.500    0.490    0.267    0.076 
 884.600    0.490    0.267    0.076 
 884.700    0.490    0.266    0.076 
 884.800    0.489    0.266    0.076 
 884.900    0.489    0.266    0.075 
 885.000    0.489    0.265    0.075 
 885.100    0.488    0.265    0.075 
 885.200    0.487    0.264    0.075 
 885.300    0.482    0.261    0.074 
 885.400    0.482    0.261    0.074 
 885.500    0.484    0.262    0.074 
 885.600    0.484    0.262    0.074 
 885.700    0.484    0.262    0.074 
 885.800    0.484    0.262    0.074 
 885.900    0.483    0.261    0.073 
 886.000    0.481    0.260    0.073 
 886.100    0.479    0.259    0.073 
 886.200    0.474    0.256    0.072 
 886.300    0.463    0.250    0.070 
 886.400    0.424    0.228    0.064 
 886.500    0.419    0.226    0.063 
 886.600    0.455    0.245    0.068 
 886.700    0.448    0.241    0.067 
 886.800    0.461    0.248    0.069 
 886.900    0.469    0.252    0.070 
 887.000    0.469    0.252    0.070 
 887.100    0.464    0.249    0.069 
 887.200    0.446    0.239    0.066 
 887.300    0.384    0.206    0.057 
 887.400    0.453    0.243    0.067 
 887.500    0.465    0.249    0.069 
 887.600    0.467    0.250    0.069 
 887.700    0.466    0.249    0.069 
 887.800    0.461    0.247    0.068 
 887.900    0.452    0.241    0.066 
 888.000    0.429    0.229    0.063 
 888.100    0.360    0.192    0.053 
 888.200    0.331    0.176    0.048 
 888.300    0.423    0.225    0.061 
 888.400    0.449    0.239    0.065 
 888.500    0.461    0.245    0.067 
 888.600    0.466    0.248    0.067 
 888.700    0.470    0.249    0.068 
 888.800    0.472    0.250    0.068 
 888.900    0.473    0.251    0.068 
 889.000    0.474    0.251    0.068 
 889.100    0.474    0.251    0.068 
 889.200    0.476    0.252    0.068 
 889.300    0.476    0.252    0.068 
 889.400    0.476    0.251    0.067 
 889.500    0.476    0.251    0.067 
 889.600    0.475    0.250    0.067 
 889.700    0.475    0.250    0.067 
 889.800    0.474    0.249    0.066 
 889.900    0.474    0.249    0.066 
 890.000    0.474    0.249    0.066 
 890.100    0.473    0.248    0.066 
 890.200    0.473    0.247    0.065 
 890.300    0.472    0.247    0.065 
 890.400    0.472    0.246    0.065 
 890.500    0.471    0.246    0.064 
 890.600    0.470    0.245    0.064 
 890.700    0.470    0.245    0.064 
 890.800    0.469    0.244    0.063 
 890.900    0.468    0.243    0.063 
 891.000    0.468    0.242    0.063 
 891.100    0.467    0.242    0.062 
 891.200    0.466    0.241    0.062 
 891.300    0.465    0.240    0.061 
 891.400    0.465    0.239    0.061 
 891.500    0.464    0.238    0.061 
 891.600    0.463    0.237    0.060 
 891.700    0.462    0.236    0.060 
 891.800    0.460    0.235    0.059 
 891.900    0.459    0.234    0.058 
 892.000    0.458    0.233    0.058 
 892.100    0.457    0.232    0.057 
 892.200    0.455    0.230    0.057 
 892.300    0.454    0.229    0.056 
 892.400    0.452    0.227    0.055 
 892.500    0.451    0.226    0.054 
 892.600    0.449    0.224    0.054 
 892.700    0.447    0.222    0.053 
 892.800    0.445    0.220    0.052 
 892.900    0.443    0.219    0.051 
 893.000    0.441    0.217    0.050 
 893.100    0.439    0.215    0.050 
 893.200    0.437    0.213    0.049 
 893.300    0.435    0.211    0.048 
 893.400    0.433    0.210    0.047 
 893.500    0.430    0.208    0.047 
 893.600    0.428    0.206    0.046 
 893.700    0.429    0.206    0.046 
 893.800    0.428    0.206    0.046 
 893.900    0.427    0.206    0.046 
 894.000    0.427    0.206    0.046 
 894.100    0.426    0.206    0.046 
 894.200    0.423    0.205    0.046 
 894.300    0.415    0.201    0.046 
 894.400    0.409    0.199    0.045 
 894.500    0.419    0.204    0.046 
 894.600    0.420    0.205    0.047 
 894.700    0.419    0.204    0.047 
 894.800    0.416    0.203    0.047 
 894.900    0.411    0.201    0.046 
 895.000    0.401    0.196    0.045 
 895.100    0.392    0.192    0.044 
 895.200    0.408    0.200    0.046 
 895.300    0.414    0.203    0.047 
 895.400    0.417    0.205    0.047 
 895.500    0.419    0.205    0.047 
 895.600    0.418    0.205    0.047 
 895.700    0.416    0.204    0.047 
 895.800    0.409    0.201    0.046 
 895.900    0.393    0.192    0.044 
 896.000    0.339    0.166    0.038 
 896.100    0.302    0.148    0.034 
 896.200    0.386    0.189    0.043 
 896.300    0.409    0.200    0.046 
 896.400    0.420    0.205    0.047 
 896.500    0.425    0.207    0.048 
 896.600    0.428    0.209    0.048 
 896.700    0.430    0.209    0.048 
 896.800    0.431    0.210    0.048 
 896.900    0.435    0.212    0.048 
 897.000    0.435    0.211    0.048 
 897.100    0.437    0.212    0.048 
 897.200    0.436    0.211    0.048 
 897.300    0.436    0.211    0.047 
 897.400    0.435    0.210    0.047 
 897.500    0.434    0.209    0.047 
 897.600    0.434    0.208    0.046 
 897.700    0.433    0.207    0.046 
 897.800    0.432    0.206    0.045 
 897.900    0.431    0.205    0.045 
 898.000    0.430    0.204    0.044 
 898.100    0.428    0.203    0.044 
 898.200    0.427    0.202    0.043 
 898.300    0.426    0.201    0.043 
 898.400    0.424    0.199    0.042 
 898.500    0.423    0.198    0.042 
 898.600    0.422    0.197    0.041 
 898.700    0.421    0.196    0.041 
 898.800    0.419    0.195    0.040 
 898.900    0.418    0.193    0.040 
 899.000    0.417    0.192    0.039 
 899.100    0.415    0.191    0.039 
 899.200    0.414    0.190    0.038 
 899.300    0.413    0.189    0.038 
 899.400    0.412    0.188    0.038 
 899.500    0.412    0.188    0.037 
 899.600    0.411    0.187    0.037 
 899.700    0.410    0.186    0.037 
 899.800    0.410    0.186    0.037 
 899.900    0.410    0.186    0.037 
 900.000    0.409    0.186    0.037 
 900.100    0.409    0.185    0.037 
 900.200    0.409    0.185    0.036 
 900.300    0.408    0.185    0.036 
 900.400    0.408    0.184    0.036 
 900.500    0.407    0.184    0.036 
 900.600    0.406    0.183    0.036 
 900.700    0.404    0.182    0.035 
 900.800    0.401    0.180    0.035 
 900.900    0.394    0.177    0.034 
 901.000    0.399    0.179    0.034 
 901.100    0.397    0.177    0.034 
 901.200    0.394    0.176    0.033 
 901.300    0.379    0.169    0.032 
 901.400    0.395    0.175    0.033 
 901.500    0.396    0.175    0.033 
 901.600    0.396    0.174    0.032 
 901.700    0.395    0.173    0.032 
 901.800    0.394    0.172    0.032 
 901.900    0.392    0.171    0.031 
 902.000    0.391    0.169    0.031 
 902.100    0.389    0.168    0.030 
 902.200    0.387    0.166    0.029 
 902.300    0.383    0.164    0.029 
 902.400    0.381    0.162    0.028 
 902.500    0.382    0.162    0.028 
 902.600    0.381    0.161    0.028 
 902.700    0.380    0.160    0.027 
 902.800    0.379    0.159    0.027 
 902.900    0.377    0.158    0.026 
 903.000    0.376    0.157    0.026 
 903.100    0.375    0.156    0.026 
 903.200    0.373    0.154    0.025 
 903.300    0.372    0.153    0.025 
 903.400    0.370    0.152    0.025 
 903.500    0.369    0.151    0.024 
 903.600    0.367    0.149    0.024 
 903.700    0.364    0.147    0.023 
 903.800    0.363    0.146    0.023 
 903.900    0.361    0.144    0.022 
 904.000    0.359    0.143    0.022 
 904.100    0.356    0.141    0.021 
 904.200    0.354    0.139    0.020 
 904.300    0.351    0.136    0.020 
 904.400    0.348    0.134    0.019 
 904.500    0.344    0.131    0.018 
 904.600    0.341    0.129    0.018 
 904.700    0.337    0.126    0.017 
 904.800    0.333    0.123    0.016 
 904.900    0.329    0.120    0.015 
 905.000    0.324    0.117    0.014 
 905.100    0.319    0.113    0.014 
 905.200    0.314    0.110    0.013 
 905.300    0.309    0.106    0.012 
 905.400    0.304    0.102    0.011 
 905.500    0.298    0.098    0.010 
 905.600    0.292    0.095    0.010 
 905.700    0.286    0.091    0.009 
 905.800    0.281    0.088    0.008 
 905.900    0.276    0.085    0.008 
 906.000    0.272    0.082    0.007 
 906.100    0.269    0.080    0.007 
 906.200    0.266    0.079    0.007 
 906.300    0.262    0.078    0.006 
 906.400    0.264    0.078    0.007 
 906.500    0.263    0.078    0.007 
 906.600    0.266    0.079    0.007 
 906.700    0.268    0.080    0.007 
 906.800    0.269    0.081    0.007 
 906.900    0.271    0.082    0.007 
 907.000    0.272    0.082    0.007 
 907.100    0.273    0.083    0.007 
 907.200    0.273    0.083    0.007 
 907.300    0.273    0.084    0.007 
 907.400    0.272    0.083    0.007 
 907.500    0.271    0.083    0.007 
 907.600    0.270    0.082    0.007 
 907.700    0.267    0.081    0.007 
 907.800    0.263    0.080    0.007 
 907.900    0.257    0.078    0.007 
 908.000    0.248    0.074    0.006 
 908.100    0.229    0.068    0.006 
 908.200    0.177    0.052    0.004 
 908.300    0.156    0.046    0.004 
 908.400    0.216    0.063    0.005 
 908.500    0.231    0.067    0.005 
 908.600    0.232    0.066    0.005 
 908.700    0.214    0.060    0.005 
 908.800    0.219    0.061    0.004 
 908.900    0.233    0.064    0.005 
 909.000    0.235    0.064    0.004 
 909.100    0.234    0.062    0.004 
 909.200    0.231    0.061    0.004 
 909.300    0.230    0.059    0.004 
 909.400    0.226    0.057    0.004 
 909.500    0.223    0.055    0.003 
 909.600    0.218    0.053    0.003 
 909.700    0.214    0.051    0.003 
 909.800    0.210    0.049    0.003 
 909.900    0.205    0.047    0.002 
 910.000    0.198    0.044    0.002 
 910.100    0.195    0.042    0.002 
 910.200    0.190    0.040    0.002 
 910.300    0.185    0.038    0.002 
 910.400    0.180    0.036    0.001 
 910.500    0.174    0.034    0.001 
 910.600    0.169    0.032    0.001 
 910.700    0.163    0.029    0.001 
 910.800    0.157    0.027    0.001 
 910.900    0.151    0.025    0.001 
 911.000    0.145    0.023    0.001 
 911.100    0.139    0.021    0.000 
 911.200    0.133    0.020    0.000 
 911.300    0.127    0.018    0.000 
 911.400    0.121    0.016    0.000 
 911.500    0.114    0.014    0.000 
 911.600    0.108    0.013    0.000 
 911.700    0.101    0.011    0.000 
 911.800    0.095    0.010    0.000 
 911.900    0.087    0.009    0.000 
 912.000    0.080    0.007    0.000 
 912.100    0.076    0.007    0.000 
 912.200    0.071    0.006    0.000 
 912.300    0.065    0.005    0.000 
 912.400    0.059    0.004    0.000 
 912.500    0.054    0.003    0.000 
 912.600    0.048    0.003    0.000 
 912.700    0.043    0.002    0.000 
 912.800    0.038    0.002    0.000 
 912.900    0.033    0.001    0.000 
 913.000    0.029    0.001    0.000 
 913.100    0.025    0.001    0.000 
 913.200    0.021    0.000    0.000 
 913.300    0.018    0.000    0.000 
 913.400    0.014    0.000    0.000 
 913.500    0.012    0.000    0.000 
 913.600    0.009    0.000    0.000 
 913.700    0.007    0.000    0.000 
 913.800    0.006    0.000    0.000 
 913.900    0.004    0.000    0.000 
 914.000    0.003    0.000    0.000 
 914.100    0.002    0.000    0.000 
 914.200    0.001    0.000    0.000 
 914.300    0.001    0.000    0.000 
 914.400    0.001    0.000    0.000 
 914.500    0.000    0.000    0.000 
 914.600    0.000    0.000    0.000 
 914.700    0.000    0.000    0.000 
 914.800    0.000    0.000    0.000 
 914.900    0.000    0.000    0.000 
 915.000    0.000    0.000    0.000 
 915.100    0.000    0.000    0.000 
 915.200    0.000    0.000    0.000 
 915.300    0.000    0.000    0.000 
 915.400    0.000    0.000    0.000 
 915.500    0.000    0.000    0.000 
 915.600    0.000    0.000    0.000 
 915.700    0.000    0.000    0.000 
 915.800    0.000    0.000    0.000 
 915.900    0.000    0.000    0.000 
 916.000    0.000    0.000    0.000 
 916.100    0.000    0.000    0.000 
 916.200    0.000    0.000    0.000 
 916.300    0.000    0.000    0.000 
 916.400    0.000    0.000    0.000 
 916.500    0.000    0.000    0.000 
 916.600    0.000    0.000    0.000 
 916.700    0.000    0.000    0.000 
 916.800    0.000    0.000    0.000 
 916.900    0.000    0.000    0.000 
 917.000    0.000    0.000    0.000 
 917.100    0.000    0.000    0.000 
 917.200    0.000    0.000    0.000 
 917.300    0.000    0.000    0.000 
 917.400    0.000    0.000    0.000 
 917.500    0.000    0.000    0.000 
 917.600    0.000    0.000    0.000 
 917.700    0.000    0.000    0.000 
 917.800    0.000    0.000    0.000 
 917.900    0.000    0.000    0.000 
 918.000    0.001    0.000    0.000 
 918.100    0.001    0.000    0.000 
 918.200    0.002    0.000    0.000 
 918.300    0.002    0.000    0.000 
 918.400    0.003    0.000    0.000 
 918.500    0.004    0.000    0.000 
 918.600    0.006    0.000    0.000 
 918.700    0.007    0.000    0.000 
 918.800    0.009    0.000    0.000 
 918.900    0.011    0.000    0.000 
 919.000    0.014    0.000    0.000 
 919.100    0.017    0.000    0.000 
 919.200    0.021    0.000    0.000 
 919.300    0.024    0.001    0.000 
 919.400    0.028    0.001    0.000 
 919.500    0.032    0.001    0.000 
 919.600    0.035    0.001    0.000 
 919.700    0.040    0.002    0.000 
 919.800    0.046    0.002    0.000 
 919.900    0.051    0.003    0.000 
 920.000    0.057    0.004    0.000 
 920.100    0.062    0.004    0.000 
 920.200    0.068    0.005    0.000 
 920.300    0.073    0.006    0.000 
 920.400    0.079    0.007    0.000 
 920.500    0.085    0.008    0.000 
 920.600    0.091    0.009    0.000 
 920.700    0.096    0.010    0.000 
 920.800    0.102    0.012    0.000 
 920.900    0.108    0.013    0.000 
 921.000    0.114    0.014    0.000 
 921.100    0.119    0.016    0.000 
 921.200    0.125    0.017    0.000 
 921.300    0.131    0.019    0.000 
 921.400    0.136    0.021    0.000 
 921.500    0.142    0.022    0.001 
 921.600    0.147    0.024    0.001 
 921.700    0.152    0.026    0.001 
 921.800    0.158    0.028    0.001 
 921.900    0.163    0.029    0.001 
 922.000    0.168    0.031    0.001 
 922.100    0.172    0.033    0.001 
 922.200    0.177    0.035    0.001 
 922.300    0.182    0.037    0.001 
 922.400    0.186    0.039    0.002 
 922.500    0.191    0.040    0.002 
 922.600    0.195    0.042    0.002 
 922.700    0.199    0.044    0.002 
 922.800    0.203    0.046    0.002 
 922.900    0.207    0.048    0.002 
 923.000    0.211    0.050    0.003 
 923.100    0.215    0.051    0.003 
 923.200    0.219    0.053    0.003 
 923.300    0.222    0.055    0.003 
 923.400    0.226    0.057    0.003 
 923.500    0.229    0.059    0.004 
 923.600    0.233    0.060    0.004 
 923.700    0.236    0.062    0.004 
 923.800    0.239    0.064    0.004 
 923.900    0.242    0.066    0.005 
 924.000    0.245    0.067    0.005 
 924.100    0.248    0.069    0.005 
 924.200    0.251    0.070    0.005 
 924.300    0.253    0.072    0.006 
 924.400    0.256    0.073    0.006 
 924.500    0.258    0.075    0.006 
 924.600    0.260    0.076    0.006 
 924.700    0.261    0.077    0.006 
 924.800    0.262    0.078    0.007 
 924.900    0.261    0.079    0.007 
 925.000    0.257    0.078    0.007 
 925.100    0.245    0.075    0.007 
 925.200    0.191    0.059    0.005 
 925.300    0.226    0.070    0.006 
 925.400    0.258    0.081    0.008 
 925.500    0.270    0.085    0.008 
 925.600    0.276    0.088    0.008 
 925.700    0.280    0.089    0.009 
 925.800    0.283    0.091    0.009 
 925.900    0.285    0.092    0.009 
 926.000    0.286    0.093    0.009 
 926.100    0.284    0.093    0.010 
 926.200    0.274    0.090    0.009 
 926.300    0.277    0.092    0.010 
 926.400    0.230    0.077    0.008 
 926.500    0.281    0.094    0.010 
 926.600    0.292    0.098    0.011 
 926.700    0.297    0.100    0.011 
 926.800    0.300    0.102    0.011 
 926.900    0.303    0.103    0.011 
 927.000    0.304    0.104    0.012 
 927.100    0.305    0.105    0.012 
 927.200    0.306    0.106    0.012 
 927.300    0.305    0.106    0.012 
 927.400    0.302    0.105    0.012 
 927.500    0.282    0.098    0.011 
 927.600    0.291    0.102    0.012 
 927.700    0.307    0.108    0.013 
 927.800    0.312    0.110    0.013 
 927.900    0.314    0.111    0.013 
 928.000    0.316    0.112    0.013 
 928.100    0.318    0.113    0.014 
 928.200    0.319    0.114    0.014 
 928.300    0.320    0.115    0.014 
 928.400    0.321    0.115    0.014 
 928.500    0.322    0.116    0.014 
 928.600    0.323    0.117    0.014 
 928.700    0.324    0.117    0.015 
 928.800    0.325    0.118    0.015 
 928.900    0.326    0.118    0.015 
 929.000    0.326    0.119    0.015 
 929.100    0.327    0.119    0.015 
 929.200    0.328    0.120    0.015 
 929.300    0.328    0.120    0.015 
 929.400    0.329    0.120    0.015 
 929.500    0.329    0.121    0.015 
 929.600    0.329    0.121    0.016 
 929.700    0.330    0.122    0.016 
 929.800    0.331    0.122    0.016 
 929.900    0.331    0.122    0.016 
 930.000    0.332    0.123    0.016 
 930.100    0.332    0.123    0.016 
 930.200    0.333    0.123    0.016 
 930.300    0.333    0.124    0.016 
 930.400    0.333    0.124    0.016 
 930.500    0.334    0.124    0.016 
 930.600    0.334    0.124    0.016 
 930.700    0.334    0.125    0.017 
 930.800    0.335    0.125    0.017 
 930.900    0.335    0.125    0.017 
 931.000    0.335    0.125    0.017 
 931.100    0.335    0.125    0.017 
 931.200    0.336    0.126    0.017 
 931.300    0.336    0.126    0.017 
 931.400    0.335    0.126    0.017 
 931.500    0.334    0.125    0.017 
 931.600    0.333    0.125    0.017 
 931.700    0.334    0.125    0.017 
 931.800    0.334    0.126    0.017 
 931.900    0.334    0.126    0.017 
 932.000    0.334    0.126    0.017 
 932.100    0.333    0.125    0.017 
 932.200    0.332    0.125    0.017 
 932.300    0.331    0.124    0.017 
 932.400    0.325    0.122    0.017 
 932.500    0.328    0.123    0.017 
 932.600    0.326    0.123    0.017 
 932.700    0.322    0.121    0.016 
 932.800    0.315    0.119    0.016 
 932.900    0.302    0.114    0.015 
 933.000    0.273    0.103    0.014 
 933.100    0.185    0.070    0.009 
 933.200    0.185    0.070    0.009 
 933.300    0.268    0.101    0.014 
 933.400    0.301    0.113    0.015 
 933.500    0.315    0.119    0.016 
 933.600    0.321    0.121    0.016 
 933.700    0.326    0.123    0.017 
 933.800    0.329    0.124    0.017 
 933.900    0.331    0.125    0.017 
 934.000    0.332    0.125    0.017 
 934.100    0.333    0.125    0.017 
 934.200    0.336    0.127    0.017 
 934.300    0.337    0.127    0.017 
 934.400    0.337    0.127    0.017 
 934.500    0.337    0.127    0.017 
 934.600    0.337    0.127    0.017 
 934.700    0.337    0.127    0.017 
 934.800    0.336    0.126    0.017 
 934.900    0.336    0.126    0.017 
 935.000    0.336    0.126    0.017 
 935.100    0.336    0.126    0.017 
 935.200    0.336    0.126    0.017 
 935.300    0.336    0.126    0.017 
 935.400    0.336    0.126    0.017 
 935.500    0.336    0.126    0.017 
 935.600    0.336    0.126    0.017 
 935.700    0.335    0.125    0.017 
 935.800    0.335    0.125    0.017 
 935.900    0.335    0.125    0.017 
 936.000    0.334    0.125    0.017 
 936.100    0.334    0.125    0.017 
 936.200    0.334    0.125    0.017 
 936.300    0.334    0.124    0.016 
 936.400    0.334    0.124    0.016 
 936.500    0.333    0.124    0.016 
 936.600    0.333    0.124    0.016 
 936.700    0.332    0.123    0.016 
 936.800    0.332    0.123    0.016 
 936.900    0.331    0.123    0.016 
 937.000    0.330    0.122    0.016 
 937.100    0.326    0.121    0.016 
 937.200    0.318    0.117    0.015 
 937.300    0.327    0.121    0.016 
 937.400    0.329    0.121    0.016 
 937.500    0.330    0.121    0.016 
 937.600    0.330    0.121    0.016 
 937.700    0.330    0.121    0.016 
 937.800    0.329    0.121    0.016 
 937.900    0.329    0.121    0.016 
 938.000    0.329    0.121    0.015 
 938.100    0.328    0.120    0.015 
 938.200    0.328    0.120    0.015 
 938.300    0.328    0.120    0.015 
 938.400    0.327    0.120    0.015 
 938.500    0.327    0.119    0.015 
 938.600    0.326    0.119    0.015 
 938.700    0.326    0.119    0.015 
 938.800    0.326    0.118    0.015 
 938.900    0.325    0.118    0.015 
 939.000    0.325    0.118    0.015 
 939.100    0.324    0.117    0.015 
 939.200    0.324    0.117    0.015 
 939.300    0.324    0.117    0.015 
 939.400    0.323    0.117    0.014 
 939.500    0.323    0.116    0.014 
 939.600    0.322    0.116    0.014 
 939.700    0.322    0.116    0.014 
 939.800    0.321    0.115    0.014 
 939.900    0.319    0.114    0.014 
 940.000    0.320    0.115    0.014 
 940.100    0.320    0.114    0.014 
 940.200    0.320    0.114    0.014 
 940.300    0.319    0.114    0.014 
 940.400    0.319    0.113    0.014 
 940.500    0.318    0.113    0.014 
 940.600    0.318    0.113    0.014 
 940.700    0.317    0.112    0.013 
 940.800    0.317    0.112    0.013 
 940.900    0.316    0.112    0.013 
 941.000    0.316    0.111    0.013 
 941.100    0.315    0.111    0.013 
 941.200    0.315    0.110    0.013 
 941.300    0.314    0.110    0.013 
 941.400    0.314    0.110    0.013 
 941.500    0.313    0.109    0.013 
 941.600    0.313    0.109    0.013 
 941.700    0.312    0.109    0.013 
 941.800    0.311    0.108    0.012 
 941.900    0.311    0.108    0.012 
 942.000    0.310    0.107    0.012 
 942.100    0.309    0.107    0.012 
 942.200    0.309    0.106    0.012 
 942.300    0.308    0.106    0.012 
 942.400    0.308    0.106    0.012 
 942.500    0.307    0.105    0.012 
 942.600    0.306    0.105    0.012 
 942.700    0.305    0.104    0.012 
 942.800    0.305    0.104    0.012 
 942.900    0.304    0.103    0.011 
 943.000    0.303    0.103    0.011 
 943.100    0.303    0.103    0.011 
 943.200    0.302    0.102    0.011 
 943.300    0.301    0.101    0.011 
 943.400    0.298    0.100    0.011 
 943.500    0.299    0.100    0.011 
 943.600    0.299    0.100    0.011 
 943.700    0.299    0.100    0.011 
 943.800    0.298    0.099    0.011 
 943.900    0.298    0.099    0.010 
 944.000    0.297    0.098    0.010 
 944.100    0.296    0.098    0.010 
 944.200    0.295    0.097    0.010 
 944.300    0.294    0.097    0.010 
 944.400    0.293    0.096    0.010 
 944.500    0.292    0.096    0.010 
 944.600    0.291    0.095    0.010 
 944.700    0.289    0.094    0.009 
 944.800    0.285    0.093    0.009 
 944.900    0.267    0.087    0.009 
 945.000    0.283    0.092    0.009 
 945.100    0.286    0.092    0.009 
 945.200    0.287    0.092    0.009 
 945.300    0.287    0.092    0.009 
 945.400    0.286    0.092    0.009 
 945.500    0.286    0.091    0.009 
 945.600    0.285    0.091    0.009 
 945.700    0.285    0.091    0.009 
 945.800    0.284    0.090    0.009 
 945.900    0.284    0.090    0.009 
 946.000    0.283    0.090    0.009 
 946.100    0.283    0.089    0.008 
 946.200    0.282    0.089    0.008 
 946.300    0.281    0.088    0.008 
 946.400    0.280    0.088    0.008 
 946.500    0.280    0.087    0.008 
 946.600    0.279    0.087    0.008 
 946.700    0.278    0.087    0.008 
 946.800    0.277    0.086    0.008 
 946.900    0.277    0.086    0.008 
 947.000    0.276    0.085    0.008 
 947.100    0.275    0.085    0.008 
 947.200    0.274    0.084    0.008 
 947.300    0.273    0.084    0.007 
 947.400    0.272    0.083    0.007 
 947.500    0.271    0.082    0.007 
 947.600    0.270    0.082    0.007 
 947.700    0.269    0.081    0.007 
 947.800    0.268    0.081    0.007 
 947.900    0.267    0.080    0.007 
 948.000    0.266    0.080    0.007 
 948.100    0.264    0.079    0.007 
 948.200    0.263    0.078    0.007 
 948.300    0.260    0.077    0.006 
 948.400    0.258    0.076    0.006 
 948.500    0.254    0.075    0.006 
 948.600    0.247    0.073    0.006 
 948.700    0.233    0.068    0.006 
 948.800    0.191    0.056    0.005 
 948.900    0.189    0.055    0.004 
 949.000    0.231    0.067    0.005 
 949.100    0.243    0.070    0.006 
 949.200    0.248    0.071    0.006 
 949.300    0.250    0.072    0.006 
 949.400    0.250    0.072    0.006 
 949.500    0.251    0.071    0.006 
 949.600    0.250    0.071    0.005 
 949.700    0.250    0.071    0.005 
 949.800    0.249    0.070    0.005 
 949.900    0.249    0.070    0.005 
 950.000    0.248    0.069    0.005 
 950.100    0.246    0.069    0.005 
 950.200    0.244    0.068    0.005 
 950.300    0.242    0.067    0.005 
 950.400    0.238    0.066    0.005 
 950.500    0.232    0.064    0.005 
 950.600    0.218    0.060    0.004 
 950.700    0.164    0.045    0.003 
 950.800    0.203    0.055    0.004 
 950.900    0.224    0.060    0.004 
 951.000    0.230    0.062    0.004 
 951.100    0.233    0.062    0.004 
 951.200    0.233    0.062    0.004 
 951.300    0.233    0.062    0.004 
 951.400    0.230    0.061    0.004 
 951.500    0.220    0.058    0.004 
 951.600    0.230    0.060    0.004 
 951.700    0.231    0.060    0.004 
 951.800    0.231    0.060    0.004 
 951.900    0.230    0.060    0.004 
 952.000    0.230    0.059    0.004 
 952.100    0.229    0.059    0.004 
 952.200    0.228    0.058    0.004 
 952.300    0.227    0.058    0.004 
 952.400    0.225    0.057    0.003 
 952.500    0.224    0.056    0.003 
 952.600    0.223    0.056    0.003 
 952.700    0.222    0.055    0.003 
 952.800    0.221    0.055    0.003 
 952.900    0.220    0.054    0.003 
 953.000    0.219    0.054    0.003 
 953.100    0.218    0.053    0.003 
 953.200    0.217    0.053    0.003 
 953.300    0.215    0.052    0.003 
 953.400    0.214    0.051    0.003 
 953.500    0.213    0.051    0.003 
 953.600    0.212    0.050    0.003 
 953.700    0.210    0.050    0.003 
 953.800    0.209    0.049    0.003 
 953.900    0.207    0.049    0.003 
 954.000    0.206    0.048    0.002 
 954.100    0.204    0.047    0.002 
 954.200    0.203    0.047    0.002 
 954.300    0.200    0.046    0.002 
 954.400    0.199    0.045    0.002 
 954.500    0.197    0.044    0.002 
 954.600    0.192    0.043    0.002 
 954.700    0.194    0.043    0.002 
 954.800    0.194    0.043    0.002 
 954.900    0.194    0.043    0.002 
 955.000    0.193    0.042    0.002 
 955.100    0.192    0.042    0.002 
 955.200    0.191    0.041    0.002 
 955.300    0.190    0.041    0.002 
 955.400    0.188    0.040    0.002 
 955.500    0.187    0.040    0.002 
 955.600    0.185    0.039    0.002 
 955.700    0.182    0.038    0.002 
 955.800    0.175    0.036    0.001 
 955.900    0.147    0.030    0.001 
 956.000    0.173    0.035    0.001 
 956.100    0.177    0.036    0.001 
 956.200    0.177    0.036    0.001 
 956.300    0.177    0.035    0.001 
 956.400    0.176    0.035    0.001 
 956.500    0.175    0.035    0.001 
 956.600    0.174    0.034    0.001 
 956.700    0.172    0.034    0.001 
 956.800    0.171    0.033    0.001 
 956.900    0.169    0.032    0.001 
 957.000    0.167    0.032    0.001 
 957.100    0.167    0.031    0.001 
 957.200    0.166    0.031    0.001 
 957.300    0.164    0.030    0.001 
 957.400    0.162    0.030    0.001 
 957.500    0.161    0.029    0.001 
 957.600    0.159    0.029    0.001 
 957.700    0.157    0.028    0.001 
 957.800    0.155    0.027    0.001 
 957.900    0.153    0.027    0.001 
 958.000    0.150    0.026    0.001 
 958.100    0.146    0.025    0.001 
 958.200    0.141    0.024    0.001 
 958.300    0.131    0.022    0.001 
 958.400    0.109    0.018    0.000 
 958.500    0.055    0.009    0.000 
 958.600    0.113    0.019    0.000 
 958.700    0.128    0.021    0.001 
 958.800    0.133    0.021    0.001 
 958.900    0.135    0.021    0.001 
 959.000    0.135    0.021    0.000 
 959.100    0.135    0.021    0.000 
 959.200    0.134    0.021    0.000 
 959.300    0.133    0.020    0.000 
 959.400    0.132    0.020    0.000 
 959.500    0.132    0.020    0.000 
 959.600    0.130    0.019    0.000 
 959.700    0.129    0.019    0.000 
 959.800    0.127    0.018    0.000 
 959.900    0.125    0.018    0.000 
 960.000    0.124    0.017    0.000 
 960.100    0.123    0.017    0.000 
 960.200    0.121    0.016    0.000 
 960.300    0.119    0.016    0.000 
 960.400    0.118    0.016    0.000 
 960.500    0.116    0.015    0.000 
 960.600    0.114    0.015    0.000 
 960.700    0.113    0.014    0.000 
 960.800    0.111    0.014    0.000 
 960.900    0.109    0.013    0.000 
 961.000    0.108    0.013    0.000 
 961.100    0.106    0.013    0.000 
 961.200    0.104    0.012    0.000 
 961.300    0.102    0.012    0.000 
 961.400    0.101    0.011    0.000 
 961.500    0.099    0.011    0.000 
 961.600    0.097    0.011    0.000 
 961.700    0.095    0.010    0.000 
 961.800    0.094    0.010    0.000 
 961.900    0.092    0.009    0.000 
 962.000    0.090    0.009    0.000 
 962.100    0.088    0.009    0.000 
 962.200    0.086    0.008    0.000 
 962.300    0.084    0.008    0.000 
 962.400    0.081    0.008    0.000 
 962.500    0.081    0.007    0.000 
 962.600    0.079    0.007    0.000 
 962.700    0.077    0.007    0.000 
 962.800    0.075    0.006    0.000 
 962.900    0.074    0.006    0.000 
 963.000    0.072    0.006    0.000 
 963.100    0.070    0.005    0.000 
 963.200    0.068    0.005    0.000 
 963.300    0.066    0.005    0.000 
 963.400    0.064    0.005    0.000 
 963.500    0.063    0.004    0.000 
 963.600    0.061    0.004    0.000 
 963.700    0.059    0.004    0.000 
 963.800    0.057    0.004    0.000 
 963.900    0.055    0.003    0.000 
 964.000    0.053    0.003    0.000 
 964.100    0.051    0.003    0.000 
 964.200    0.049    0.003    0.000 
 964.300    0.047    0.003    0.000 
 964.400    0.046    0.002    0.000 
 964.500    0.044    0.002    0.000 
 964.600    0.042    0.002    0.000 
 964.700    0.040    0.002    0.000 
 964.800    0.038    0.002    0.000 
 964.900    0.036    0.001    0.000 
 965.000    0.035    0.001    0.000 
 965.100    0.033    0.001    0.000 
 965.200    0.031    0.001    0.000 
 965.300    0.029    0.001    0.000 
 965.400    0.028    0.001    0.000 
 965.500    0.026    0.001    0.000 
 965.600    0.024    0.001    0.000 
 965.700    0.023    0.001    0.000 
 965.800    0.021    0.000    0.000 
 965.900    0.019    0.000    0.000 
 966.000    0.018    0.000    0.000 
 966.100    0.016    0.000    0.000 
 966.200    0.015    0.000    0.000 
 966.300    0.014    0.000    0.000 
 966.400    0.012    0.000    0.000 
 966.500    0.011    0.000    0.000 
 966.600    0.010    0.000    0.000 
 966.700    0.009    0.000    0.000 
 966.800    0.008    0.000    0.000 
 966.900    0.007    0.000    0.000 
 967.000    0.006    0.000    0.000 
 967.100    0.005    0.000    0.000 
 967.200    0.004    0.000    0.000 
 967.300    0.003    0.000    0.000 
 967.400    0.003    0.000    0.000 
 967.500    0.002    0.000    0.000 
 967.600    0.002    0.000    0.000 
 967.700    0.001    0.000    0.000 
 967.800    0.001    0.000    0.000 
 967.900    0.001    0.000    0.000 
 968.000    0.001    0.000    0.000 
 968.100    0.000    0.000    0.000 
 968.200    0.000    0.000    0.000 
 968.300    0.000    0.000    0.000 
 968.400    0.000    0.000    0.000 
 968.500    0.000    0.000    0.000 
 968.600    0.000    0.000    0.000 
 968.700    0.000    0.000    0.000 
 968.800    0.000    0.000    0.000 
 968.900    0.000    0.000    0.000 
 969.000    0.000    0.000    0.000 
 969.100    0.000    0.000    0.000 
 969.200    0.000    0.000    0.000 
 969.300    0.000    0.000    0.000 
 969.400    0.000    0.000    0.000 
 969.500    0.000    0.000    0.000 
 969.600    0.000    0.000    0.000 
 969.700    0.000    0.000    0.000 
 969.800    0.000    0.000    0.000 
 969.900    0.000    0.000    0.000 
 970.000    0.000    0.000    0.000 
 970.100    0.000    0.000    0.000 
 970.200    0.000    0.000    0.000 
 970.300    0.000    0.000    0.000 
 970.400    0.000    0.000    0.000 
 970.500    0.000    0.000    0.000 
 970.600    0.000    0.000    0.000 
 970.700    0.000    0.000    0.000 
 970.800    0.000    0.000    0.000 
 970.900    0.000    0.000    0.000 
 971.000    0.000    0.000    0.000 
 971.100    0.000    0.000    0.000 
 971.200    0.000    0.000    0.000 
 971.300    0.000    0.000    0.000 
 971.400    0.000    0.000    0.000 
 971.500    0.000    0.000    0.000 
 971.600    0.000    0.000    0.000 
 971.700    0.000    0.000    0.000 
 971.800    0.000    0.000    0.000 
 971.900    0.000    0.000    0.000 
 972.000    0.000    0.000    0.000 
 972.100    0.000    0.000    0.000 
 972.200    0.000    0.000    0.000 
 972.300    0.000    0.000    0.000 
 972.400    0.000    0.000    0.000 
 972.500    0.000    0.000    0.000 
 972.600    0.000    0.000    0.000 
 972.700    0.000    0.000    0.000 
 972.800    0.000    0.000    0.000 
 972.900    0.000    0.000    0.000 
 973.000    0.000    0.000    0.000 
 973.100    0.000    0.000    0.000 
 973.200    0.000    0.000    0.000 
 973.300    0.001    0.000    0.000 
 973.400    0.001    0.000    0.000 
 973.500    0.001    0.000    0.000 
 973.600    0.001    0.000    0.000 
 973.700    0.001    0.000    0.000 
 973.800    0.001    0.000    0.000 
 973.900    0.001    0.000    0.000 
 974.000    0.001    0.000    0.000 
 974.100    0.001    0.000    0.000 
 974.200    0.001    0.000    0.000 
 974.300    0.001    0.000    0.000 
 974.400    0.001    0.000    0.000 
 974.500    0.001    0.000    0.000 
 974.600    0.001    0.000    0.000 
 974.700    0.001    0.000    0.000 
 974.800    0.001    0.000    0.000 
 974.900    0.001    0.000    0.000 
 975.000    0.001    0.000    0.000 
 975.100    0.001    0.000    0.000 
 975.200    0.001    0.000    0.000 
 975.300    0.001    0.000    0.000 
 975.400    0.001    0.000    0.000 
 975.500    0.001    0.000    0.000 
 975.600    0.001    0.000    0.000 
 975.700    0.001    0.000    0.000 
 975.800    0.001    0.000    0.000 
 975.900    0.001    0.000    0.000 
 976.000    0.001    0.000    0.000 
 976.100    0.001    0.000    0.000 
 976.200    0.001    0.000    0.000 
 976.300    0.001    0.000    0.000 
 976.400    0.001    0.000    0.000 
 976.500    0.001    0.000    0.000 
 976.600    0.001    0.000    0.000 
 976.700    0.000    0.000    0.000 
 976.800    0.000    0.000    0.000 
 976.900    0.000    0.000    0.000 
 977.000    0.000    0.000    0.000 
 977.100    0.000    0.000    0.000 
 977.200    0.000    0.000    0.000 
 977.300    0.000    0.000    0.000 
 977.400    0.000    0.000    0.000 
 977.500    0.000    0.000    0.000 
 977.600    0.000    0.000    0.000 
 977.700    0.000    0.000    0.000 
 977.800    0.000    0.000    0.000 
 977.900    0.000    0.000    0.000 
 978.000    0.000    0.000    0.000 
 978.100    0.000    0.000    0.000 
 978.200    0.000    0.000    0.000 
 978.300    0.000    0.000    0.000 
 978.400    0.000    0.000    0.000 
 978.500    0.000    0.000    0.000 
 978.600    0.000    0.000    0.000 
 978.700    0.000    0.000    0.000 
 978.800    0.000    0.000    0.000 
 978.900    0.000    0.000    0.000 
 979.000    0.000    0.000    0.000 
 979.100    0.000    0.000    0.000 
 979.200    0.000    0.000    0.000 
 979.300    0.000    0.000    0.000 
 979.400    0.000    0.000    0.000 
 979.500    0.000    0.000    0.000 
 979.600    0.000    0.000    0.000 
 979.700    0.000    0.000    0.000 
 979.800    0.000    0.000    0.000 
 979.900    0.000    0.000    0.000 
 980.000    0.000    0.000    0.000 
 980.100    0.000    0.000    0.000 
 980.200    0.000    0.000    0.000 
 980.300    0.000    0.000    0.000 
 980.400    0.000    0.000    0.000 
 980.500    0.000    0.000    0.000 
 980.600    0.000    0.000    0.000 
 980.700    0.000    0.000    0.000 
 980.800    0.000    0.000    0.000 
 980.900    0.000    0.000    0.000 
 981.000    0.000    0.000    0.000 
 981.100    0.000    0.000    0.000 
 981.200    0.000    0.000    0.000 
 981.300    0.000    0.000    0.000 
 981.400    0.000    0.000    0.000 
 981.500    0.000    0.000    0.000 
 981.600    0.000    0.000    0.000 
 981.700    0.000    0.000    0.000 
 981.800    0.000    0.000    0.000 
 981.900    0.000    0.000    0.000 
 982.000    0.000    0.000    0.000 
 982.100    0.000    0.000    0.000 
 982.200    0.000    0.000    0.000 
 982.300    0.000    0.000    0.000 
 982.400    0.000    0.000    0.000 
 982.500    0.000    0.000    0.000 
 982.600    0.000    0.000    0.000 
 982.700    0.000    0.000    0.000 
 982.800    0.000    0.000    0.000 
 982.900    0.000    0.000    0.000 
 983.000    0.000    0.000    0.000 
 983.100    0.000    0.000    0.000 
 983.200    0.000    0.000    0.000 
 983.300    0.000    0.000    0.000 
 983.400    0.000    0.000    0.000 
 983.500    0.000    0.000    0.000 
 983.600    0.000    0.000    0.000 
 983.700    0.000    0.000    0.000 
 983.800    0.000    0.000    0.000 
 983.900    0.000    0.000    0.000 
 984.000    0.000    0.000    0.000 
 984.100    0.000    0.000    0.000 
 984.200    0.000    0.000    0.000 
 984.300    0.000    0.000    0.000 
 984.400    0.000    0.000    0.000 
 984.500    0.000    0.000    0.000 
 984.600    0.000    0.000    0.000 
 984.700    0.000    0.000    0.000 
 984.800    0.000    0.000    0.000 
 984.900    0.000    0.000    0.000 
 985.000    0.000    0.000    0.000 
 985.100    0.000    0.000    0.000 
 985.200    0.000    0.000    0.000 
 985.300    0.000    0.000    0.000 
 985.400    0.000    0.000    0.000 
 985.500    0.000    0.000    0.000 
 985.600    0.000    0.000    0.000 
 985.700    0.000    0.000    0.000 
 985.800    0.000    0.000    0.000 
 985.900    0.000    0.000    0.000 
 986.000    0.000    0.000    0.000 
 986.100    0.000    0.000    0.000 
 986.200    0.000    0.000    0.000 
 986.300    0.000    0.000    0.000 
 986.400    0.000    0.000    0.000 
 986.500    0.000    0.000    0.000 
 986.600    0.000    0.000    0.000 
 986.700    0.000    0.000    0.000 
 986.800    0.000    0.000    0.000 
 986.900    0.000    0.000    0.000 
 987.000    0.000    0.000    0.000 
 987.100    0.000    0.000    0.000 
 987.200    0.000    0.000    0.000 
 987.300    0.000    0.000    0.000 
 987.400    0.000    0.000    0.000 
 987.500    0.000    0.000    0.000 
 987.600    0.000    0.000    0.000 
 987.700    0.000    0.000    0.000 
 987.800    0.000    0.000    0.000 
 987.900    0.000    0.000    0.000 
 988.000    0.000    0.000    0.000 
 988.100    0.000    0.000    0.000 
 988.200    0.000    0.000    0.000 
 988.300    0.000    0.000    0.000 
 988.400    0.000    0.000    0.000 
 988.500    0.000    0.000    0.000 
 988.600    0.000    0.000    0.000 
 988.700    0.000    0.000    0.000 
 988.800    0.000    0.000    0.000 
 988.900    0.000    0.000    0.000 
 989.000    0.000    0.000    0.000 
 989.100    0.000    0.000    0.000 
 989.200    0.000    0.000    0.000 
 989.300    0.000    0.000    0.000 
 989.400    0.000    0.000    0.000 
 989.500    0.000    0.000    0.000 
 989.600    0.000    0.000    0.000 
 989.700    0.000    0.000    0.000 
 989.800    0.000    0.000    0.000 
 989.900    0.000    0.000    0.000 
 990.000    0.000    0.000    0.000 
 990.100    0.000    0.000    0.000 
 990.200    0.000    0.000    0.000 
 990.300    0.000    0.000    0.000 
 990.400    0.000    0.000    0.000 
 990.500    0.000    0.000    0.000 
 990.600    0.000    0.000    0.000 
 990.700    0.000    0.000    0.000 
 990.800    0.000    0.000    0.000 
 990.900    0.000    0.000    0.000 
 991.000    0.000    0.000    0.000 
 991.100    0.000    0.000    0.000 
 991.200    0.000    0.000    0.000 
 991.300    0.000    0.000    0.000 
 991.400    0.000    0.000    0.000 
 991.500    0.000    0.000    0.000 
 991.600    0.000    0.000    0.000 
 991.700    0.000    0.000    0.000 
 991.800    0.000    0.000    0.000 
 991.900    0.000    0.000    0.000 
 992.000    0.000    0.000    0.000 
 992.100    0.000    0.000    0.000 
 992.200    0.000    0.000    0.000 
 992.300    0.000    0.000    0.000 
 992.400    0.000    0.000    0.000 
 992.500    0.000    0.000    0.000 
 992.600    0.000    0.000    0.000 
 992.700    0.000    0.000    0.000 
 992.800    0.000    0.000    0.000 
 992.900    0.000    0.000    0.000 
 993.000    0.000    0.000    0.000 
 993.100    0.000    0.000    0.000 
 993.200    0.000    0.000    0.000 
 993.300    0.000    0.000    0.000 
 993.400    0.000    0.000    0.000 
 993.500    0.000    0.000    0.000 
 993.600    0.000    0.000    0.000 
 993.700    0.000    0.000    0.000 
 993.800    0.000    0.000    0.000 
 993.900    0.000    0.000    0.000 
 994.000    0.000    0.000    0.000 
 994.100    0.000    0.000    0.000 
 994.200    0.000    0.000    0.000 
 994.300    0.000    0.000    0.000 
 994.400    0.000    0.000    0.000 
 994.500    0.000    0.000    0.000 
 994.600    0.000    0.000    0.000 
 994.700    0.000    0.000    0.000 
 994.800    0.000    0.000    0.000 
 994.900    0.000    0.000    0.000 
 995.000    0.000    0.000    0.000 
 995.100    0.000    0.000    0.000 
 995.200    0.000    0.000    0.000 
 995.300    0.000    0.000    0.000 
 995.400    0.000    0.000    0.000 
 995.500    0.000    0.000    0.000 
 995.600    0.000    0.000    0.000 
 995.700    0.000    0.000    0.000 
 995.800    0.000    0.000    0.000 
 995.900    0.000    0.000    0.000 
 996.000    0.000    0.000    0.000 
 996.100    0.000    0.000    0.000 
 996.200    0.000    0.000    0.000 
 996.300    0.000    0.000    0.000 
 996.400    0.000    0.000    0.000 
 996.500    0.000    0.000    0.000 
 996.600    0.000    0.000    0.000 
 996.700    0.000    0.000    0.000 
 996.800    0.000    0.000    0.000 
 996.900    0.000    0.000    0.000 
 997.000    0.000    0.000    0.000 
 997.100    0.000    0.000    0.000 
 997.200    0.000    0.000    0.000 
 997.300    0.000    0.000    0.000 
 997.400    0.000    0.000    0.000 
 997.500    0.000    0.000    0.000 
 997.600    0.000    0.000    0.000 
 997.700    0.000    0.000    0.000 
 997.800    0.000    0.000    0.000 
 997.900    0.000    0.000    0.000 
 998.000    0.000    0.000    0.000 
 998.100    0.000    0.000    0.000 
 998.200    0.000    0.000    0.000 
 998.300    0.000    0.000    0.000 
 998.400    0.000    0.000    0.000 
 998.500    0.000    0.000    0.000 
 998.600    0.000    0.000    0.000 
 998.700    0.000    0.000    0.000 
 998.800    0.000    0.000    0.000 
 998.900    0.000    0.000    0.000 
 999.000    0.000    0.000    0.000 
 999.100    0.001    0.000    0.000 
 999.200    0.001    0.000    0.000 
 999.300    0.001    0.000    0.000 
 999.400    0.001    0.000    0.000 
 999.500    0.001    0.000    0.000 
 999.600    0.001    0.000    0.000 
 999.700    0.001    0.000    0.000 
 999.800    0.001    0.000    0.000 
 999.900    0.001    0.000    0.000 
1000.000    0.001    0.000    0.000 
1000.100    0.001    0.000    0.000 
1000.200    0.002    0.000    0.000 
1000.300    0.002    0.000    0.000 
1000.400    0.002    0.000    0.000 
1000.500    0.002    0.000    0.000 
1000.600    0.002    0.000    0.000 
1000.700    0.002    0.000    0.000 
1000.800    0.002    0.000    0.000 
1000.900    0.003    0.000    0.000 
1001.000    0.003    0.000    0.000 
1001.100    0.003    0.000    0.000 
1001.200    0.003    0.000    0.000 
1001.300    0.003    0.000    0.000 
1001.400    0.004    0.000    0.000 
1001.500    0.004    0.000    0.000 
1001.600    0.004    0.000    0.000 
1001.700    0.004    0.000    0.000 
1001.800    0.005    0.000    0.000 
1001.900    0.005    0.000    0.000 
1002.000    0.005    0.000    0.000 
1002.100    0.005    0.000    0.000 
1002.200    0.006    0.000    0.000 
1002.300    0.006    0.000    0.000 
1002.400    0.006    0.000    0.000 
1002.500    0.007    0.000    0.000 
1002.600    0.007    0.000    0.000 
1002.700    0.007    0.000    0.000 
1002.800    0.007    0.000    0.000 
1002.900    0.008    0.000    0.000 
1003.000    0.007    0.000    0.000 
1003.100    0.008    0.000    0.000 
1003.200    0.009    0.000    0.000 
1003.300    0.009    0.000    0.000 
1003.400    0.010    0.000    0.000 
1003.500    0.010    0.000    0.000 
1003.600    0.011    0.000    0.000 
1003.700    0.011    0.000    0.000 
1003.800    0.012    0.000    0.000 
1003.900    0.012    0.000    0.000 
1004.000    0.013    0.000    0.000 
1004.100    0.013    0.000    0.000 
1004.200    0.013    0.000    0.000 
1004.300    0.014    0.000    0.000 
1004.400    0.014    0.000    0.000 
1004.500    0.015    0.000    0.000 
1004.600    0.015    0.000    0.000 
1004.700    0.016    0.000    0.000 
1004.800    0.016    0.000    0.000 
1004.900    0.017    0.000    0.000 
1005.000    0.017    0.000    0.000 
1005.100    0.018    0.000    0.000 
1005.200    0.019    0.000    0.000 
1005.300    0.019    0.000    0.000 
1005.400    0.020    0.000    0.000 
1005.500    0.020    0.000    0.000 
1005.600    0.021    0.000    0.000 
1005.700    0.021    0.001    0.000 
1005.800    0.022    0.001    0.000 
1005.900    0.022    0.001    0.000 
1006.000    0.023    0.001    0.000 
1006.100    0.023    0.001    0.000 
1006.200    0.023    0.001    0.000 
1006.300    0.024    0.001    0.000 
1006.400    0.025    0.001    0.000 
1006.500    0.026    0.001    0.000 
1006.600    0.026    0.001    0.000 
1006.700    0.027    0.001    0.000 
1006.800    0.028    0.001    0.000 
1006.900    0.028    0.001    0.000 
1007.000    0.029    0.001    0.000 
1007.100    0.029    0.001    0.000 
1007.200    0.030    0.001    0.000 
1007.300    0.031    0.001    0.000 
1007.400    0.031    0.001    0.000 
1007.500    0.032    0.001    0.000 
1007.600    0.032    0.001    0.000 
1007.700    0.033    0.001    0.000 
1007.800    0.033    0.001    0.000 
1007.900    0.034    0.001    0.000 
1008.000    0.034    0.001    0.000 
1008.100    0.035    0.001    0.000 
1008.200    0.035    0.001    0.000 
1008.300    0.035    0.001    0.000 
1008.400    0.035    0.001    0.000 
1008.500    0.033    0.001    0.000 
1008.600    0.028    0.001    0.000 
1008.700    0.016    0.001    0.000 
1008.800    0.031    0.001    0.000 
1008.900    0.036    0.002    0.000 
1009.000    0.038    0.002    0.000 
1009.100    0.039    0.002    0.000 
1009.200    0.040    0.002    0.000 
1009.300    0.037    0.002    0.000 
1009.400    0.041    0.002    0.000 
1009.500    0.043    0.002    0.000 
1009.600    0.044    0.002    0.000 
1009.700    0.045    0.002    0.000 
1009.800    0.046    0.002    0.000 
1009.900    0.046    0.002    0.000 
1010.000    0.047    0.003    0.000 
1010.100    0.047    0.003    0.000 
1010.200    0.047    0.003    0.000 
1010.300    0.044    0.002    0.000 
1010.400    0.040    0.002    0.000 
1010.500    0.047    0.003    0.000 
1010.600    0.050    0.003    0.000 
1010.700    0.051    0.003    0.000 
1010.800    0.052    0.003    0.000 
1010.900    0.053    0.003    0.000 
1011.000    0.053    0.003    0.000 
1011.100    0.054    0.003    0.000 
1011.200    0.055    0.003    0.000 
1011.300    0.055    0.003    0.000 
1011.400    0.056    0.004    0.000 
1011.500    0.057    0.004    0.000 
1011.600    0.057    0.004    0.000 
1011.700    0.058    0.004    0.000 
1011.800    0.058    0.004    0.000 
1011.900    0.059    0.004    0.000 
1012.000    0.059    0.004    0.000 
1012.100    0.060    0.004    0.000 
1012.200    0.060    0.004    0.000 
1012.300    0.060    0.004    0.000 
1012.400    0.055    0.004    0.000 
1012.500    0.060    0.004    0.000 
1012.600    0.060    0.004    0.000 
1012.700    0.058    0.004    0.000 
1012.800    0.062    0.004    0.000 
1012.900    0.063    0.005    0.000 
1013.000    0.064    0.005    0.000 
1013.100    0.065    0.005    0.000 
1013.200    0.065    0.005    0.000 
1013.300    0.066    0.005    0.000 
1013.400    0.066    0.005    0.000 
1013.500    0.066    0.005    0.000 
1013.600    0.066    0.005    0.000 
1013.700    0.066    0.005    0.000 
1013.800    0.065    0.005    0.000 
1013.900    0.062    0.005    0.000 
1014.000    0.050    0.004    0.000 
1014.100    0.036    0.003    0.000 
1014.200    0.059    0.005    0.000 
1014.300    0.065    0.005    0.000 
1014.400    0.068    0.006    0.000 
1014.500    0.070    0.006    0.000 
1014.600    0.071    0.006    0.000 
1014.700    0.072    0.006    0.000 
1014.800    0.073    0.006    0.000 
1014.900    0.073    0.006    0.000 
1015.000    0.074    0.006    0.000 
1015.100    0.074    0.006    0.000 
1015.200    0.073    0.006    0.000 
1015.300    0.065    0.006    0.000 
1015.400    0.074    0.006    0.000 
1015.500    0.076    0.007    0.000 
1015.600    0.077    0.007    0.000 
1015.700    0.077    0.007    0.000 
1015.800    0.078    0.007    0.000 
1015.900    0.078    0.007    0.000 
1016.000    0.079    0.007    0.000 
1016.100    0.079    0.007    0.000 
1016.200    0.080    0.007    0.000 
1016.300    0.080    0.007    0.000 
1016.400    0.081    0.007    0.000 
1016.500    0.081    0.007    0.000 
1016.600    0.081    0.008    0.000 
1016.700    0.082    0.008    0.000 
1016.800    0.082    0.008    0.000 
1016.900    0.082    0.008    0.000 
1017.000    0.082    0.008    0.000 
1017.100    0.082    0.008    0.000 
1017.200    0.083    0.008    0.000 
1017.300    0.083    0.008    0.000 
1017.400    0.082    0.008    0.000 
1017.500    0.081    0.008    0.000 
1017.600    0.076    0.007    0.000 
1017.700    0.075    0.007    0.000 
1017.800    0.080    0.008    0.000 
1017.900    0.077    0.007    0.000 
1018.000    0.078    0.008    0.000 
1018.100    0.083    0.008    0.000 
1018.200    0.084    0.008    0.000 
1018.300    0.085    0.008    0.000 
1018.400    0.085    0.008    0.000 
1018.500    0.086    0.009    0.000 
1018.600    0.086    0.009    0.000 
1018.700    0.086    0.009    0.000 
1018.800    0.086    0.009    0.000 
1018.900    0.085    0.009    0.000 
1019.000    0.085    0.009    0.000 
1019.100    0.083    0.008    0.000 
1019.200    0.081    0.008    0.000 
1019.300    0.075    0.008    0.000 
1019.400    0.061    0.006    0.000 
1019.500    0.028    0.003    0.000 
1019.600    0.066    0.007    0.000 
1019.700    0.077    0.008    0.000 
1019.800    0.081    0.008    0.000 
1019.900    0.082    0.008    0.000 
1020.000    0.078    0.008    0.000 
1020.100    0.083    0.009    0.000 
1020.200    0.080    0.008    0.000 
1020.300    0.071    0.007    0.000 
1020.400    0.080    0.008    0.000 
1020.500    0.068    0.007    0.000 
1020.600    0.079    0.008    0.000 
1020.700    0.086    0.009    0.000 
1020.800    0.089    0.009    0.000 
1020.900    0.090    0.010    0.000 
1021.000    0.091    0.010    0.000 
1021.100    0.092    0.010    0.000 
1021.200    0.092    0.010    0.000 
1021.300    0.092    0.010    0.000 
1021.400    0.092    0.010    0.000 
1021.500    0.093    0.010    0.000 
1021.600    0.093    0.010    0.000 
1021.700    0.093    0.010    0.000 
1021.800    0.093    0.010    0.000 
1021.900    0.092    0.010    0.000 
1022.000    0.091    0.010    0.000 
1022.100    0.090    0.010    0.000 
1022.200    0.085    0.009    0.000 
1022.300    0.069    0.007    0.000 
1022.400    0.086    0.009    0.000 
1022.500    0.089    0.010    0.000 
1022.600    0.087    0.009    0.000 
1022.700    0.078    0.008    0.000 
1022.800    0.079    0.009    0.000 
1022.900    0.089    0.010    0.000 
1023.000    0.091    0.010    0.000 
1023.100    0.092    0.010    0.000 
1023.200    0.093    0.010    0.000 
1023.300    0.093    0.010    0.000 
1023.400    0.093    0.010    0.000 
1023.500    0.093    0.010    0.000 
1023.600    0.093    0.010    0.000 
1023.700    0.091    0.010    0.000 
1023.800    0.089    0.010    0.000 
1023.900    0.080    0.009    0.000 
1024.000    0.073    0.008    0.000 
1024.100    0.086    0.009    0.000 
1024.200    0.089    0.010    0.000 
1024.300    0.088    0.010    0.000 
1024.400    0.081    0.009    0.000 
1024.500    0.062    0.007    0.000 
1024.600    0.085    0.009    0.000 
1024.700    0.089    0.010    0.000 
1024.800    0.091    0.010    0.000 
1024.900    0.091    0.010    0.000 
1025.000    0.091    0.010    0.000 
1025.100    0.089    0.010    0.000 
1025.200    0.085    0.009    0.000 
1025.300    0.069    0.008    0.000 
1025.400    0.075    0.008    0.000 
1025.500    0.084    0.009    0.000 
1025.600    0.085    0.009    0.000 
1025.700    0.081    0.009    0.000 
1025.800    0.060    0.007    0.000 
1025.900    0.075    0.008    0.000 
1026.000    0.083    0.009    0.000 
1026.100    0.085    0.009    0.000 
1026.200    0.084    0.009    0.000 
1026.300    0.079    0.009    0.000 
1026.400    0.059    0.006    0.000 
1026.500    0.069    0.008    0.000 
1026.600    0.076    0.008    0.000 
1026.700    0.072    0.008    0.000 
1026.800    0.053    0.006    0.000 
1026.900    0.050    0.005    0.000 
1027.000    0.070    0.008    0.000 
1027.100    0.073    0.008    0.000 
1027.200    0.064    0.007    0.000 
1027.300    0.045    0.005    0.000 
1027.400    0.066    0.007    0.000 
1027.500    0.065    0.007    0.000 
1027.600    0.034    0.004    0.000 
1027.700    0.061    0.007    0.000 
1027.800    0.062    0.007    0.000 
1027.900    0.037    0.004    0.000 
1028.000    0.053    0.006    0.000 
1028.100    0.048    0.005    0.000 
1028.200    0.040    0.004    0.000 
1028.300    0.045    0.005    0.000 
1028.400    0.029    0.003    0.000 
1028.500    0.035    0.004    0.000 
1028.600    0.030    0.003    0.000 
1028.700    0.016    0.002    0.000 
1028.800    0.018    0.002    0.000 
1028.900    0.013    0.001    0.000 
1029.000    0.009    0.001    0.000 
1029.100    0.007    0.001    0.000 
1029.200    0.027    0.003    0.000 
1029.300    0.051    0.005    0.000 
1029.400    0.064    0.007    0.000 
1029.500    0.072    0.008    0.000 
1029.600    0.077    0.008    0.000 
1029.700    0.080    0.008    0.000 
1029.800    0.083    0.009    0.000 
1029.900    0.085    0.009    0.000 
1030.000    0.087    0.009    0.000 
1030.100    0.088    0.009    0.000 
1030.200    0.090    0.009    0.000 
1030.300    0.090    0.009    0.000 
1030.400    0.090    0.009    0.000 
1030.500    0.090    0.009    0.000 
1030.600    0.090    0.009    0.000 
1030.700    0.090    0.009    0.000 
1030.800    0.089    0.009    0.000 
1030.900    0.089    0.009    0.000 
1031.000    0.089    0.009    0.000 
1031.100    0.089    0.009    0.000 
1031.200    0.088    0.009    0.000 
1031.300    0.088    0.009    0.000 
1031.400    0.087    0.009    0.000 
1031.500    0.087    0.009    0.000 
1031.600    0.085    0.009    0.000 
1031.700    0.084    0.009    0.000 
1031.800    0.080    0.008    0.000 
1031.900    0.073    0.007    0.000 
1032.000    0.050    0.005    0.000 
1032.100    0.056    0.006    0.000 
1032.200    0.074    0.007    0.000 
1032.300    0.080    0.008    0.000 
1032.400    0.083    0.008    0.000 
1032.500    0.084    0.008    0.000 
1032.600    0.085    0.009    0.000 
1032.700    0.085    0.009    0.000 
1032.800    0.085    0.008    0.000 
1032.900    0.085    0.008    0.000 
1033.000    0.086    0.008    0.000 
1033.100    0.086    0.009    0.000 
1033.200    0.086    0.008    0.000 
1033.300    0.086    0.008    0.000 
1033.400    0.086    0.008    0.000 
1033.500    0.086    0.008    0.000 
1033.600    0.085    0.008    0.000 
1033.700    0.085    0.008    0.000 
1033.800    0.085    0.008    0.000 
1033.900    0.085    0.008    0.000 
1034.000    0.084    0.008    0.000 
1034.100    0.084    0.008    0.000 
1034.200    0.084    0.008    0.000 
1034.300    0.084    0.008    0.000 
1034.400    0.084    0.008    0.000 
1034.500    0.083    0.008    0.000 
1034.600    0.083    0.008    0.000 
1034.700    0.083    0.008    0.000 
1034.800    0.083    0.008    0.000 
1034.900    0.082    0.008    0.000 
1035.000    0.082    0.008    0.000 
1035.100    0.082    0.008    0.000 
1035.200    0.081    0.008    0.000 
1035.300    0.081    0.008    0.000 
1035.400    0.081    0.007    0.000 
1035.500    0.080    0.007    0.000 
1035.600    0.080    0.007    0.000 
1035.700    0.080    0.007    0.000 
1035.800    0.079    0.007    0.000 
1035.900    0.078    0.007    0.000 
1036.000    0.077    0.007    0.000 
1036.100    0.072    0.006    0.000 
1036.200    0.072    0.006    0.000 
1036.300    0.076    0.007    0.000 
1036.400    0.074    0.007    0.000 
1036.500    0.076    0.007    0.000 
1036.600    0.077    0.007    0.000 
1036.700    0.077    0.007    0.000 
1036.800    0.077    0.007    0.000 
1036.900    0.077    0.007    0.000 
1037.000    0.076    0.007    0.000 
1037.100    0.076    0.007    0.000 
1037.200    0.076    0.007    0.000 
1037.300    0.076    0.007    0.000 
1037.400    0.075    0.006    0.000 
1037.500    0.075    0.006    0.000 
1037.600    0.075    0.006    0.000 
1037.700    0.075    0.006    0.000 
1037.800    0.074    0.006    0.000 
1037.900    0.074    0.006    0.000 
1038.000    0.074    0.006    0.000 
1038.100    0.073    0.006    0.000 
1038.200    0.073    0.006    0.000 
1038.300    0.073    0.006    0.000 
1038.400    0.072    0.006    0.000 
1038.500    0.072    0.006    0.000 
1038.600    0.072    0.006    0.000 
1038.700    0.072    0.006    0.000 
1038.800    0.071    0.006    0.000 
1038.900    0.071    0.006    0.000 
1039.000    0.071    0.006    0.000 
1039.100    0.070    0.006    0.000 
1039.200    0.070    0.006    0.000 
1039.300    0.070    0.006    0.000 
1039.400    0.069    0.005    0.000 
1039.500    0.069    0.005    0.000 
1039.600    0.069    0.005    0.000 
1039.700    0.068    0.005    0.000 
1039.800    0.068    0.005    0.000 
1039.900    0.068    0.005    0.000 
1040.000    0.067    0.005    0.000 
1040.100    0.067    0.005    0.000 
1040.200    0.067    0.005    0.000 
1040.300    0.066    0.005    0.000 
1040.400    0.066    0.005    0.000 
1040.500    0.066    0.005    0.000 
1040.600    0.065    0.005    0.000 
1040.700    0.065    0.005    0.000 
1040.800    0.065    0.005    0.000 
1040.900    0.064    0.005    0.000 
1041.000    0.064    0.005    0.000 
1041.100    0.064    0.005    0.000 
1041.200    0.063    0.005    0.000 
1041.300    0.063    0.005    0.000 
1041.400    0.063    0.004    0.000 
1041.500    0.062    0.004    0.000 
1041.600    0.062    0.004    0.000 
1041.700    0.062    0.004    0.000 
1041.800    0.061    0.004    0.000 
1041.900    0.061    0.004    0.000 
1042.000    0.060    0.004    0.000 
1042.100    0.060    0.004    0.000 
1042.200    0.060    0.004    0.000 
1042.300    0.059    0.004    0.000 
1042.400    0.059    0.004    0.000 
1042.500    0.058    0.004    0.000 
1042.600    0.058    0.004    0.000 
1042.700    0.057    0.004    0.000 
1042.800    0.056    0.004    0.000 
1042.900    0.054    0.004    0.000 
1043.000    0.044    0.003    0.000 
1043.100    0.054    0.003    0.000 
1043.200    0.055    0.004    0.000 
1043.300    0.055    0.004    0.000 
1043.400    0.055    0.004    0.000 
1043.500    0.055    0.003    0.000 
1043.600    0.054    0.003    0.000 
1043.700    0.054    0.003    0.000 
1043.800    0.053    0.003    0.000 
1043.900    0.053    0.003    0.000 
1044.000    0.052    0.003    0.000 
1044.100    0.052    0.003    0.000 
1044.200    0.051    0.003    0.000 
1044.300    0.049    0.003    0.000 
1044.400    0.047    0.003    0.000 
1044.500    0.043    0.003    0.000 
1044.600    0.032    0.002    0.000 
1044.700    0.022    0.001    0.000 
1044.800    0.039    0.002    0.000 
1044.900    0.044    0.003    0.000 
1045.000    0.046    0.003    0.000 
1045.100    0.047    0.003    0.000 
1045.200    0.048    0.003    0.000 
1045.300    0.048    0.003    0.000 
1045.400    0.048    0.003    0.000 
1045.500    0.048    0.003    0.000 
1045.600    0.047    0.003    0.000 
1045.700    0.047    0.003    0.000 
1045.800    0.047    0.003    0.000 
1045.900    0.046    0.003    0.000 
1046.000    0.047    0.002    0.000 
1046.100    0.046    0.002    0.000 
1046.200    0.046    0.002    0.000 
1046.300    0.046    0.002    0.000 
1046.400    0.045    0.002    0.000 
1046.500    0.045    0.002    0.000 
1046.600    0.045    0.002    0.000 
1046.700    0.044    0.002    0.000 
1046.800    0.044    0.002    0.000 
1046.900    0.044    0.002    0.000 
1047.000    0.043    0.002    0.000 
1047.100    0.043    0.002    0.000 
1047.200    0.043    0.002    0.000 
1047.300    0.042    0.002    0.000 
1047.400    0.042    0.002    0.000 
1047.500    0.042    0.002    0.000 
1047.600    0.041    0.002    0.000 
1047.700    0.041    0.002    0.000 
1047.800    0.041    0.002    0.000 
1047.900    0.040    0.002    0.000 
1048.000    0.040    0.002    0.000 
1048.100    0.040    0.002    0.000 
1048.200    0.039    0.002    0.000 
1048.300    0.039    0.002    0.000 
1048.400    0.039    0.002    0.000 
1048.500    0.038    0.002    0.000 
1048.600    0.038    0.002    0.000 
1048.700    0.038    0.002    0.000 
1048.800    0.037    0.002    0.000 
1048.900    0.037    0.002    0.000 
1049.000    0.037    0.002    0.000 
1049.100    0.036    0.002    0.000 
1049.200    0.036    0.002    0.000 
1049.300    0.036    0.001    0.000 
1049.400    0.035    0.001    0.000 
1049.500    0.035    0.001    0.000 
1049.600    0.035    0.001    0.000 
1049.700    0.034    0.001    0.000 
1049.800    0.034    0.001    0.000 
1049.900    0.032    0.001    0.000 
1050.000    0.031    0.001    0.000 
1050.100    0.032    0.001    0.000 
1050.200    0.032    0.001    0.000 
1050.300    0.032    0.001    0.000 
1050.400    0.032    0.001    0.000 
1050.500    0.032    0.001    0.000 
1050.600    0.031    0.001    0.000 
1050.700    0.031    0.001    0.000 
1050.800    0.031    0.001    0.000 
1050.900    0.030    0.001    0.000 
1051.000    0.030    0.001    0.000 
1051.100    0.030    0.001    0.000 
1051.200    0.030    0.001    0.000 
1051.300    0.029    0.001    0.000 
1051.400    0.029    0.001    0.000 
1051.500    0.029    0.001    0.000 
1051.600    0.028    0.001    0.000 
1051.700    0.028    0.001    0.000 
1051.800    0.028    0.001    0.000 
1051.900    0.027    0.001    0.000 
1052.000    0.027    0.001    0.000 
1052.100    0.027    0.001    0.000 
1052.200    0.026    0.001    0.000 
1052.300    0.026    0.001    0.000 
1052.400    0.026    0.001    0.000 
1052.500    0.025    0.001    0.000 
1052.600    0.024    0.001    0.000 
1052.700    0.025    0.001    0.000 
1052.800    0.025    0.001    0.000 
1052.900    0.024    0.001    0.000 
1053.000    0.024    0.001    0.000 
1053.100    0.024    0.001    0.000 
1053.200    0.023    0.001    0.000 
1053.300    0.023    0.001    0.000 
1053.400    0.023    0.001    0.000 
1053.500    0.023    0.001    0.000 
1053.600    0.022    0.001    0.000 
1053.700    0.022    0.001    0.000 
1053.800    0.022    0.001    0.000 
1053.900    0.021    0.001    0.000 
1054.000    0.021    0.001    0.000 
1054.100    0.021    0.001    0.000 
1054.200    0.021    0.001    0.000 
1054.300    0.020    0.000    0.000 
1054.400    0.020    0.000    0.000 
1054.500    0.020    0.000    0.000 
1054.600    0.019    0.000    0.000 
1054.700    0.019    0.000    0.000 
1054.800    0.019    0.000    0.000 
1054.900    0.019    0.000    0.000 
1055.000    0.018    0.000    0.000 
1055.100    0.018    0.000    0.000 
1055.200    0.018    0.000    0.000 
1055.300    0.018    0.000    0.000 
1055.400    0.017    0.000    0.000 
1055.500    0.017    0.000    0.000 
1055.600    0.017    0.000    0.000 
1055.700    0.016    0.000    0.000 
1055.800    0.016    0.000    0.000 
1055.900    0.016    0.000    0.000 
1056.000    0.016    0.000    0.000 
1056.100    0.015    0.000    0.000 
1056.200    0.015    0.000    0.000 
1056.300    0.015    0.000    0.000 
1056.400    0.015    0.000    0.000 
1056.500    0.014    0.000    0.000 
1056.600    0.014    0.000    0.000 
1056.700    0.014    0.000    0.000 
1056.800    0.013    0.000    0.000 
1056.900    0.012    0.000    0.000 
1057.000    0.013    0.000    0.000 
1057.100    0.013    0.000    0.000 
1057.200    0.012    0.000    0.000 
1057.300    0.012    0.000    0.000 
1057.400    0.012    0.000    0.000 
1057.500    0.012    0.000    0.000 
1057.600    0.011    0.000    0.000 
1057.700    0.011    0.000    0.000 
1057.800    0.011    0.000    0.000 
1057.900    0.010    0.000    0.000 
1058.000    0.010    0.000    0.000 
1058.100    0.010    0.000    0.000 
1058.200    0.009    0.000    0.000 
1058.300    0.009    0.000    0.000 
1058.400    0.009    0.000    0.000 
1058.500    0.008    0.000    0.000 
1058.600    0.008    0.000    0.000 
1058.700    0.007    0.000    0.000 
1058.800    0.006    0.000    0.000 
1058.900    0.003    0.000    0.000 
1059.000    0.005    0.000    0.000 
1059.100    0.006    0.000    0.000 
1059.200    0.006    0.000    0.000 
1059.300    0.006    0.000    0.000 
1059.400    0.005    0.000    0.000 
1059.500    0.005    0.000    0.000 
1059.600    0.004    0.000    0.000 
1059.700    0.004    0.000    0.000 
1059.800    0.004    0.000    0.000 
1059.900    0.003    0.000    0.000 
1060.000    0.003    0.000    0.000 
1060.100    0.002    0.000    0.000 
1060.200    0.002    0.000    0.000 
1060.300    0.001    0.000    0.000 
1060.400    0.001    0.000    0.000 
1060.500    0.001    0.000    0.000 
1060.600    0.000    0.000    0.000 
1060.700    0.000    0.000    0.000 
1060.800    0.000    0.000    0.000 
1060.900    0.000    0.000    0.000 
1061.000    0.000    0.000    0.000 
1061.100    0.000    0.000    0.000 
1061.200    0.000    0.000    0.000 
1061.300    0.000    0.000    0.000 
1061.400    0.000    0.000    0.000 
1061.500    0.000    0.000    0.000 
1061.600    0.000    0.000    0.000 
1061.700    0.000    0.000    0.000 
1061.800    0.001    0.000    0.000 
1061.900    0.001    0.000    0.000 
1062.000    0.001    0.000    0.000 
1062.100    0.001    0.000    0.000 
1062.200    0.002    0.000    0.000 
1062.300    0.002    0.000    0.000 
1062.400    0.002    0.000    0.000 
1062.500    0.002    0.000    0.000 
1062.600    0.002    0.000    0.000 
1062.700    0.002    0.000    0.000 
1062.800    0.003    0.000    0.000 
1062.900    0.003    0.000    0.000 
1063.000    0.003    0.000    0.000 
1063.100    0.003    0.000    0.000 
1063.200    0.003    0.000    0.000 
1063.300    0.003    0.000    0.000 
1063.400    0.003    0.000    0.000 
1063.500    0.003    0.000    0.000 
1063.600    0.003    0.000    0.000 
1063.700    0.003    0.000    0.000 
1063.800    0.003    0.000    0.000 
1063.900    0.003    0.000    0.000 
1064.000    0.003    0.000    0.000 
1064.100    0.003    0.000    0.000 
1064.200    0.003    0.000    0.000 
1064.300    0.003    0.000    0.000 
1064.400    0.003    0.000    0.000 
1064.500    0.003    0.000    0.000 
1064.600    0.002    0.000    0.000 
1064.700    0.002    0.000    0.000 
1064.800    0.002    0.000    0.000 
1064.900    0.002    0.000    0.000 
1065.000    0.002    0.000    0.000 
1065.100    0.002    0.000    0.000 
1065.200    0.002    0.000    0.000 
1065.300    0.002    0.000    0.000 
1065.400    0.002    0.000    0.000 
1065.500    0.002    0.000    0.000 
1065.600    0.002    0.000    0.000 
1065.700    0.002    0.000    0.000 
1065.800    0.002    0.000    0.000 
1065.900    0.002    0.000    0.000 
1066.000    0.002    0.000    0.000 
1066.100    0.002    0.000    0.000 
1066.200    0.002    0.000    0.000 
1066.300    0.002    0.000    0.000 
1066.400    0.002    0.000    0.000 
1066.500    0.002    0.000    0.000 
1066.600    0.001    0.000    0.000 
1066.700    0.001    0.000    0.000 
1066.800    0.001    0.000    0.000 
1066.900    0.001    0.000    0.000 
1067.000    0.001    0.000    0.000 
1067.100    0.001    0.000    0.000 
1067.200    0.001    0.000    0.000 
1067.300    0.001    0.000    0.000 
1067.400    0.001    0.000    0.000 
1067.500    0.001    0.000    0.000 
1067.600    0.001    0.000    0.000 
1067.700    0.001    0.000    0.000 
1067.800    0.001    0.000    0.000 
1067.900    0.001    0.000    0.000 
1068.000    0.001    0.000    0.000 
1068.100    0.001    0.000    0.000 
1068.200    0.001    0.000    0.000 
1068.300    0.001    0.000    0.000 
1068.400    0.001    0.000    0.000 
1068.500    0.001    0.000    0.000 
1068.600    0.001    0.000    0.000 
1068.700    0.001    0.000    0.000 
1068.800    0.001    0.000    0.000 
1068.900    0.001    0.000    0.000 
1069.000    0.001    0.000    0.000 
1069.100    0.001    0.000    0.000 
1069.200    0.001    0.000    0.000 
1069.300    0.001    0.000    0.000 
1069.400    0.000    0.000    0.000 
1069.500    0.000    0.000    0.000 
1069.600    0.000    0.000    0.000 
1069.700    0.000    0.000    0.000 
1069.800    0.000    0.000    0.000 
1069.900    0.000    0.000    0.000 
1070.000    0.000    0.000    0.000 
1070.100    0.000    0.000    0.000 
1070.200    0.000    0.000    0.000 
1070.300    0.000    0.000    0.000 
1070.400    0.000    0.000    0.000 
1070.500    0.000    0.000    0.000 
1070.600    0.000    0.000    0.000 
1070.700    0.000    0.000    0.000 
1070.800    0.000    0.000    0.000 
1070.900    0.000    0.000    0.000 
1071.000    0.000    0.000    0.000 
1071.100    0.000    0.000    0.000 
1071.200    0.000    0.000    0.000 
1071.300    0.000    0.000    0.000 
1071.400    0.000    0.000    0.000 
1071.500    0.000    0.000    0.000 
1071.600    0.000    0.000    0.000 
1071.700    0.000    0.000    0.000 
1071.800    0.000    0.000    0.000 
1071.900    0.000    0.000    0.000 
1072.000    0.000    0.000    0.000 
1072.100    0.000    0.000    0.000 
1072.200    0.000    0.000    0.000 
1072.300    0.000    0.000    0.000 
1072.400    0.000    0.000    0.000 
1072.500    0.000    0.000    0.000 
1072.600    0.000    0.000    0.000 
1072.700    0.000    0.000    0.000 
1072.800    0.000    0.000    0.000 
1072.900    0.000    0.000    0.000 
1073.000    0.000    0.000    0.000 
1073.100    0.000    0.000    0.000 
1073.200    0.000    0.000    0.000 
1073.300    0.000    0.000    0.000 
1073.400    0.000    0.000    0.000 
1073.500    0.000    0.000    0.000 
1073.600    0.000    0.000    0.000 
1073.700    0.000    0.000    0.000 
1073.800    0.000    0.000    0.000 
1073.900    0.000    0.000    0.000 
1074.000    0.000    0.000    0.000 
1074.100    0.000    0.000    0.000 
1074.200    0.000    0.000    0.000 
1074.300    0.000    0.000    0.000 
1074.400    0.000    0.000    0.000 
1074.500    0.000    0.000    0.000 
1074.600    0.000    0.000    0.000 
1074.700    0.000    0.000    0.000 
1074.800    0.000    0.000    0.000 
1074.900    0.000    0.000    0.000 
1075.000    0.000    0.000    0.000 
1075.100    0.000    0.000    0.000 
1075.200    0.000    0.000    0.000 
1075.300    0.000    0.000    0.000 
1075.400    0.000    0.000    0.000 
1075.500    0.000    0.000    0.000 
1075.600    0.000    0.000    0.000 
1075.700    0.000    0.000    0.000 
1075.800    0.000    0.000    0.000 
1075.900    0.000    0.000    0.000 
1076.000    0.000    0.000    0.000 
1076.100    0.000    0.000    0.000 
1076.200    0.000    0.000    0.000 
1076.300    0.000    0.000    0.000 
1076.400    0.000    0.000    0.000 
1076.500    0.000    0.000    0.000 
1076.600    0.000    0.000    0.000 
1076.700    0.000    0.000    0.000 
1076.800    0.000    0.000    0.000 
1076.900    0.000    0.000    0.000 
1077.000    0.000    0.000    0.000 
1077.100    0.000    0.000    0.000 
1077.200    0.000    0.000    0.000 
1077.300    0.000    0.000    0.000 
1077.400    0.000    0.000    0.000 
1077.500    0.000    0.000    0.000 
1077.600    0.000    0.000    0.000 
1077.700    0.000    0.000    0.000 
1077.800    0.000    0.000    0.000 
1077.900    0.000    0.000    0.000 
1078.000    0.000    0.000    0.000 
1078.100    0.000    0.000    0.000 
1078.200    0.000    0.000    0.000 
1078.300    0.000    0.000    0.000 
1078.400    0.000    0.000    0.000 
1078.500    0.000    0.000    0.000 
1078.600    0.000    0.000    0.000 
1078.700    0.000    0.000    0.000 
1078.800    0.000    0.000    0.000 
1078.900    0.000    0.000    0.000 
1079.000    0.000    0.000    0.000 
1079.100    0.000    0.000    0.000 
1079.200    0.000    0.000    0.000 
1079.300    0.000    0.000    0.000 
1079.400    0.000    0.000    0.000 
1079.500    0.000    0.000    0.000 
1079.600    0.000    0.000    0.000 
1079.700    0.000    0.000    0.000 
1079.800    0.000    0.000    0.000 
1079.900    0.000    0.000    0.000 
1080.000    0.000    0.000    0.000 
1080.100    0.000    0.000    0.000 
1080.200    0.000    0.000    0.000 
1080.300    0.000    0.000    0.000 
1080.400    0.000    0.000    0.000 
1080.500    0.000    0.000    0.000 
1080.600    0.000    0.000    0.000 
1080.700    0.000    0.000    0.000 
1080.800    0.000    0.000    0.000 
1080.900    0.000    0.000    0.000 
1081.000    0.000    0.000    0.000 
1081.100    0.000    0.000    0.000 
1081.200    0.000    0.000    0.000 
1081.300    0.000    0.000    0.000 
1081.400    0.000    0.000    0.000 
1081.500    0.000    0.000    0.000 
1081.600    0.000    0.000    0.000 
1081.700    0.000    0.000    0.000 
1081.800    0.000    0.000    0.000 
1081.900    0.000    0.000    0.000 
1082.000    0.000    0.000    0.000 
1082.100    0.000    0.000    0.000 
1082.200    0.000    0.000    0.000 
1082.300    0.000    0.000    0.000 
1082.400    0.000    0.000    0.000 
1082.500    0.000    0.000    0.000 
1082.600    0.000    0.000    0.000 
1082.700    0.000    0.000    0.000 
1082.800    0.000    0.000    0.000 
1082.900    0.000    0.000    0.000 
1083.000    0.000    0.000    0.000 
1083.100    0.000    0.000    0.000 
1083.200    0.000    0.000    0.000 
1083.300    0.000    0.000    0.000 
1083.400    0.000    0.000    0.000 
1083.500    0.000    0.000    0.000 
1083.600    0.000    0.000    0.000 
1083.700    0.000    0.000    0.000 
1083.800    0.000    0.000    0.000 
1083.900    0.000    0.000    0.000 
1084.000    0.000    0.000    0.000 
1084.100    0.000    0.000    0.000 
1084.200    0.000    0.000    0.000 
1084.300    0.000    0.000    0.000 
1084.400    0.000    0.000    0.000 
1084.500    0.000    0.000    0.000 
1084.600    0.000    0.000    0.000 
1084.700    0.000    0.000    0.000 
1084.800    0.000    0.000    0.000 
1084.900    0.000    0.000    0.000 
1085.000    0.000    0.000    0.000 
1085.100    0.000    0.000    0.000 
1085.200    0.000    0.000    0.000 
1085.300    0.000    0.000    0.000 
1085.400    0.000    0.000    0.000 
1085.500    0.000    0.000    0.000 
1085.600    0.000    0.000    0.000 
1085.700    0.000    0.000    0.000 
1085.800    0.000    0.000    0.000 
1085.900    0.000    0.000    0.000 
1086.000    0.000    0.000    0.000 
1086.100    0.000    0.000    0.000 
1086.200    0.000    0.000    0.000 
1086.300    0.000    0.000    0.000 
1086.400    0.000    0.000    0.000 
1086.500    0.000    0.000    0.000 
1086.600    0.000    0.000    0.000 
1086.700    0.000    0.000    0.000 
1086.800    0.000    0.000    0.000 
1086.900    0.000    0.000    0.000 
1087.000    0.000    0.000    0.000 
1087.100    0.000    0.000    0.000 
1087.200    0.000    0.000    0.000 
1087.300    0.000    0.000    0.000 
1087.400    0.000    0.000    0.000 
1087.500    0.000    0.000    0.000 
1087.600    0.000    0.000    0.000 
1087.700    0.000    0.000    0.000 
1087.800    0.000    0.000    0.000 
1087.900    0.000    0.000    0.000 
1088.000    0.000    0.000    0.000 
1088.100    0.000    0.000    0.000 
1088.200    0.000    0.000    0.000 
1088.300    0.000    0.000    0.000 
1088.400    0.000    0.000    0.000 
1088.500    0.000    0.000    0.000 
1088.600    0.000    0.000    0.000 
1088.700    0.000    0.000    0.000 
1088.800    0.000    0.000    0.000 
1088.900    0.000    0.000    0.000 
1089.000    0.000    0.000    0.000 
1089.100    0.000    0.000    0.000 
1089.200    0.000    0.000    0.000 
1089.300    0.000    0.000    0.000 
1089.400    0.000    0.000    0.000 
1089.500    0.000    0.000    0.000 
1089.600    0.000    0.000    0.000 
1089.700    0.000    0.000    0.000 
1089.800    0.000    0.000    0.000 
1089.900    0.000    0.000    0.000 
1090.000    0.000    0.000    0.000 
1090.100    0.000    0.000    0.000 
1090.200    0.000    0.000    0.000 
1090.300    0.000    0.000    0.000 
1090.400    0.000    0.000    0.000 
1090.500    0.000    0.000    0.000 
1090.600    0.000    0.000    0.000 
1090.700    0.000    0.000    0.000 
1090.800    0.000    0.000    0.000 
1090.900    0.000    0.000    0.000 
1091.000    0.000    0.000    0.000 
1091.100    0.000    0.000    0.000 
1091.200    0.000    0.000    0.000 
1091.300    0.000    0.000    0.000 
1091.400    0.000    0.000    0.000 
1091.500    0.000    0.000    0.000 
1091.600    0.000    0.000    0.000 
1091.700    0.000    0.000    0.000 
1091.800    0.000    0.000    0.000 
1091.900    0.000    0.000    0.000 
1092.000    0.000    0.000    0.000 
1092.100    0.000    0.000    0.000 
1092.200    0.000    0.000    0.000 
1092.300    0.000    0.000    0.000 
1092.400    0.000    0.000    0.000 
1092.500    0.000    0.000    0.000 
1092.600    0.000    0.000    0.000 
1092.700    0.000    0.000    0.000 
1092.800    0.000    0.000    0.000 
1092.900    0.000    0.000    0.000 
1093.000    0.000    0.000    0.000 
1093.100    0.000    0.000    0.000 
1093.200    0.000    0.000    0.000 
1093.300    0.000    0.000    0.000 
1093.400    0.000    0.000    0.000 
1093.500    0.000    0.000    0.000 
1093.600    0.000    0.000    0.000 
1093.700    0.000    0.000    0.000 
1093.800    0.000    0.000    0.000 
1093.900    0.000    0.000    0.000 
1094.000    0.000    0.000    0.000 
1094.100    0.000    0.000    0.000 
1094.200    0.000    0.000    0.000 
1094.300    0.000    0.000    0.000 
1094.400    0.000    0.000    0.000 
1094.500    0.000    0.000    0.000 
1094.600    0.000    0.000    0.000 
1094.700    0.000    0.000    0.000 
1094.800    0.000    0.000    0.000 
1094.900    0.000    0.000    0.000 
1095.000    0.000    0.000    0.000 
1095.100    0.000    0.000    0.000 
1095.200    0.000    0.000    0.000 
1095.300    0.000    0.000    0.000 
1095.400    0.000    0.000    0.000 
1095.500    0.000    0.000    0.000 
1095.600    0.000    0.000    0.000 
1095.700    0.000    0.000    0.000 
1095.800    0.000    0.000    0.000 
1095.900    0.000    0.000    0.000 
1096.000    0.000    0.000    0.000 
1096.100    0.000    0.000    0.000 
1096.200    0.000    0.000    0.000 
1096.300    0.000    0.000    0.000 
1096.400    0.000    0.000    0.000 
1096.500    0.000    0.000    0.000 
1096.600    0.000    0.000    0.000 
1096.700    0.000    0.000    0.000 
1096.800    0.000    0.000    0.000 
1096.900    0.000    0.000    0.000 
1097.000    0.000    0.000    0.000 
1097.100    0.000    0.000    0.000 
1097.200    0.000    0.000    0.000 
1097.300    0.000    0.000    0.000 
1097.400    0.000    0.000    0.000 
1097.500    0.000    0.000    0.000 
1097.600    0.000    0.000    0.000 
1097.700    0.000    0.000    0.000 
1097.800    0.000    0.000    0.000 
1097.900    0.000    0.000    0.000 
1098.000    0.000    0.000    0.000 
1098.100    0.000    0.000    0.000 
1098.200    0.000    0.000    0.000 
1098.300    0.000    0.000    0.000 
1098.400    0.000    0.000    0.000 
1098.500    0.000    0.000    0.000 
1098.600    0.000    0.000    0.000 
1098.700    0.000    0.000    0.000 
1098.800    0.000    0.000    0.000 
1098.900    0.000    0.000    0.000 
1099.000    0.000    0.000    0.000 
1099.100    0.000    0.000    0.000 
1099.200    0.000    0.000    0.000 
1099.300    0.000    0.000    0.000 
1099.400    0.000    0.000    0.000 
1099.500    0.000    0.000    0.000 
1099.600    0.000    0.000    0.000 
1099.700    0.000    0.000    0.000 
1099.800    0.000    0.000    0.000 
1099.900    0.000    0.000    0.000 
1100.000    0.000    0.000    0.000 
1100.100    0.000    0.000    0.000 
1100.200    0.000    0.000    0.000 
1100.300    0.000    0.000    0.000 
1100.400    0.000    0.000    0.000 
1100.500    0.000    0.000    0.000 
1100.600    0.000    0.000    0.000 
1100.700    0.000    0.000    0.000 
1100.800    0.000    0.000    0.000 
1100.900    0.000    0.000    0.000 
1101.000    0.000    0.000    0.000 
1101.100    0.000    0.000    0.000 
1101.200    0.000    0.000    0.000 
1101.300    0.000    0.000    0.000 
1101.400    0.000    0.000    0.000 
1101.500    0.000    0.000    0.000 
1101.600    0.000    0.000    0.000 
1101.700    0.000    0.000    0.000 
1101.800    0.000    0.000    0.000 
1101.900    0.000    0.000    0.000 
1102.000    0.000    0.000    0.000 
1102.100    0.000    0.000    0.000 
1102.200    0.000    0.000    0.000 
1102.300    0.000    0.000    0.000 
1102.400    0.000    0.000    0.000 
1102.500    0.000    0.000    0.000 
1102.600    0.000    0.000    0.000 
1102.700    0.000    0.000    0.000 
1102.800    0.000    0.000    0.000 
1102.900    0.000    0.000    0.000 
1103.000    0.000    0.000    0.000 
1103.100    0.000    0.000    0.000 
1103.200    0.000    0.000    0.000 
1103.300    0.000    0.000    0.000 
1103.400    0.000    0.000    0.000 
1103.500    0.000    0.000    0.000 
1103.600    0.000    0.000    0.000 
1103.700    0.000    0.000    0.000 
1103.800    0.000    0.000    0.000 
1103.900    0.000    0.000    0.000 
1104.000    0.000    0.000    0.000 
1104.100    0.000    0.000    0.000 
1104.200    0.000    0.000    0.000 
1104.300    0.000    0.000    0.000 
1104.400    0.000    0.000    0.000 
1104.500    0.000    0.000    0.000 
1104.600    0.000    0.000    0.000 
1104.700    0.000    0.000    0.000 
1104.800    0.000    0.000    0.000 
1104.900    0.000    0.000    0.000 
1105.000    0.000    0.000    0.000 
1105.100    0.000    0.000    0.000 
1105.200    0.000    0.000    0.000 
1105.300    0.000    0.000    0.000 
1105.400    0.000    0.000    0.000 
1105.500    0.000    0.000    0.000 
1105.600    0.000    0.000    0.000 
1105.700    0.000    0.000    0.000 
1105.800    0.000    0.000    0.000 
1105.900    0.000    0.000    0.000 
1106.000    0.000    0.000    0.000 
1106.100    0.000    0.000    0.000 
1106.200    0.000    0.000    0.000 
1106.300    0.000    0.000    0.000 
1106.400    0.000    0.000    0.000 
1106.500    0.000    0.000    0.000 
1106.600    0.000    0.000    0.000 
1106.700    0.000    0.000    0.000 
1106.800    0.000    0.000    0.000 
1106.900    0.000    0.000    0.000 
1107.000    0.000    0.000    0.000 
1107.100    0.000    0.000    0.000 
1107.200    0.000    0.000    0.000 
1107.300    0.000    0.000    0.000 
1107.400    0.000    0.000    0.000 
1107.500    0.000    0.000    0.000 
1107.600    0.000    0.000    0.000 
1107.700    0.000    0.000    0.000 
1107.800    0.000    0.000    0.000 
1107.900    0.000    0.000    0.000 
1108.000    0.000    0.000    0.000 
1108.100    0.000    0.000    0.000 
1108.200    0.000    0.000    0.000 
1108.300    0.000    0.000    0.000 
1108.400    0.000    0.000    0.000 
1108.500    0.000    0.000    0.000 
1108.600    0.000    0.000    0.000 
1108.700    0.000    0.000    0.000 
1108.800    0.000    0.000    0.000 
1108.900    0.000    0.000    0.000 
1109.000    0.000    0.000    0.000 
1109.100    0.000    0.000    0.000 
1109.200    0.000    0.000    0.000 
1109.300    0.000    0.000    0.000 
1109.400    0.000    0.000    0.000 
1109.500    0.000    0.000    0.000 
1109.600    0.000    0.000    0.000 
1109.700    0.000    0.000    0.000 
1109.800    0.000    0.000    0.000 
1109.900    0.000    0.000    0.000 
1110.000    0.000    0.000    0.000 
1110.100    0.000    0.000    0.000 
1110.200    0.000    0.000    0.000 
1110.300    0.000    0.000    0.000 
1110.400    0.000    0.000    0.000 
1110.500    0.000    0.000    0.000 
1110.600    0.000    0.000    0.000 
1110.700    0.000    0.000    0.000 
1110.800    0.000    0.000    0.000 
1110.900    0.000    0.000    0.000 
1111.000    0.000    0.000    0.000 
1111.100    0.000    0.000    0.000 
1111.200    0.000    0.000    0.000 
1111.300    0.000    0.000    0.000 
1111.400    0.000    0.000    0.000 
1111.500    0.000    0.000    0.000 
1111.600    0.000    0.000    0.000 
1111.700    0.000    0.000    0.000 
1111.800    0.000    0.000    0.000 
1111.900    0.000    0.000    0.000 
1112.000    0.000    0.000    0.000 
1112.100    0.000    0.000    0.000 
1112.200    0.000    0.000    0.000 
1112.300    0.000    0.000    0.000 
1112.400    0.000    0.000    0.000 
1112.500    0.000    0.000    0.000 
1112.600    0.000    0.000    0.000 
1112.700    0.000    0.000    0.000 
1112.800    0.000    0.000    0.000 
1112.900    0.000    0.000    0.000 
1113.000    0.000    0.000    0.000 
1113.100    0.000    0.000    0.000 
1113.200    0.000    0.000    0.000 
1113.300    0.000    0.000    0.000 
1113.400    0.000    0.000    0.000 
1113.500    0.000    0.000    0.000 
1113.600    0.000    0.000    0.000 
1113.700    0.000    0.000    0.000 
1113.800    0.000    0.000    0.000 
1113.900    0.000    0.000    0.000 
1114.000    0.000    0.000    0.000 
1114.100    0.000    0.000    0.000 
1114.200    0.000    0.000    0.000 
1114.300    0.000    0.000    0.000 
1114.400    0.000    0.000    0.000 
1114.500    0.000    0.000    0.000 
1114.600    0.000    0.000    0.000 
1114.700    0.000    0.000    0.000 
1114.800    0.000    0.000    0.000 
1114.900    0.000    0.000    0.000 
1115.000    0.000    0.000    0.000 
1115.100    0.000    0.000    0.000 
1115.200    0.000    0.000    0.000 
1115.300    0.000    0.000    0.000 
1115.400    0.000    0.000    0.000 
1115.500    0.000    0.000    0.000 
1115.600    0.000    0.000    0.000 
1115.700    0.000    0.000    0.000 
1115.800    0.000    0.000    0.000 
1115.900    0.000    0.000    0.000 
1116.000    0.000    0.000    0.000 
1116.100    0.000    0.000    0.000 
1116.200    0.000    0.000    0.000 
1116.300    0.000    0.000    0.000 
1116.400    0.000    0.000    0.000 
1116.500    0.000    0.000    0.000 
1116.600    0.000    0.000    0.000 
1116.700    0.000    0.000    0.000 
1116.800    0.000    0.000    0.000 
1116.900    0.000    0.000    0.000 
1117.000    0.000    0.000    0.000 
1117.100    0.000    0.000    0.000 
1117.200    0.000    0.000    0.000 
1117.300    0.000    0.000    0.000 
1117.400    0.000    0.000    0.000 
1117.500    0.000    0.000    0.000 
1117.600    0.000    0.000    0.000 
1117.700    0.000    0.000    0.000 
1117.800    0.000    0.000    0.000 
1117.900    0.000    0.000    0.000 
1118.000    0.000    0.000    0.000 
1118.100    0.000    0.000    0.000 
1118.200    0.000    0.000    0.000 
1118.300    0.000    0.000    0.000 
1118.400    0.000    0.000    0.000 
1118.500    0.000    0.000    0.000 
1118.600    0.000    0.000    0.000 
1118.700    0.000    0.000    0.000 
1118.800    0.000    0.000    0.000 
1118.900    0.000    0.000    0.000 
1119.000    0.000    0.000    0.000 
1119.100    0.000    0.000    0.000 
1119.200    0.000    0.000    0.000 
1119.300    0.000    0.000    0.000 
1119.400    0.000    0.000    0.000 
1119.500    0.000    0.000    0.000 
1119.600    0.000    0.000    0.000 
1119.700    0.000    0.000    0.000 
1119.800    0.000    0.000    0.000 
1119.900    0.000    0.000    0.000 
1120.000    0.000    0.000    0.000 
1120.100    0.000    0.000    0.000 
1120.200    0.000    0.000    0.000 
1120.300    0.000    0.000    0.000 
1120.400    0.000    0.000    0.000 
1120.500    0.000    0.000    0.000 
1120.600    0.000    0.000    0.000 
1120.700    0.000    0.000    0.000 
1120.800    0.000    0.000    0.000 
1120.900    0.000    0.000    0.000 
1121.000    0.000    0.000    0.000 
1121.100    0.000    0.000    0.000 
1121.200    0.000    0.000    0.000 
1121.300    0.000    0.000    0.000 
1121.400    0.000    0.000    0.000 
1121.500    0.000    0.000    0.000 
1121.600    0.000    0.000    0.000 
1121.700    0.000    0.000    0.000 
1121.800    0.000    0.000    0.000 
1121.900    0.000    0.000    0.000 
1122.000    0.000    0.000    0.000 
1122.100    0.000    0.000    0.000 
1122.200    0.000    0.000    0.000 
1122.300    0.000    0.000    0.000 
1122.400    0.000    0.000    0.000 
1122.500    0.000    0.000    0.000 
1122.600    0.000    0.000    0.000 
1122.700    0.000    0.000    0.000 
1122.800    0.000    0.000    0.000 
1122.900    0.000    0.000    0.000 
1123.000    0.000    0.000    0.000 
1123.100    0.000    0.000    0.000 
1123.200    0.000    0.000    0.000 
1123.300    0.000    0.000    0.000 
1123.400    0.000    0.000    0.000 
1123.500    0.000    0.000    0.000 
1123.600    0.000    0.000    0.000 
1123.700    0.000    0.000    0.000 
1123.800    0.000    0.000    0.000 
1123.900    0.000    0.000    0.000 
1124.000    0.000    0.000    0.000 
1124.100    0.000    0.000    0.000 
1124.200    0.000    0.000    0.000 
1124.300    0.000    0.000    0.000 
1124.400    0.000    0.000    0.000 
1124.500    0.000    0.000    0.000 
1124.600    0.000    0.000    0.000 
1124.700    0.000    0.000    0.000 
1124.800    0.000    0.000    0.000 
1124.900    0.000    0.000    0.000 
1125.000    0.000    0.000    0.000 
1125.100    0.000    0.000    0.000 
1125.200    0.000    0.000    0.000 
1125.300    0.000    0.000    0.000 
1125.400    0.000    0.000    0.000 
1125.500    0.000    0.000    0.000 
1125.600    0.000    0.000    0.000 
1125.700    0.000    0.000    0.000 
1125.800    0.000    0.000    0.000 
1125.900    0.000    0.000    0.000 
1126.000    0.000    0.000    0.000 
1126.100    0.000    0.000    0.000 
1126.200    0.000    0.000    0.000 
1126.300    0.000    0.000    0.000 
1126.400    0.000    0.000    0.000 
1126.500    0.000    0.000    0.000 
1126.600    0.000    0.000    0.000 
1126.700    0.000    0.000    0.000 
1126.800    0.000    0.000    0.000 
1126.900    0.000    0.000    0.000 
1127.000    0.000    0.000    0.000 
1127.100    0.000    0.000    0.000 
1127.200    0.000    0.000    0.000 
1127.300    0.000    0.000    0.000 
1127.400    0.000    0.000    0.000 
1127.500    0.000    0.000    0.000 
1127.600    0.000    0.000    0.000 
1127.700    0.000    0.000    0.000 
1127.800    0.000    0.000    0.000 
1127.900    0.000    0.000    0.000 
1128.000    0.000    0.000    0.000 
1128.100    0.000    0.000    0.000 
1128.200    0.000    0.000    0.000 
1128.300    0.000    0.000    0.000 
1128.400    0.000    0.000    0.000 
1128.500    0.000    0.000    0.000 
1128.600    0.000    0.000    0.000 
1128.700    0.000    0.000    0.000 
1128.800    0.000    0.000    0.000 
1128.900    0.000    0.000    0.000 
1129.000    0.000    0.000    0.000 
1129.100    0.000    0.000    0.000 
1129.200    0.000    0.000    0.000 
1129.300    0.000    0.000    0.000 
1129.400    0.000    0.000    0.000 
1129.500    0.000    0.000    0.000 
1129.600    0.000    0.000    0.000 
1129.700    0.000    0.000    0.000 
1129.800    0.000    0.000    0.000 
1129.900    0.000    0.000    0.000 
1130.000    0.000    0.000    0.000 
1130.100    0.000    0.000    0.000 
1130.200    0.000    0.000    0.000 
1130.300    0.000    0.000    0.000 
1130.400    0.000    0.000    0.000 
1130.500    0.000    0.000    0.000 
1130.600    0.000    0.000    0.000 
1130.700    0.000    0.000    0.000 
1130.800    0.000    0.000    0.000 
1130.900    0.000    0.000    0.000 
1131.000    0.000    0.000    0.000 
1131.100    0.000    0.000    0.000 
1131.200    0.000    0.000    0.000 
1131.300    0.000    0.000    0.000 
1131.400    0.000    0.000    0.000 
1131.500    0.000    0.000    0.000 
1131.600    0.000    0.000    0.000 
1131.700    0.000    0.000    0.000 
1131.800    0.000    0.000    0.000 
1131.900    0.000    0.000    0.000 
1132.000    0.000    0.000    0.000 
1132.100    0.000    0.000    0.000 
1132.200    0.000    0.000    0.000 
1132.300    0.000    0.000    0.000 
1132.400    0.000    0.000    0.000 
1132.500    0.000    0.000    0.000 
1132.600    0.000    0.000    0.000 
1132.700    0.000    0.000    0.000 
1132.800    0.000    0.000    0.000 
1132.900    0.000    0.000    0.000 
1133.000    0.000    0.000    0.000 
1133.100    0.000    0.000    0.000 
1133.200    0.000    0.000    0.000 
1133.300    0.000    0.000    0.000 
1133.400    0.000    0.000    0.000 
1133.500    0.000    0.000    0.000 
1133.600    0.000    0.000    0.000 
1133.700    0.000    0.000    0.000 
1133.800    0.000    0.000    0.000 
1133.900    0.000    0.000    0.000 
1134.000    0.000    0.000    0.000 
1134.100    0.000    0.000    0.000 
1134.200    0.000    0.000    0.000 
1134.300    0.000    0.000    0.000 
1134.400    0.000    0.000    0.000 
1134.500    0.000    0.000    0.000 
1134.600    0.000    0.000    0.000 
1134.700    0.000    0.000    0.000 
1134.800    0.000    0.000    0.000 
1134.900    0.000    0.000    0.000 
1135.000    0.000    0.000    0.000 
1135.100    0.000    0.000    0.000 
1135.200    0.000    0.000    0.000 
1135.300    0.000    0.000    0.000 
1135.400    0.000    0.000    0.000 
1135.500    0.000    0.000    0.000 
1135.600    0.000    0.000    0.000 
1135.700    0.000    0.000    0.000 
1135.800    0.000    0.000    0.000 
1135.900    0.000    0.000    0.000 
1136.000    0.000    0.000    0.000 
1136.100    0.000    0.000    0.000 
1136.200    0.000    0.000    0.000 
1136.300    0.000    0.000    0.000 
1136.400    0.000    0.000    0.000 
1136.500    0.000    0.000    0.000 
1136.600    0.000    0.000    0.000 
1136.700    0.000    0.000    0.000 
1136.800    0.000    0.000    0.000 
1136.900    0.000    0.000    0.000 
1137.000    0.000    0.000    0.000 
1137.100    0.000    0.000    0.000 
1137.200    0.000    0.000    0.000 
1137.300    0.000    0.000    0.000 
1137.400    0.000    0.000    0.000 
1137.500    0.000    0.000    0.000 
1137.600    0.000    0.000    0.000 
1137.700    0.000    0.000    0.000 
1137.800    0.000    0.000    0.000 
1137.900    0.000    0.000    0.000 
1138.000    0.000    0.000    0.000 
1138.100    0.000    0.000    0.000 
1138.200    0.000    0.000    0.000 
1138.300    0.000    0.000    0.000 
1138.400    0.000    0.000    0.000 
1138.500    0.000    0.000    0.000 
1138.600    0.000    0.000    0.000 
1138.700    0.000    0.000    0.000 
1138.800    0.000    0.000    0.000 
1138.900    0.000    0.000    0.000 
1139.000    0.000    0.000    0.000 
1139.100    0.000    0.000    0.000 
1139.200    0.000    0.000    0.000 
1139.300    0.000    0.000    0.000 
1139.400    0.000    0.000    0.000 
1139.500    0.000    0.000    0.000 
1139.600    0.000    0.000    0.000 
1139.700    0.000    0.000    0.000 
1139.800    0.000    0.000    0.000 
1139.900    0.000    0.000    0.000 
1140.000    0.000    0.000    0.000 
1140.100    0.000    0.000    0.000 
1140.200    0.000    0.000    0.000 
1140.300    0.000    0.000    0.000 
1140.400    0.000    0.000    0.000 
1140.500    0.000    0.000    0.000 
1140.600    0.000    0.000    0.000 
1140.700    0.000    0.000    0.000 
1140.800    0.000    0.000    0.000 
1140.900    0.000    0.000    0.000 
1141.000    0.000    0.000    0.000 
1141.100    0.000    0.000    0.000 
1141.200    0.000    0.000    0.000 
1141.300    0.000    0.000    0.000 
1141.400    0.000    0.000    0.000 
1141.500    0.000    0.000    0.000 
1141.600    0.000    0.000    0.000 
1141.700    0.000    0.000    0.000 
1141.800    0.000    0.000    0.000 
1141.900    0.000    0.000    0.000 
1142.000    0.000    0.000    0.000 
1142.100    0.000    0.000    0.000 
1142.200    0.000    0.000    0.000 
1142.300    0.000    0.000    0.000 
1142.400    0.000    0.000    0.000 
1142.500    0.000    0.000    0.000 
1142.600    0.000    0.000    0.000 
1142.700    0.000    0.000    0.000 
1142.800    0.000    0.000    0.000 
1142.900    0.000    0.000    0.000 
1143.000    0.000    0.000    0.000 
1143.100    0.000    0.000    0.000 
1143.200    0.000    0.000    0.000 
1143.300    0.000    0.000    0.000 
1143.400    0.000    0.000    0.000 
1143.500    0.000    0.000    0.000 
1143.600    0.000    0.000    0.000 
1143.700    0.000    0.000    0.000 
1143.800    0.000    0.000    0.000 
1143.900    0.000    0.000    0.000 
1144.000    0.000    0.000    0.000 
1144.100    0.000    0.000    0.000 
1144.200    0.000    0.000    0.000 
1144.300    0.000    0.000    0.000 
1144.400    0.000    0.000    0.000 
1144.500    0.000    0.000    0.000 
1144.600    0.000    0.000    0.000 
1144.700    0.000    0.000    0.000 
1144.800    0.000    0.000    0.000 
1144.900    0.000    0.000    0.000 
1145.000    0.000    0.000    0.000 
1145.100    0.000    0.000    0.000 
1145.200    0.000    0.000    0.000 
1145.300    0.000    0.000    0.000 
1145.400    0.000    0.000    0.000 
1145.500    0.000    0.000    0.000 
1145.600    0.000    0.000    0.000 
1145.700    0.000    0.000    0.000 
1145.800    0.000    0.000    0.000 
1145.900    0.000    0.000    0.000 
1146.000    0.000    0.000    0.000 
1146.100    0.000    0.000    0.000 
1146.200    0.000    0.000    0.000 
1146.300    0.000    0.000    0.000 
1146.400    0.000    0.000    0.000 
1146.500    0.000    0.000    0.000 
1146.600    0.000    0.000    0.000 
1146.700    0.000    0.000    0.000 
1146.800    0.000    0.000    0.000 
1146.900    0.000    0.000    0.000 
1147.000    0.000    0.000    0.000 
1147.100    0.000    0.000    0.000 
1147.200    0.000    0.000    0.000 
1147.300    0.000    0.000    0.000 
1147.400    0.000    0.000    0.000 
1147.500    0.000    0.000    0.000 
1147.600    0.000    0.000    0.000 
1147.700    0.000    0.000    0.000 
1147.800    0.000    0.000    0.000 
1147.900    0.000    0.000    0.000 
1148.000    0.000    0.000    0.000 
1148.100    0.000    0.000    0.000 
1148.200    0.000    0.000    0.000 
1148.300    0.000    0.000    0.000 
1148.400    0.000    0.000    0.000 
1148.500    0.000    0.000    0.000 
1148.600    0.000    0.000    0.000 
1148.700    0.000    0.000    0.000 
1148.800    0.000    0.000    0.000 
1148.900    0.000    0.000    0.000 
1149.000    0.000    0.000    0.000 
1149.100    0.000    0.000    0.000 
1149.200    0.000    0.000    0.000 
1149.300    0.000    0.000    0.000 
1149.400    0.000    0.000    0.000 
1149.500    0.000    0.000    0.000 
1149.600    0.000    0.000    0.000 
1149.700    0.000    0.000    0.000 
1149.800    0.000    0.000    0.000 
1149.900    0.000    0.000    0.000 
1150.000    0.000    0.000    0.000 
1150.100    0.000    0.000    0.000 
1150.200    0.000    0.000    0.000 
1150.300    0.000    0.000    0.000 
1150.400    0.000    0.000    0.000 
1150.500    0.000    0.000    0.000 
1150.600    0.000    0.000    0.000 
1150.700    0.000    0.000    0.000 
1150.800    0.000    0.000    0.000 
1150.900    0.000    0.000    0.000 
1151.000    0.000    0.000    0.000 
1151.100    0.000    0.000    0.000 
1151.200    0.000    0.000    0.000 
1151.300    0.000    0.000    0.000 
1151.400    0.000    0.000    0.000 
1151.500    0.000    0.000    0.000 
1151.600    0.000    0.000    0.000 
1151.700    0.000    0.000    0.000 
1151.800    0.000    0.000    0.000 
1151.900    0.000    0.000    0.000 
1152.000    0.000    0.000    0.000 
1152.100    0.000    0.000    0.000 
1152.200    0.000    0.000    0.000 
1152.300    0.000    0.000    0.000 
1152.400    0.000    0.000    0.000 
1152.500    0.000    0.000    0.000 
1152.600    0.000    0.000    0.000 
1152.700    0.000    0.000    0.000 
1152.800    0.000    0.000    0.000 
1152.900    0.000    0.000    0.000 
1153.000    0.000    0.000    0.000 
1153.100    0.000    0.000    0.000 
1153.200    0.000    0.000    0.000 
1153.300    0.000    0.000    0.000 
1153.400    0.000    0.000    0.000 
1153.500    0.000    0.000    0.000 
1153.600    0.000    0.000    0.000 
1153.700    0.000    0.000    0.000 
1153.800    0.000    0.000    0.000 
1153.900    0.000    0.000    0.000 
1154.000    0.000    0.000    0.000 
1154.100    0.000    0.000    0.000 
1154.200    0.000    0.000    0.000 
1154.300    0.000    0.000    0.000 
1154.400    0.000    0.000    0.000 
1154.500    0.000    0.000    0.000 
1154.600    0.000    0.000    0.000 
1154.700    0.000    0.000    0.000 
1154.800    0.000    0.000    0.000 
1154.900    0.000    0.000    0.000 
1155.000    0.000    0.000    0.000 
1155.100    0.000    0.000    0.000 
1155.200    0.000    0.000    0.000 
1155.300    0.000    0.000    0.000 
1155.400    0.000    0.000    0.000 
1155.500    0.000    0.000    0.000 
1155.600    0.000    0.000    0.000 
1155.700    0.000    0.000    0.000 
1155.800    0.000    0.000    0.000 
1155.900    0.000    0.000    0.000 
1156.000    0.000    0.000    0.000 
1156.100    0.000    0.000    0.000 
1156.200    0.000    0.000    0.000 
1156.300    0.000    0.000    0.000 
1156.400    0.000    0.000    0.000 
1156.500    0.000    0.000    0.000 
1156.600    0.000    0.000    0.000 
1156.700    0.000    0.000    0.000 
1156.800    0.000    0.000    0.000 
1156.900    0.000    0.000    0.000 
1157.000    0.000    0.000    0.000 
1157.100    0.000    0.000    0.000 
1157.200    0.000    0.000    0.000 
1157.300    0.000    0.000    0.000 
1157.400    0.000    0.000    0.000 
1157.500    0.000    0.000    0.000 
1157.600    0.000    0.000    0.000 
1157.700    0.000    0.000    0.000 
1157.800    0.000    0.000    0.000 
1157.900    0.000    0.000    0.000 
1158.000    0.000    0.000    0.000 
1158.100    0.000    0.000    0.000 
1158.200    0.000    0.000    0.000 
1158.300    0.000    0.000    0.000 
1158.400    0.000    0.000    0.000 
1158.500    0.000    0.000    0.000 
1158.600    0.000    0.000    0.000 
1158.700    0.000    0.000    0.000 
1158.800    0.000    0.000    0.000 
1158.900    0.000    0.000    0.000 
1159.000    0.000    0.000    0.000 
1159.100    0.000    0.000    0.000 
1159.200    0.000    0.000    0.000 
1159.300    0.000    0.000    0.000 
1159.400    0.000    0.000    0.000 
1159.500    0.000    0.000    0.000 
1159.600    0.000    0.000    0.000 
1159.700    0.000    0.000    0.000 
1159.800    0.000    0.000    0.000 
1159.900    0.000    0.000    0.000 
1160.000    0.000    0.000    0.000 
1160.100    0.000    0.000    0.000 
1160.200    0.000    0.000    0.000 
1160.300    0.000    0.000    0.000 
1160.400    0.000    0.000    0.000 
1160.500    0.000    0.000    0.000 
1160.600    0.000    0.000    0.000 
1160.700    0.000    0.000    0.000 
1160.800    0.000    0.000    0.000 
1160.900    0.000    0.000    0.000 
1161.000    0.000    0.000    0.000 
1161.100    0.000    0.000    0.000 
1161.200    0.000    0.000    0.000 
1161.300    0.000    0.000    0.000 
1161.400    0.000    0.000    0.000 
1161.500    0.000    0.000    0.000 
1161.600    0.000    0.000    0.000 
1161.700    0.000    0.000    0.000 
1161.800    0.000    0.000    0.000 
1161.900    0.000    0.000    0.000 
1162.000    0.000    0.000    0.000 
1162.100    0.000    0.000    0.000 
1162.200    0.000    0.000    0.000 
1162.300    0.000    0.000    0.000 
1162.400    0.000    0.000    0.000 
1162.500    0.000    0.000    0.000 
1162.600    0.000    0.000    0.000 
1162.700    0.000    0.000    0.000 
1162.800    0.000    0.000    0.000 
1162.900    0.000    0.000    0.000 
1163.000    0.000    0.000    0.000 
1163.100    0.000    0.000    0.000 
1163.200    0.000    0.000    0.000 
1163.300    0.000    0.000    0.000 
1163.400    0.000    0.000    0.000 
1163.500    0.000    0.000    0.000 
1163.600    0.000    0.000    0.000 
1163.700    0.000    0.000    0.000 
1163.800    0.000    0.000    0.000 
1163.900    0.000    0.000    0.000 
1164.000    0.000    0.000    0.000 
1164.100    0.000    0.000    0.000 
1164.200    0.000    0.000    0.000 
1164.300    0.000    0.000    0.000 
1164.400    0.000    0.000    0.000 
1164.500    0.000    0.000    0.000 
1164.600    0.000    0.000    0.000 
1164.700    0.000    0.000    0.000 
1164.800    0.000    0.000    0.000 
1164.900    0.000    0.000    0.000 
1165.000    0.000    0.000    0.000 
1165.100    0.000    0.000    0.000 
1165.200    0.000    0.000    0.000 
1165.300    0.000    0.000    0.000 
1165.400    0.000    0.000    0.000 
1165.500    0.000    0.000    0.000 
1165.600    0.000    0.000    0.000 
1165.700    0.000    0.000    0.000 
1165.800    0.000    0.000    0.000 
1165.900    0.000    0.000    0.000 
1166.000    0.000    0.000    0.000 
1166.100    0.000    0.000    0.000 
1166.200    0.000    0.000    0.000 
1166.300    0.000    0.000    0.000 
1166.400    0.000    0.000    0.000 
1166.500    0.000    0.000    0.000 
1166.600    0.000    0.000    0.000 
1166.700    0.000    0.000    0.000 
1166.800    0.000    0.000    0.000 
1166.900    0.000    0.000    0.000 
1167.000    0.000    0.000    0.000 
1167.100    0.000    0.000    0.000 
1167.200    0.000    0.000    0.000 
1167.300    0.000    0.000    0.000 
1167.400    0.000    0.000    0.000 
1167.500    0.000    0.000    0.000 
1167.600    0.000    0.000    0.000 
1167.700    0.000    0.000    0.000 
1167.800    0.000    0.000    0.000 
1167.900    0.000    0.000    0.000 
1168.000    0.000    0.000    0.000 
1168.100    0.000    0.000    0.000 
1168.200    0.000    0.000    0.000 
1168.300    0.000    0.000    0.000 
1168.400    0.000    0.000    0.000 
1168.500    0.000    0.000    0.000 
1168.600    0.000    0.000    0.000 
1168.700    0.000    0.000    0.000 
1168.800    0.000    0.000    0.000 
1168.900    0.000    0.000    0.000 
1169.000    0.000    0.000    0.000 
1169.100    0.000    0.000    0.000 
1169.200    0.000    0.000    0.000 
1169.300    0.000    0.000    0.000 
1169.400    0.000    0.000    0.000 
1169.500    0.000    0.000    0.000 
1169.600    0.000    0.000    0.000 
1169.700    0.000    0.000    0.000 
1169.800    0.000    0.000    0.000 
1169.900    0.000    0.000    0.000 
1170.000    0.000    0.000    0.000 
1170.100    0.000    0.000    0.000 
1170.200    0.000    0.000    0.000 
1170.300    0.000    0.000    0.000 
1170.400    0.000    0.000    0.000 
1170.500    0.000    0.000    0.000 
1170.600    0.000    0.000    0.000 
1170.700    0.000    0.000    0.000 
1170.800    0.000    0.000    0.000 
1170.900    0.000    0.000    0.000 
1171.000    0.000    0.000    0.000 
1171.100    0.000    0.000    0.000 
1171.200    0.000    0.000    0.000 
1171.300    0.000    0.000    0.000 
1171.400    0.000    0.000    0.000 
1171.500    0.000    0.000    0.000 
1171.600    0.000    0.000    0.000 
1171.700    0.000    0.000    0.000 
1171.800    0.000    0.000    0.000 
1171.900    0.000    0.000    0.000 
1172.000    0.000    0.000    0.000 
1172.100    0.000    0.000    0.000 
1172.200    0.000    0.000    0.000 
1172.300    0.000    0.000    0.000 
1172.400    0.000    0.000    0.000 
1172.500    0.000    0.000    0.000 
1172.600    0.000    0.000    0.000 
1172.700    0.000    0.000    0.000 
1172.800    0.000    0.000    0.000 
1172.900    0.000    0.000    0.000 
1173.000    0.000    0.000    0.000 
1173.100    0.000    0.000    0.000 
1173.200    0.000    0.000    0.000 
1173.300    0.000    0.000    0.000 
1173.400    0.000    0.000    0.000 
1173.500    0.000    0.000    0.000 
1173.600    0.000    0.000    0.000 
1173.700    0.000    0.000    0.000 
1173.800    0.000    0.000    0.000 
1173.900    0.000    0.000    0.000 
1174.000    0.000    0.000    0.000 
1174.100    0.000    0.000    0.000 
1174.200    0.000    0.000    0.000 
1174.300    0.000    0.000    0.000 
1174.400    0.000    0.000    0.000 
1174.500    0.000    0.000    0.000 
1174.600    0.000    0.000    0.000 
1174.700    0.000    0.000    0.000 
1174.800    0.000    0.000    0.000 
1174.900    0.000    0.000    0.000 
1175.000    0.000    0.000    0.000 
1175.100    0.000    0.000    0.000 
1175.200    0.000    0.000    0.000 
1175.300    0.000    0.000    0.000 
1175.400    0.000    0.000    0.000 
1175.500    0.000    0.000    0.000 
1175.600    0.000    0.000    0.000 
1175.700    0.000    0.000    0.000 
1175.800    0.000    0.000    0.000 
1175.900    0.000    0.000    0.000 
1176.000    0.000    0.000    0.000 
1176.100    0.000    0.000    0.000 
1176.200    0.000    0.000    0.000 
1176.300    0.000    0.000    0.000 
1176.400    0.000    0.000    0.000 
1176.500    0.000    0.000    0.000 
1176.600    0.000    0.000    0.000 
1176.700    0.000    0.000    0.000 
1176.800    0.000    0.000    0.000 
1176.900    0.000    0.000    0.000 
1177.000    0.000    0.000    0.000 
1177.100    0.000    0.000    0.000 
1177.200    0.000    0.000    0.000 
1177.300    0.000    0.000    0.000 
1177.400    0.000    0.000    0.000 
1177.500    0.000    0.000    0.000 
1177.600    0.000    0.000    0.000 
1177.700    0.000    0.000    0.000 
1177.800    0.000    0.000    0.000 
1177.900    0.000    0.000    0.000 
1178.000    0.000    0.000    0.000 
1178.100    0.000    0.000    0.000 
1178.200    0.000    0.000    0.000 
1178.300    0.000    0.000    0.000 
1178.400    0.000    0.000    0.000 
1178.500    0.000    0.000    0.000 
1178.600    0.000    0.000    0.000 
1178.700    0.000    0.000    0.000 
1178.800    0.000    0.000    0.000 
1178.900    0.000    0.000    0.000 
1179.000    0.000    0.000    0.000 
1179.100    0.000    0.000    0.000 
1179.200    0.000    0.000    0.000 
1179.300    0.000    0.000    0.000 
1179.400    0.000    0.000    0.000 
1179.500    0.000    0.000    0.000 
1179.600    0.000    0.000    0.000 
1179.700    0.000    0.000    0.000 
1179.800    0.000    0.000    0.000 
1179.900    0.000    0.000    0.000 
1180.000    0.000    0.000    0.000 
1180.100    0.000    0.000    0.000 
1180.200    0.000    0.000    0.000 
1180.300    0.000    0.000    0.000 
1180.400    0.000    0.000    0.000 
1180.500    0.000    0.000    0.000 
1180.600    0.000    0.000    0.000 
1180.700    0.000    0.000    0.000 
1180.800    0.000    0.000    0.000 
1180.900    0.000    0.000    0.000 
1181.000    0.000    0.000    0.000 
1181.100    0.000    0.000    0.000 
1181.200    0.000    0.000    0.000 
1181.300    0.000    0.000    0.000 
1181.400    0.000    0.000    0.000 
1181.500    0.000    0.000    0.000 
1181.600    0.000    0.000    0.000 
1181.700    0.000    0.000    0.000 
1181.800    0.000    0.000    0.000 
1181.900    0.000    0.000    0.000 
1182.000    0.000    0.000    0.000 
1182.100    0.000    0.000    0.000 
1182.200    0.000    0.000    0.000 
1182.300    0.000    0.000    0.000 
1182.400    0.000    0.000    0.000 
1182.500    0.000    0.000    0.000 
1182.600    0.000    0.000    0.000 
1182.700    0.000    0.000    0.000 
1182.800    0.000    0.000    0.000 
1182.900    0.000    0.000    0.000 
1183.000    0.000    0.000    0.000 
1183.100    0.000    0.000    0.000 
1183.200    0.000    0.000    0.000 
1183.300    0.000    0.000    0.000 
1183.400    0.000    0.000    0.000 
1183.500    0.000    0.000    0.000 
1183.600    0.000    0.000    0.000 
1183.700    0.000    0.000    0.000 
1183.800    0.000    0.000    0.000 
1183.900    0.000    0.000    0.000 
1184.000    0.000    0.000    0.000 
1184.100    0.000    0.000    0.000 
1184.200    0.000    0.000    0.000 
1184.300    0.000    0.000    0.000 
1184.400    0.000    0.000    0.000 
1184.500    0.000    0.000    0.000 
1184.600    0.000    0.000    0.000 
1184.700    0.000    0.000    0.000 
1184.800    0.000    0.000    0.000 
1184.900    0.000    0.000    0.000 
1185.000    0.000    0.000    0.000 
1185.100    0.000    0.000    0.000 
1185.200    0.000    0.000    0.000 
1185.300    0.000    0.000    0.000 
1185.400    0.000    0.000    0.000 
1185.500    0.000    0.000    0.000 
1185.600    0.000    0.000    0.000 
1185.700    0.000    0.000    0.000 
1185.800    0.000    0.000    0.000 
1185.900    0.000    0.000    0.000 
1186.000    0.000    0.000    0.000 
1186.100    0.000    0.000    0.000 
1186.200    0.000    0.000    0.000 
1186.300    0.000    0.000    0.000 
1186.400    0.000    0.000    0.000 
1186.500    0.000    0.000    0.000 
1186.600    0.000    0.000    0.000 
1186.700    0.000    0.000    0.000 
1186.800    0.000    0.000    0.000 
1186.900    0.000    0.000    0.000 
1187.000    0.000    0.000    0.000 
1187.100    0.000    0.000    0.000 
1187.200    0.000    0.000    0.000 
1187.300    0.000    0.000    0.000 
1187.400    0.000    0.000    0.000 
1187.500    0.000    0.000    0.000 
1187.600    0.000    0.000    0.000 
1187.700    0.000    0.000    0.000 
1187.800    0.000    0.000    0.000 
1187.900    0.000    0.000    0.000 
1188.000    0.000    0.000    0.000 
1188.100    0.000    0.000    0.000 
1188.200    0.000    0.000    0.000 
1188.300    0.000    0.000    0.000 
1188.400    0.000    0.000    0.000 
1188.500    0.000    0.000    0.000 
1188.600    0.000    0.000    0.000 
1188.700    0.000    0.000    0.000 
1188.800    0.000    0.000    0.000 
1188.900    0.000    0.000    0.000 
1189.000    0.000    0.000    0.000 
1189.100    0.000    0.000    0.000 
1189.200    0.000    0.000    0.000 
1189.300    0.000    0.000    0.000 
1189.400    0.000    0.000    0.000 
1189.500    0.000    0.000    0.000 
1189.600    0.000    0.000    0.000 
1189.700    0.000    0.000    0.000 
1189.800    0.000    0.000    0.000 
1189.900    0.000    0.000    0.000 
1190.000    0.000    0.000    0.000 
1190.100    0.000    0.000    0.000 
1190.200    0.000    0.000    0.000 
1190.300    0.000    0.000    0.000 
1190.400    0.000    0.000    0.000 
1190.500    0.000    0.000    0.000 
1190.600    0.000    0.000    0.000 
1190.700    0.000    0.000    0.000 
1190.800    0.000    0.000    0.000 
1190.900    0.000    0.000    0.000 
1191.000    0.000    0.000    0.000 
1191.100    0.000    0.000    0.000 
1191.200    0.000    0.000    0.000 
1191.300    0.000    0.000    0.000 
1191.400    0.000    0.000    0.000 
1191.500    0.000    0.000    0.000 
1191.600    0.000    0.000    0.000 
1191.700    0.000    0.000    0.000 
1191.800    0.000    0.000    0.000 
1191.900    0.000    0.000    0.000 
1192.000    0.000    0.000    0.000 
1192.100    0.000    0.000    0.000 
1192.200    0.000    0.000    0.000 
1192.300    0.000    0.000    0.000 
1192.400    0.000    0.000    0.000 
1192.500    0.000    0.000    0.000 
1192.600    0.000    0.000    0.000 
1192.700    0.000    0.000    0.000 
1192.800    0.000    0.000    0.000 
1192.900    0.000    0.000    0.000 
1193.000    0.000    0.000    0.000 
1193.100    0.000    0.000    0.000 
1193.200    0.000    0.000    0.000 
1193.300    0.000    0.000    0.000 
1193.400    0.000    0.000    0.000 
1193.500    0.000    0.000    0.000 
1193.600    0.000    0.000    0.000 
1193.700    0.000    0.000    0.000 
1193.800    0.000    0.000    0.000 
1193.900    0.000    0.000    0.000 
1194.000    0.000    0.000    0.000 
1194.100    0.000    0.000    0.000 
1194.200    0.000    0.000    0.000 
1194.300    0.000    0.000    0.000 
1194.400    0.000    0.000    0.000 
1194.500    0.000    0.000    0.000 
1194.600    0.000    0.000    0.000 
1194.700    0.000    0.000    0.000 
1194.800    0.000    0.000    0.000 
1194.900    0.000    0.000    0.000 
1195.000    0.000    0.000    0.000 
1195.100    0.000    0.000    0.000 
1195.200    0.000    0.000    0.000 
1195.300    0.000    0.000    0.000 
1195.400    0.000    0.000    0.000 
1195.500    0.000    0.000    0.000 
1195.600    0.000    0.000    0.000 
1195.700    0.000    0.000    0.000 
1195.800    0.000    0.000    0.000 
1195.900    0.000    0.000    0.000 
1196.000    0.000    0.000    0.000 
1196.100    0.000    0.000    0.000 
1196.200    0.000    0.000    0.000 
1196.300    0.000    0.000    0.000 
1196.400    0.000    0.000    0.000 
1196.500    0.000    0.000    0.000 
1196.600    0.000    0.000    0.000 
1196.700    0.000    0.000    0.000 
1196.800    0.000    0.000    0.000 
1196.900    0.000    0.000    0.000 
1197.000    0.000    0.000    0.000 
1197.100    0.000    0.000    0.000 
1197.200    0.000    0.000    0.000 
1197.300    0.000    0.000    0.000 
1197.400    0.000    0.000    0.000 
1197.500    0.000    0.000    0.000 
1197.600    0.000    0.000    0.000 
1197.700    0.000    0.000    0.000 
1197.800    0.000    0.000    0.000 
1197.900    0.000    0.000    0.000 
1198.000    0.000    0.000    0.000 
1198.100    0.000    0.000    0.000 
1198.200    0.000    0.000    0.000 
1198.300    0.000    0.000    0.000 
1198.400    0.000    0.000    0.000 
1198.500    0.000    0.000    0.000 
1198.600    0.000    0.000    0.000 
1198.700    0.000    0.000    0.000 
1198.800    0.000    0.000    0.000 
1198.900    0.000    0.000    0.000 
1199.000    0.000    0.000    0.000 
1199.100    0.000    0.000    0.000 
1199.200    0.000    0.000    0.000 
1199.300    0.000    0.000    0.000 
1199.400    0.000    0.000    0.000 
1199.500    0.000    0.000    0.000 
1199.600    0.000    0.000    0.000 
1199.700    0.000    0.000    0.000 
1199.800    0.000    0.000    0.000 
1199.900    0.000    0.000    0.000 
1200.000    0.000    0.000    0.000 
1200.100    0.000    0.000    0.000 
1200.200    0.000    0.000    0.000 
1200.300    0.000    0.000    0.000 
1200.400    0.000    0.000    0.000 
1200.500    0.000    0.000    0.000 
1200.600    0.000    0.000    0.000 
1200.700    0.000    0.000    0.000 
1200.800    0.000    0.000    0.000 
1200.900    0.000    0.000    0.000 
1201.000    0.000    0.000    0.000 
1201.100    0.000    0.000    0.000 
1201.200    0.000    0.000    0.000 
1201.300    0.000    0.000    0.000 
1201.400    0.000    0.000    0.000 
1201.500    0.000    0.000    0.000 
1201.600    0.000    0.000    0.000 
1201.700    0.000    0.000    0.000 
1201.800    0.000    0.000    0.000 
1201.900    0.000    0.000    0.000 
1202.000    0.000    0.000    0.000 
1202.100    0.000    0.000    0.000 
1202.200    0.000    0.000    0.000 
1202.300    0.000    0.000    0.000 
1202.400    0.000    0.000    0.000 
1202.500    0.000    0.000    0.000 
1202.600    0.000    0.000    0.000 
1202.700    0.000    0.000    0.000 
1202.800    0.000    0.000    0.000 
1202.900    0.000    0.000    0.000 
1203.000    0.000    0.000    0.000 
1203.100    0.000    0.000    0.000 
1203.200    0.000    0.000    0.000 
1203.300    0.000    0.000    0.000 
1203.400    0.000    0.000    0.000 
1203.500    0.000    0.000    0.000 
1203.600    0.000    0.000    0.000 
1203.700    0.000    0.000    0.000 
1203.800    0.000    0.000    0.000 
1203.900    0.000    0.000    0.000 
1204.000    0.000    0.000    0.000 
1204.100    0.000    0.000    0.000 
1204.200    0.000    0.000    0.000 
1204.300    0.000    0.000    0.000 
1204.400    0.000    0.000    0.000 
1204.500    0.000    0.000    0.000 
1204.600    0.000    0.000    0.000 
1204.700    0.000    0.000    0.000 
1204.800    0.000    0.000    0.000 
1204.900    0.000    0.000    0.000 
1205.000    0.000    0.000    0.000 
1205.100    0.000    0.000    0.000 
1205.200    0.000    0.000    0.000 
1205.300    0.000    0.000    0.000 
1205.400    0.000    0.000    0.000 
1205.500    0.000    0.000    0.000 
1205.600    0.000    0.000    0.000 
1205.700    0.000    0.000    0.000 
1205.800    0.000    0.000    0.000 
1205.900    0.000    0.000    0.000 
1206.000    0.000    0.000    0.000 
1206.100    0.000    0.000    0.000 
1206.200    0.000    0.000    0.000 
1206.300    0.000    0.000    0.000 
1206.400    0.000    0.000    0.000 
1206.500    0.000    0.000    0.000 
1206.600    0.000    0.000    0.000 
1206.700    0.000    0.000    0.000 
1206.800    0.000    0.000    0.000 
1206.900    0.000    0.000    0.000 
1207.000    0.000    0.000    0.000 
1207.100    0.000    0.000    0.000 
1207.200    0.000    0.000    0.000 
1207.300    0.000    0.000    0.000 
1207.400    0.000    0.000    0.000 
1207.500    0.000    0.000    0.000 
1207.600    0.000    0.000    0.000 
1207.700    0.000    0.000    0.000 
1207.800    0.000    0.000    0.000 
1207.900    0.000    0.000    0.000 
1208.000    0.000    0.000    0.000 
1208.100    0.000    0.000    0.000 
1208.200    0.000    0.000    0.000 
1208.300    0.000    0.000    0.000 
1208.400    0.000    0.000    0.000 
1208.500    0.000    0.000    0.000 
1208.600    0.000    0.000    0.000 
1208.700    0.000    0.000    0.000 
1208.800    0.000    0.000    0.000 
1208.900    0.000    0.000    0.000 
1209.000    0.000    0.000    0.000 
1209.100    0.000    0.000    0.000 
1209.200    0.000    0.000    0.000 
1209.300    0.000    0.000    0.000 
1209.400    0.000    0.000    0.000 
1209.500    0.000    0.000    0.000 
1209.600    0.000    0.000    0.000 
1209.700    0.000    0.000    0.000 
1209.800    0.000    0.000    0.000 
1209.900    0.000    0.000    0.000 
1210.000    0.000    0.000    0.000 
1210.100    0.000    0.000    0.000 
1210.200    0.000    0.000    0.000 
1210.300    0.000    0.000    0.000 
1210.400    0.000    0.000    0.000 
1210.500    0.000    0.000    0.000 
1210.600    0.000    0.000    0.000 
1210.700    0.000    0.000    0.000 
1210.800    0.000    0.000    0.000 
1210.900    0.000    0.000    0.000 
1211.000    0.000    0.000    0.000 
1211.100    0.000    0.000    0.000 
1211.200    0.000    0.000    0.000 
1211.300    0.000    0.000    0.000 
1211.400    0.000    0.000    0.000 
1211.500    0.000    0.000    0.000 
1211.600    0.000    0.000    0.000 
1211.700    0.000    0.000    0.000 
1211.800    0.000    0.000    0.000 
1211.900    0.000    0.000    0.000 
1212.000    0.000    0.000    0.000 
1212.100    0.000    0.000    0.000 
1212.200    0.000    0.000    0.000 
1212.300    0.000    0.000    0.000 
1212.400    0.000    0.000    0.000 
1212.500    0.000    0.000    0.000 
1212.600    0.000    0.000    0.000 
1212.700    0.000    0.000    0.000 
1212.800    0.000    0.000    0.000 
1212.900    0.000    0.000    0.000 
1213.000    0.000    0.000    0.000 
1213.100    0.000    0.000    0.000 
1213.200    0.000    0.000    0.000 
1213.300    0.000    0.000    0.000 
1213.400    0.000    0.000    0.000 
1213.500    0.000    0.000    0.000 
1213.600    0.000    0.000    0.000 
1213.700    0.000    0.000    0.000 
1213.800    0.000    0.000    0.000 
1213.900    0.000    0.000    0.000 
1214.000    0.000    0.000    0.000 
1214.100    0.000    0.000    0.000 
1214.200    0.000    0.000    0.000 
1214.300    0.000    0.000    0.000 
1214.400    0.000    0.000    0.000 
1214.500    0.000    0.000    0.000 
1214.600    0.000    0.000    0.000 
1214.700    0.000    0.000    0.000 
1214.800    0.000    0.000    0.000 
1214.900    0.000    0.000    0.000 
1215.000    0.000    0.000    0.000 
1215.100    0.000    0.000    0.000 
1215.200    0.000    0.000    0.000 
1215.300    0.000    0.000    0.000 
1215.400    0.000    0.000    0.000 
1215.500    0.000    0.000    0.000 
1215.600    0.000    0.000    0.000 
1215.700    0.000    0.000    0.000 
1215.800    0.000    0.000    0.000 
1215.900    0.000    0.000    0.000 
1216.000    0.000    0.000    0.000 
1216.100    0.000    0.000    0.000 
1216.200    0.000    0.000    0.000 
1216.300    0.000    0.000    0.000 
1216.400    0.000    0.000    0.000 
1216.500    0.000    0.000    0.000 
1216.600    0.000    0.000    0.000 
1216.700    0.000    0.000    0.000 
1216.800    0.000    0.000    0.000 
1216.900    0.000    0.000    0.000 
1217.000    0.000    0.000    0.000 
1217.100    0.000    0.000    0.000 
1217.200    0.000    0.000    0.000 
1217.300    0.000    0.000    0.000 
1217.400    0.000    0.000    0.000 
1217.500    0.000    0.000    0.000 
1217.600    0.000    0.000    0.000 
1217.700    0.000    0.000    0.000 
1217.800    0.000    0.000    0.000 
1217.900    0.000    0.000    0.000 
1218.000    0.000    0.000    0.000 
1218.100    0.000    0.000    0.000 
1218.200    0.000    0.000    0.000 
1218.300    0.000    0.000    0.000 
1218.400    0.000    0.000    0.000 
1218.500    0.000    0.000    0.000 
1218.600    0.000    0.000    0.000 
1218.700    0.000    0.000    0.000 
1218.800    0.000    0.000    0.000 
1218.900    0.000    0.000    0.000 
1219.000    0.000    0.000    0.000 
1219.100    0.000    0.000    0.000 
1219.200    0.000    0.000    0.000 
1219.300    0.000    0.000    0.000 
1219.400    0.000    0.000    0.000 
1219.500    0.000    0.000    0.000 
1219.600    0.000    0.000    0.000 
1219.700    0.000    0.000    0.000 
1219.800    0.000    0.000    0.000 
1219.900    0.000    0.000    0.000 
1220.000    0.000    0.000    0.000 
1220.100    0.000    0.000    0.000 
1220.200    0.000    0.000    0.000 
1220.300    0.000    0.000    0.000 
1220.400    0.000    0.000    0.000 
1220.500    0.000    0.000    0.000 
1220.600    0.000    0.000    0.000 
1220.700    0.000    0.000    0.000 
1220.800    0.000    0.000    0.000 
1220.900    0.000    0.000    0.000 
1221.000    0.000    0.000    0.000 
1221.100    0.000    0.000    0.000 
1221.200    0.000    0.000    0.000 
1221.300    0.000    0.000    0.000 
1221.400    0.000    0.000    0.000 
1221.500    0.000    0.000    0.000 
1221.600    0.000    0.000    0.000 
1221.700    0.000    0.000    0.000 
1221.800    0.000    0.000    0.000 
1221.900    0.000    0.000    0.000 
1222.000    0.000    0.000    0.000 
1222.100    0.000    0.000    0.000 
1222.200    0.000    0.000    0.000 
1222.300    0.000    0.000    0.000 
1222.400    0.000    0.000    0.000 
1222.500    0.000    0.000    0.000 
1222.600    0.000    0.000    0.000 
1222.700    0.000    0.000    0.000 
1222.800    0.000    0.000    0.000 
1222.900    0.000    0.000    0.000 
1223.000    0.000    0.000    0.000 
1223.100    0.000    0.000    0.000 
1223.200    0.000    0.000    0.000 
1223.300    0.000    0.000    0.000 
1223.400    0.000    0.000    0.000 
1223.500    0.000    0.000    0.000 
1223.600    0.000    0.000    0.000 
1223.700    0.000    0.000    0.000 
1223.800    0.000    0.000    0.000 
1223.900    0.000    0.000    0.000 
1224.000    0.000    0.000    0.000 
1224.100    0.000    0.000    0.000 
1224.200    0.000    0.000    0.000 
1224.300    0.000    0.000    0.000 
1224.400    0.000    0.000    0.000 
1224.500    0.000    0.000    0.000 
1224.600    0.000    0.000    0.000 
1224.700    0.000    0.000    0.000 
1224.800    0.000    0.000    0.000 
1224.900    0.000    0.000    0.000 
1225.000    0.000    0.000    0.000 
1225.100    0.000    0.000    0.000 
1225.200    0.000    0.000    0.000 
1225.300    0.000    0.000    0.000 
1225.400    0.000    0.000    0.000 
1225.500    0.000    0.000    0.000 
1225.600    0.000    0.000    0.000 
1225.700    0.000    0.000    0.000 
1225.800    0.000    0.000    0.000 
1225.900    0.000    0.000    0.000 
1226.000    0.000    0.000    0.000 
1226.100    0.000    0.000    0.000 
1226.200    0.000    0.000    0.000 
1226.300    0.000    0.000    0.000 
1226.400    0.000    0.000    0.000 
1226.500    0.000    0.000    0.000 
1226.600    0.000    0.000    0.000 
1226.700    0.000    0.000    0.000 
1226.800    0.000    0.000    0.000 
1226.900    0.000    0.000    0.000 
1227.000    0.000    0.000    0.000 
1227.100    0.000    0.000    0.000 
1227.200    0.000    0.000    0.000 
1227.300    0.000    0.000    0.000 
1227.400    0.000    0.000    0.000 
1227.500    0.000    0.000    0.000 
1227.600    0.000    0.000    0.000 
1227.700    0.000    0.000    0.000 
1227.800    0.000    0.000    0.000 
1227.900    0.000    0.000    0.000 
1228.000    0.000    0.000    0.000 
1228.100    0.000    0.000    0.000 
1228.200    0.000    0.000    0.000 
1228.300    0.000    0.000    0.000 
1228.400    0.000    0.000    0.000 
1228.500    0.000    0.000    0.000 
1228.600    0.000    0.000    0.000 
1228.700    0.000    0.000    0.000 
1228.800    0.000    0.000    0.000 
1228.900    0.000    0.000    0.000 
1229.000    0.000    0.000    0.000 
1229.100    0.000    0.000    0.000 
1229.200    0.000    0.000    0.000 
1229.300    0.000    0.000    0.000 
1229.400    0.000    0.000    0.000 
1229.500    0.000    0.000    0.000 
1229.600    0.000    0.000    0.000 
1229.700    0.000    0.000    0.000 
1229.800    0.000    0.000    0.000 
1229.900    0.000    0.000    0.000 
1230.000    0.000    0.000    0.000 
1230.100    0.000    0.000    0.000 
1230.200    0.000    0.000    0.000 
1230.300    0.000    0.000    0.000 
1230.400    0.000    0.000    0.000 
1230.500    0.000    0.000    0.000 
1230.600    0.000    0.000    0.000 
1230.700    0.000    0.000    0.000 
1230.800    0.000    0.000    0.000 
1230.900    0.000    0.000    0.000 
1231.000    0.000    0.000    0.000 
1231.100    0.000    0.000    0.000 
1231.200    0.000    0.000    0.000 
1231.300    0.000    0.000    0.000 
1231.400    0.000    0.000    0.000 
1231.500    0.000    0.000    0.000 
1231.600    0.000    0.000    0.000 
1231.700    0.000    0.000    0.000 
1231.800    0.000    0.000    0.000 
1231.900    0.000    0.000    0.000 
1232.000    0.000    0.000    0.000 
1232.100    0.000    0.000    0.000 
1232.200    0.000    0.000    0.000 
1232.300    0.000    0.000    0.000 
1232.400    0.000    0.000    0.000 
1232.500    0.000    0.000    0.000 
1232.600    0.000    0.000    0.000 
1232.700    0.000    0.000    0.000 
1232.800    0.000    0.000    0.000 
1232.900    0.000    0.000    0.000 
1233.000    0.000    0.000    0.000 
1233.100    0.000    0.000    0.000 
1233.200    0.000    0.000    0.000 
1233.300    0.000    0.000    0.000 
1233.400    0.000    0.000    0.000 
1233.500    0.000    0.000    0.000 
1233.600    0.000    0.000    0.000 
1233.700    0.000    0.000    0.000 
1233.800    0.000    0.000    0.000 
1233.900    0.000    0.000    0.000 
1234.000    0.000    0.000    0.000 
1234.100    0.000    0.000    0.000 
1234.200    0.000    0.000    0.000 
1234.300    0.000    0.000    0.000 
1234.400    0.000    0.000    0.000 
1234.500    0.000    0.000    0.000 
1234.600    0.000    0.000    0.000 
1234.700    0.000    0.000    0.000 
1234.800    0.000    0.000    0.000 
1234.900    0.000    0.000    0.000 
1235.000    0.000    0.000    0.000 
1235.100    0.000    0.000    0.000 
1235.200    0.000    0.000    0.000 
1235.300    0.000    0.000    0.000 
1235.400    0.000    0.000    0.000 
1235.500    0.000    0.000    0.000 
1235.600    0.000    0.000    0.000 
1235.700    0.000    0.000    0.000 
1235.800    0.000    0.000    0.000 
1235.900    0.000    0.000    0.000 
1236.000    0.000    0.000    0.000 
1236.100    0.000    0.000    0.000 
1236.200    0.000    0.000    0.000 
1236.300    0.000    0.000    0.000 
1236.400    0.000    0.000    0.000 
1236.500    0.000    0.000    0.000 
1236.600    0.000    0.000    0.000 
1236.700    0.000    0.000    0.000 
1236.800    0.000    0.000    0.000 
1236.900    0.000    0.000    0.000 
1237.000    0.000    0.000    0.000 
1237.100    0.000    0.000    0.000 
1237.200    0.000    0.000    0.000 
1237.300    0.000    0.000    0.000 
1237.400    0.000    0.000    0.000 
1237.500    0.000    0.000    0.000 
1237.600    0.000    0.000    0.000 
1237.700    0.000    0.000    0.000 
1237.800    0.000    0.000    0.000 
1237.900    0.000    0.000    0.000 
1238.000    0.000    0.000    0.000 
1238.100    0.000    0.000    0.000 
1238.200    0.000    0.000    0.000 
1238.300    0.000    0.000    0.000 
1238.400    0.000    0.000    0.000 
1238.500    0.000    0.000    0.000 
1238.600    0.000    0.000    0.000 
1238.700    0.000    0.000    0.000 
1238.800    0.000    0.000    0.000 
1238.900    0.000    0.000    0.000 
1239.000    0.000    0.000    0.000 
1239.100    0.000    0.000    0.000 
1239.200    0.000    0.000    0.000 
1239.300    0.000    0.000    0.000 
1239.400    0.000    0.000    0.000 
1239.500    0.000    0.000    0.000 
1239.600    0.000    0.000    0.000 
1239.700    0.000    0.000    0.000 
1239.800    0.000    0.000    0.000 
1239.900    0.000    0.000    0.000 
1240.000    0.000    0.000    0.000 
1240.100    0.000    0.000    0.000 
1240.200    0.000    0.000    0.000 
1240.300    0.000    0.000    0.000 
1240.400    0.000    0.000    0.000 
1240.500    0.000    0.000    0.000 
1240.600    0.000    0.000    0.000 
1240.700    0.000    0.000    0.000 
1240.800    0.000    0.000    0.000 
1240.900    0.000    0.000    0.000 
1241.000    0.000    0.000    0.000 
1241.100    0.000    0.000    0.000 
1241.200    0.000    0.000    0.000 
1241.300    0.000    0.000    0.000 
1241.400    0.000    0.000    0.000 
1241.500    0.000    0.000    0.000 
1241.600    0.000    0.000    0.000 
1241.700    0.000    0.000    0.000 
1241.800    0.000    0.000    0.000 
1241.900    0.000    0.000    0.000 
1242.000    0.000    0.000    0.000 
1242.100    0.000    0.000    0.000 
1242.200    0.000    0.000    0.000 
1242.300    0.000    0.000    0.000 
1242.400    0.000    0.000    0.000 
1242.500    0.000    0.000    0.000 
1242.600    0.000    0.000    0.000 
1242.700    0.000    0.000    0.000 
1242.800    0.000    0.000    0.000 
1242.900    0.000    0.000    0.000 
1243.000    0.000    0.000    0.000 
1243.100    0.000    0.000    0.000 
1243.200    0.000    0.000    0.000 
1243.300    0.000    0.000    0.000 
1243.400    0.000    0.000    0.000 
1243.500    0.000    0.000    0.000 
1243.600    0.000    0.000    0.000 
1243.700    0.000    0.000    0.000 
1243.800    0.000    0.000    0.000 
1243.900    0.000    0.000    0.000 
1244.000    0.000    0.000    0.000 
1244.100    0.000    0.000    0.000 
1244.200    0.000    0.000    0.000 
1244.300    0.000    0.000    0.000 
1244.400    0.000    0.000    0.000 
1244.500    0.000    0.000    0.000 
1244.600    0.000    0.000    0.000 
1244.700    0.000    0.000    0.000 
1244.800    0.000    0.000    0.000 
1244.900    0.000    0.000    0.000 
1245.000    0.000    0.000    0.000 
1245.100    0.000    0.000    0.000 
1245.200    0.000    0.000    0.000 
1245.300    0.000    0.000    0.000 
1245.400    0.000    0.000    0.000 
1245.500    0.000    0.000    0.000 
1245.600    0.000    0.000    0.000 
1245.700    0.000    0.000    0.000 
1245.800    0.000    0.000    0.000 
1245.900    0.000    0.000    0.000 
1246.000    0.000    0.000    0.000 
1246.100    0.000    0.000    0.000 
1246.200    0.001    0.000    0.000 
1246.300    0.001    0.000    0.000 
1246.400    0.001    0.000    0.000 
1246.500    0.001    0.000    0.000 
1246.600    0.001    0.000    0.000 
1246.700    0.001    0.000    0.000 
1246.800    0.001    0.000    0.000 
1246.900    0.001    0.000    0.000 
1247.000    0.001    0.000    0.000 
1247.100    0.001    0.000    0.000 
1247.200    0.001    0.000    0.000 
1247.300    0.001    0.000    0.000 
1247.400    0.001    0.000    0.000 
1247.500    0.001    0.000    0.000 
1247.600    0.001    0.000    0.000 
1247.700    0.001    0.000    0.000 
1247.800    0.001    0.000    0.000 
1247.900    0.001    0.000    0.000 
1248.000    0.001    0.000    0.000 
1248.100    0.001    0.000    0.000 
1248.200    0.001    0.000    0.000 
1248.300    0.001    0.000    0.000 
1248.400    0.002    0.000    0.000 
1248.500    0.002    0.000    0.000 
1248.600    0.002    0.000    0.000 
1248.700    0.002    0.000    0.000 
1248.800    0.002    0.000    0.000 
1248.900    0.002    0.000    0.000 
1249.000    0.002    0.000    0.000 
1249.100    0.002    0.000    0.000 
1249.200    0.002    0.000    0.000 
1249.300    0.002    0.000    0.000 
1249.400    0.002    0.000    0.000 
1249.500    0.002    0.000    0.000 
1249.600    0.002    0.000    0.000 
1249.700    0.002    0.000    0.000 
1249.800    0.003    0.000    0.000 
1249.900    0.003    0.000    0.000 
1250.000    0.003    0.000    0.000 
1250.100    0.003    0.000    0.000 
1250.200    0.003    0.000    0.000 
1250.300    0.003    0.000    0.000 
1250.400    0.003    0.000    0.000 
1250.500    0.003    0.000    0.000 
1250.600    0.003    0.000    0.000 
1250.700    0.004    0.000    0.000 
1250.800    0.004    0.000    0.000 
1250.900    0.004    0.000    0.000 
1251.000    0.004    0.000    0.000 
1251.100    0.004    0.000    0.000 
1251.200    0.004    0.000    0.000 
1251.300    0.004    0.000    0.000 
1251.400    0.004    0.000    0.000 
1251.500    0.004    0.000    0.000 
1251.600    0.005    0.000    0.000 
1251.700    0.005    0.000    0.000 
1251.800    0.005    0.000    0.000 
1251.900    0.005    0.000    0.000 
1252.000    0.005    0.000    0.000 
1252.100    0.005    0.000    0.000 
1252.200    0.005    0.000    0.000 
1252.300    0.005    0.000    0.000 
1252.400    0.005    0.000    0.000 
1252.500    0.005    0.000    0.000 
1252.600    0.005    0.000    0.000 
1252.700    0.005    0.000    0.000 
1252.800    0.004    0.000    0.000 
1252.900    0.006    0.000    0.000 
1253.000    0.006    0.000    0.000 
1253.100    0.006    0.000    0.000 
1253.200    0.007    0.000    0.000 
1253.300    0.007    0.000    0.000 
1253.400    0.007    0.000    0.000 
1253.500    0.007    0.000    0.000 
1253.600    0.007    0.000    0.000 
1253.700    0.008    0.000    0.000 
1253.800    0.008    0.000    0.000 
1253.900    0.008    0.000    0.000 
1254.000    0.008    0.000    0.000 
1254.100    0.008    0.000    0.000 
1254.200    0.008    0.000    0.000 
1254.300    0.008    0.000    0.000 
1254.400    0.009    0.000    0.000 
1254.500    0.009    0.000    0.000 
1254.600    0.009    0.000    0.000 
1254.700    0.009    0.000    0.000 
1254.800    0.009    0.000    0.000 
1254.900    0.010    0.000    0.000 
1255.000    0.010    0.000    0.000 
1255.100    0.010    0.000    0.000 
1255.200    0.010    0.000    0.000 
1255.300    0.010    0.000    0.000 
1255.400    0.010    0.000    0.000 
1255.500    0.010    0.000    0.000 
1255.600    0.010    0.000    0.000 
1255.700    0.009    0.000    0.000 
1255.800    0.006    0.000    0.000 
1255.900    0.004    0.000    0.000 
1256.000    0.008    0.000    0.000 
1256.100    0.010    0.000    0.000 
1256.200    0.011    0.000    0.000 
1256.300    0.012    0.000    0.000 
1256.400    0.012    0.000    0.000 
1256.500    0.012    0.000    0.000 
1256.600    0.013    0.000    0.000 
1256.700    0.013    0.000    0.000 
1256.800    0.013    0.000    0.000 
1256.900    0.014    0.000    0.000 
1257.000    0.014    0.000    0.000 
1257.100    0.014    0.000    0.000 
1257.200    0.014    0.000    0.000 
1257.300    0.015    0.000    0.000 
1257.400    0.015    0.000    0.000 
1257.500    0.015    0.000    0.000 
1257.600    0.015    0.000    0.000 
1257.700    0.016    0.000    0.000 
1257.800    0.016    0.000    0.000 
1257.900    0.016    0.000    0.000 
1258.000    0.016    0.000    0.000 
1258.100    0.016    0.000    0.000 
1258.200    0.017    0.000    0.000 
1258.300    0.016    0.000    0.000 
1258.400    0.017    0.000    0.000 
1258.500    0.017    0.000    0.000 
1258.600    0.018    0.000    0.000 
1258.700    0.018    0.000    0.000 
1258.800    0.018    0.000    0.000 
1258.900    0.018    0.000    0.000 
1259.000    0.019    0.000    0.000 
1259.100    0.019    0.000    0.000 
1259.200    0.019    0.000    0.000 
1259.300    0.019    0.000    0.000 
1259.400    0.020    0.000    0.000 
1259.500    0.020    0.000    0.000 
1259.600    0.020    0.000    0.000 
1259.700    0.020    0.000    0.000 
1259.800    0.020    0.001    0.000 
1259.900    0.020    0.001    0.000 
1260.000    0.021    0.001    0.000 
1260.100    0.021    0.001    0.000 
1260.200    0.022    0.001    0.000 
1260.300    0.022    0.001    0.000 
1260.400    0.022    0.001    0.000 
1260.500    0.022    0.001    0.000 
1260.600    0.023    0.001    0.000 
1260.700    0.023    0.001    0.000 
1260.800    0.023    0.001    0.000 
1260.900    0.023    0.001    0.000 
1261.000    0.024    0.001    0.000 
1261.100    0.024    0.001    0.000 
1261.200    0.024    0.001    0.000 
1261.300    0.024    0.001    0.000 
1261.400    0.025    0.001    0.000 
1261.500    0.025    0.001    0.000 
1261.600    0.025    0.001    0.000 
1261.700    0.025    0.001    0.000 
1261.800    0.026    0.001    0.000 
1261.900    0.026    0.001    0.000 
1262.000    0.026    0.001    0.000 
1262.100    0.026    0.001    0.000 
1262.200    0.027    0.001    0.000 
1262.300    0.027    0.001    0.000 
1262.400    0.027    0.001    0.000 
1262.500    0.027    0.001    0.000 
1262.600    0.028    0.001    0.000 
1262.700    0.028    0.001    0.000 
1262.800    0.028    0.001    0.000 
1262.900    0.028    0.001    0.000 
1263.000    0.029    0.001    0.000 
1263.100    0.029    0.001    0.000 
1263.200    0.029    0.001    0.000 
1263.300    0.029    0.001    0.000 
1263.400    0.030    0.001    0.000 
1263.500    0.030    0.001    0.000 
1263.600    0.030    0.001    0.000 
1263.700    0.030    0.001    0.000 
1263.800    0.031    0.001    0.000 
1263.900    0.031    0.001    0.000 
1264.000    0.031    0.001    0.000 
1264.100    0.031    0.001    0.000 
1264.200    0.031    0.001    0.000 
1264.300    0.031    0.001    0.000 
1264.400    0.031    0.001    0.000 
1264.500    0.031    0.001    0.000 
1264.600    0.030    0.001    0.000 
1264.700    0.028    0.001    0.000 
1264.800    0.020    0.001    0.000 
1264.900    0.026    0.001    0.000 
1265.000    0.030    0.001    0.000 
1265.100    0.032    0.001    0.000 
1265.200    0.033    0.001    0.000 
1265.300    0.034    0.001    0.000 
1265.400    0.034    0.001    0.000 
1265.500    0.035    0.001    0.000 
1265.600    0.035    0.001    0.000 
1265.700    0.035    0.002    0.000 
1265.800    0.036    0.002    0.000 
1265.900    0.036    0.002    0.000 
1266.000    0.036    0.002    0.000 
1266.100    0.036    0.002    0.000 
1266.200    0.037    0.002    0.000 
1266.300    0.037    0.002    0.000 
1266.400    0.037    0.002    0.000 
1266.500    0.037    0.002    0.000 
1266.600    0.038    0.002    0.000 
1266.700    0.038    0.002    0.000 
1266.800    0.038    0.002    0.000 
1266.900    0.038    0.002    0.000 
1267.000    0.039    0.002    0.000 
1267.100    0.039    0.002    0.000 
1267.200    0.039    0.002    0.000 
1267.300    0.039    0.002    0.000 
1267.400    0.040    0.002    0.000 
1267.500    0.040    0.002    0.000 
1267.600    0.040    0.002    0.000 
1267.700    0.040    0.002    0.000 
1267.800    0.040    0.002    0.000 
1267.900    0.041    0.002    0.000 
1268.000    0.041    0.002    0.000 
1268.100    0.041    0.002    0.000 
1268.200    0.041    0.002    0.000 
1268.300    0.041    0.002    0.000 
1268.400    0.042    0.002    0.000 
1268.500    0.042    0.002    0.000 
1268.600    0.042    0.002    0.000 
1268.700    0.042    0.002    0.000 
1268.800    0.042    0.002    0.000 
1268.900    0.043    0.002    0.000 
1269.000    0.043    0.002    0.000 
1269.100    0.043    0.002    0.000 
1269.200    0.043    0.002    0.000 
1269.300    0.043    0.002    0.000 
1269.400    0.043    0.002    0.000 
1269.500    0.043    0.002    0.000 
1269.600    0.043    0.002    0.000 
1269.700    0.043    0.002    0.000 
1269.800    0.043    0.002    0.000 
1269.900    0.042    0.002    0.000 
1270.000    0.041    0.002    0.000 
1270.100    0.040    0.002    0.000 
1270.200    0.037    0.002    0.000 
1270.300    0.029    0.002    0.000 
1270.400    0.013    0.001    0.000 
1270.500    0.032    0.002    0.000 
1270.600    0.038    0.002    0.000 
1270.700    0.041    0.002    0.000 
1270.800    0.042    0.002    0.000 
1270.900    0.043    0.002    0.000 
1271.000    0.044    0.002    0.000 
1271.100    0.044    0.002    0.000 
1271.200    0.045    0.002    0.000 
1271.300    0.045    0.002    0.000 
1271.400    0.045    0.002    0.000 
1271.500    0.045    0.002    0.000 
1271.600    0.045    0.002    0.000 
1271.700    0.045    0.002    0.000 
1271.800    0.045    0.002    0.000 
1271.900    0.045    0.002    0.000 
1272.000    0.045    0.002    0.000 
1272.100    0.045    0.002    0.000 
1272.200    0.045    0.002    0.000 
1272.300    0.045    0.002    0.000 
1272.400    0.045    0.002    0.000 
1272.500    0.045    0.002    0.000 
1272.600    0.045    0.002    0.000 
1272.700    0.045    0.002    0.000 
1272.800    0.045    0.002    0.000 
1272.900    0.044    0.002    0.000 
1273.000    0.044    0.002    0.000 
1273.100    0.044    0.002    0.000 
1273.200    0.044    0.002    0.000 
1273.300    0.043    0.002    0.000 
1273.400    0.043    0.002    0.000 
1273.500    0.043    0.002    0.000 
1273.600    0.042    0.002    0.000 
1273.700    0.042    0.002    0.000 
1273.800    0.041    0.002    0.000 
1273.900    0.041    0.002    0.000 
1274.000    0.040    0.002    0.000 
1274.100    0.040    0.002    0.000 
1274.200    0.039    0.002    0.000 
1274.300    0.038    0.002    0.000 
1274.400    0.038    0.002    0.000 
1274.500    0.037    0.002    0.000 
1274.600    0.036    0.002    0.000 
1274.700    0.035    0.001    0.000 
1274.800    0.034    0.001    0.000 
1274.900    0.033    0.001    0.000 
1275.000    0.032    0.001    0.000 
1275.100    0.031    0.001    0.000 
1275.200    0.030    0.001    0.000 
1275.300    0.029    0.001    0.000 
1275.400    0.027    0.001    0.000 
1275.500    0.026    0.001    0.000 
1275.600    0.025    0.001    0.000 
1275.700    0.023    0.001    0.000 
1275.800    0.021    0.001    0.000 
1275.900    0.020    0.000    0.000 
1276.000    0.018    0.000    0.000 
1276.100    0.017    0.000    0.000 
1276.200    0.015    0.000    0.000 
1276.300    0.013    0.000    0.000 
1276.400    0.012    0.000    0.000 
1276.500    0.010    0.000    0.000 
1276.600    0.008    0.000    0.000 
1276.700    0.007    0.000    0.000 
1276.800    0.006    0.000    0.000 
1276.900    0.004    0.000    0.000 
1277.000    0.003    0.000    0.000 
1277.100    0.002    0.000    0.000 
1277.200    0.002    0.000    0.000 
1277.300    0.001    0.000    0.000 
1277.400    0.001    0.000    0.000 
1277.500    0.000    0.000    0.000 
1277.600    0.000    0.000    0.000 
1277.700    0.000    0.000    0.000 
1277.800    0.000    0.000    0.000 
1277.900    0.000    0.000    0.000 
1278.000    0.000    0.000    0.000 
1278.100    0.000    0.000    0.000 
1278.200    0.000    0.000    0.000 
1278.300    0.000    0.000    0.000 
1278.400    0.000    0.000    0.000 
1278.500    0.000    0.000    0.000 
1278.600    0.000    0.000    0.000 
1278.700    0.000    0.000    0.000 
1278.800    0.000    0.000    0.000 
1278.900    0.000    0.000    0.000 
1279.000    0.000    0.000    0.000 
1279.100    0.001    0.000    0.000 
1279.200    0.001    0.000    0.000 
1279.300    0.002    0.000    0.000 
1279.400    0.002    0.000    0.000 
1279.500    0.003    0.000    0.000 
1279.600    0.004    0.000    0.000 
1279.700    0.006    0.000    0.000 
1279.800    0.007    0.000    0.000 
1279.900    0.009    0.000    0.000 
1280.000    0.010    0.000    0.000 
1280.100    0.012    0.000    0.000 
1280.200    0.014    0.000    0.000 
1280.300    0.016    0.000    0.000 
1280.400    0.018    0.000    0.000 
1280.500    0.019    0.000    0.000 
1280.600    0.021    0.001    0.000 
1280.700    0.022    0.001    0.000 
1280.800    0.022    0.001    0.000 
1280.900    0.021    0.001    0.000 
1281.000    0.013    0.000    0.000 
1281.100    0.013    0.001    0.000 
1281.200    0.025    0.001    0.000 
1281.300    0.030    0.001    0.000 
1281.400    0.033    0.002    0.000 
1281.500    0.036    0.002    0.000 
1281.600    0.038    0.002    0.000 
1281.700    0.040    0.002    0.000 
1281.800    0.041    0.002    0.000 
1281.900    0.042    0.002    0.000 
1282.000    0.039    0.002    0.000 
1282.100    0.046    0.003    0.000 
1282.200    0.048    0.003    0.000 
1282.300    0.049    0.003    0.000 
1282.400    0.050    0.003    0.000 
1282.500    0.052    0.003    0.000 
1282.600    0.053    0.003    0.000 
1282.700    0.054    0.004    0.000 
1282.800    0.055    0.004    0.000 
1282.900    0.056    0.004    0.000 
1283.000    0.057    0.004    0.000 
1283.100    0.058    0.004    0.000 
1283.200    0.058    0.004    0.000 
1283.300    0.059    0.004    0.000 
1283.400    0.060    0.004    0.000 
1283.500    0.061    0.004    0.000 
1283.600    0.061    0.005    0.000 
1283.700    0.062    0.005    0.000 
1283.800    0.063    0.005    0.000 
1283.900    0.063    0.005    0.000 
1284.000    0.064    0.005    0.000 
1284.100    0.065    0.005    0.000 
1284.200    0.065    0.005    0.000 
1284.300    0.066    0.005    0.000 
1284.400    0.066    0.005    0.000 
1284.500    0.067    0.005    0.000 
1284.600    0.067    0.005    0.000 
1284.700    0.068    0.006    0.000 
1284.800    0.068    0.006    0.000 
1284.900    0.068    0.006    0.000 
1285.000    0.069    0.006    0.000 
1285.100    0.068    0.006    0.000 
1285.200    0.069    0.006    0.000 
1285.300    0.070    0.006    0.000 
1285.400    0.070    0.006    0.000 
1285.500    0.071    0.006    0.000 
1285.600    0.071    0.006    0.000 
1285.700    0.071    0.006    0.000 
1285.800    0.072    0.006    0.000 
1285.900    0.072    0.006    0.000 
1286.000    0.072    0.006    0.000 
1286.100    0.072    0.006    0.000 
1286.200    0.073    0.006    0.000 
1286.300    0.073    0.006    0.000 
1286.400    0.073    0.006    0.000 
1286.500    0.073    0.006    0.000 
1286.600    0.073    0.007    0.000 
1286.700    0.073    0.007    0.000 
1286.800    0.073    0.007    0.000 
1286.900    0.073    0.007    0.000 
1287.000    0.072    0.006    0.000 
1287.100    0.071    0.006    0.000 
1287.200    0.068    0.006    0.000 
1287.300    0.058    0.005    0.000 
1287.400    0.057    0.005    0.000 
1287.500    0.068    0.006    0.000 
1287.600    0.071    0.006    0.000 
1287.700    0.073    0.007    0.000 
1287.800    0.074    0.007    0.000 
1287.900    0.074    0.007    0.000 
1288.000    0.074    0.007    0.000 
1288.100    0.075    0.007    0.000 
1288.200    0.075    0.007    0.000 
1288.300    0.075    0.007    0.000 
1288.400    0.075    0.007    0.000 
1288.500    0.075    0.007    0.000 
1288.600    0.075    0.007    0.000 
1288.700    0.075    0.007    0.000 
1288.800    0.075    0.007    0.000 
1288.900    0.075    0.007    0.000 
1289.000    0.075    0.007    0.000 
1289.100    0.074    0.007    0.000 
1289.200    0.074    0.007    0.000 
1289.300    0.074    0.007    0.000 
1289.400    0.074    0.007    0.000 
1289.500    0.073    0.007    0.000 
1289.600    0.073    0.007    0.000 
1289.700    0.073    0.006    0.000 
1289.800    0.073    0.006    0.000 
1289.900    0.073    0.006    0.000 
1290.000    0.072    0.006    0.000 
1290.100    0.072    0.006    0.000 
1290.200    0.072    0.006    0.000 
1290.300    0.071    0.006    0.000 
1290.400    0.071    0.006    0.000 
1290.500    0.071    0.006    0.000 
1290.600    0.070    0.006    0.000 
1290.700    0.070    0.006    0.000 
1290.800    0.069    0.006    0.000 
1290.900    0.068    0.006    0.000 
1291.000    0.068    0.006    0.000 
1291.100    0.067    0.005    0.000 
1291.200    0.067    0.005    0.000 
1291.300    0.066    0.005    0.000 
1291.400    0.065    0.005    0.000 
1291.500    0.064    0.005    0.000 
1291.600    0.063    0.005    0.000 
1291.700    0.063    0.005    0.000 
1291.800    0.062    0.005    0.000 
1291.900    0.061    0.004    0.000 
1292.000    0.060    0.004    0.000 
1292.100    0.058    0.004    0.000 
1292.200    0.057    0.004    0.000 
1292.300    0.056    0.004    0.000 
1292.400    0.055    0.004    0.000 
1292.500    0.053    0.003    0.000 
1292.600    0.052    0.003    0.000 
1292.700    0.050    0.003    0.000 
1292.800    0.049    0.003    0.000 
1292.900    0.047    0.003    0.000 
1293.000    0.046    0.003    0.000 
1293.100    0.044    0.002    0.000 
1293.200    0.042    0.002    0.000 
1293.300    0.040    0.002    0.000 
1293.400    0.038    0.002    0.000 
1293.500    0.036    0.002    0.000 
1293.600    0.034    0.001    0.000 
1293.700    0.032    0.001    0.000 
1293.800    0.030    0.001    0.000 
1293.900    0.028    0.001    0.000 
1294.000    0.026    0.001    0.000 
1294.100    0.023    0.001    0.000 
1294.200    0.021    0.001    0.000 
1294.300    0.019    0.000    0.000 
1294.400    0.017    0.000    0.000 
1294.500    0.015    0.000    0.000 
1294.600    0.013    0.000    0.000 
1294.700    0.011    0.000    0.000 
1294.800    0.009    0.000    0.000 
1294.900    0.007    0.000    0.000 
1295.000    0.006    0.000    0.000 
1295.100    0.004    0.000    0.000 
1295.200    0.003    0.000    0.000 
1295.300    0.002    0.000    0.000 
1295.400    0.001    0.000    0.000 
1295.500    0.001    0.000    0.000 
1295.600    0.001    0.000    0.000 
1295.700    0.001    0.000    0.000 
1295.800    0.000    0.000    0.000 
1295.900    0.000    0.000    0.000 
1296.000    0.000    0.000    0.000 
1296.100    0.000    0.000    0.000 
1296.200    0.000    0.000    0.000 
1296.300    0.000    0.000    0.000 
1296.400    0.000    0.000    0.000 
1296.500    0.000    0.000    0.000 
1296.600    0.000    0.000    0.000 
1296.700    0.000    0.000    0.000 
1296.800    0.000    0.000    0.000 
1296.900    0.000    0.000    0.000 
1297.000    0.000    0.000    0.000 
1297.100    0.001    0.000    0.000 
1297.200    0.001    0.000    0.000 
1297.300    0.001    0.000    0.000 
1297.400    0.002    0.000    0.000 
1297.500    0.003    0.000    0.000 
1297.600    0.004    0.000    0.000 
1297.700    0.005    0.000    0.000 
1297.800    0.006    0.000    0.000 
1297.900    0.007    0.000    0.000 
1298.000    0.009    0.000    0.000 
1298.100    0.011    0.000    0.000 
1298.200    0.013    0.000    0.000 
1298.300    0.015    0.000    0.000 
1298.400    0.017    0.000    0.000 
1298.500    0.019    0.000    0.000 
1298.600    0.021    0.001    0.000 
1298.700    0.024    0.001    0.000 
1298.800    0.026    0.001    0.000 
1298.900    0.028    0.001    0.000 
1299.000    0.031    0.001    0.000 
1299.100    0.033    0.001    0.000 
1299.200    0.035    0.001    0.000 
1299.300    0.037    0.002    0.000 
1299.400    0.039    0.002    0.000 
1299.500    0.041    0.002    0.000 
1299.600    0.043    0.002    0.000 
1299.700    0.045    0.002    0.000 
1299.800    0.047    0.003    0.000 
1299.900    0.049    0.003    0.000 
1300.000    0.050    0.003    0.000 
1300.100    0.052    0.003    0.000 
1300.200    0.054    0.003    0.000 
1300.300    0.055    0.004    0.000 
1300.400    0.057    0.004    0.000 
1300.500    0.058    0.004    0.000 
1300.600    0.059    0.004    0.000 
1300.700    0.060    0.004    0.000 
1300.800    0.062    0.005    0.000 
1300.900    0.063    0.005    0.000 
1301.000    0.064    0.005    0.000 
1301.100    0.065    0.005    0.000 
1301.200    0.066    0.005    0.000 
1301.300    0.067    0.005    0.000 
1301.400    0.068    0.006    0.000 
1301.500    0.069    0.006    0.000 
1301.600    0.069    0.006    0.000 
1301.700    0.070    0.006    0.000 
1301.800    0.071    0.006    0.000 
1301.900    0.072    0.006    0.000 
1302.000    0.072    0.006    0.000 
1302.100    0.073    0.006    0.000 
1302.200    0.073    0.007    0.000 
1302.300    0.074    0.007    0.000 
1302.400    0.074    0.007    0.000 
1302.500    0.075    0.007    0.000 
1302.600    0.075    0.007    0.000 
1302.700    0.076    0.007    0.000 
1302.800    0.076    0.007    0.000 
1302.900    0.077    0.007    0.000 
1303.000    0.077    0.007    0.000 
1303.100    0.077    0.007    0.000 
1303.200    0.078    0.007    0.000 
1303.300    0.078    0.007    0.000 
1303.400    0.078    0.007    0.000 
1303.500    0.078    0.007    0.000 
1303.600    0.079    0.008    0.000 
1303.700    0.079    0.008    0.000 
1303.800    0.079    0.008    0.000 
1303.900    0.079    0.008    0.000 
1304.000    0.079    0.008    0.000 
1304.100    0.079    0.008    0.000 
1304.200    0.079    0.008    0.000 
1304.300    0.079    0.008    0.000 
1304.400    0.079    0.008    0.000 
1304.500    0.079    0.008    0.000 
1304.600    0.079    0.008    0.000 
1304.700    0.079    0.008    0.000 
1304.800    0.079    0.008    0.000 
1304.900    0.079    0.008    0.000 
1305.000    0.079    0.008    0.000 
1305.100    0.079    0.008    0.000 
1305.200    0.079    0.008    0.000 
1305.300    0.078    0.008    0.000 
1305.400    0.078    0.008    0.000 
1305.500    0.077    0.007    0.000 
1305.600    0.076    0.007    0.000 
1305.700    0.075    0.007    0.000 
1305.800    0.073    0.007    0.000 
1305.900    0.070    0.007    0.000 
1306.000    0.065    0.006    0.000 
1306.100    0.053    0.005    0.000 
1306.200    0.020    0.002    0.000 
1306.300    0.042    0.004    0.000 
1306.400    0.060    0.006    0.000 
1306.500    0.068    0.006   